Role / Company,Bullet Point,hidden_gem_score,hidden_gem_reason
Treering Yearbooks,"Authored 100+ multi-touch email campaigns for niche K-12 segments, achieving 95% open and 54% reply rates by applying Outreach.io and systematic A/B testing across 2,900+ accounts",98.0,"The combination of high-volume output with exceptionally rare, industry-defying engagement metrics (95% open/54% reply) provides immediate, quantifiable proof of elite-level expertise in email deliverability and audience segmentation."
Treering Yearbooks,"Overhauled CRM data hygiene across 2,933+ accounts, surfacing $3M+ in stale pipeline by building custom Salesforce dashboards and territory prioritization workflows to re-engage dormant districts and schools across 51 states and Canada",96.0,"The bullet combines high-stakes financial impact with precise, quantifiable operational scale and a clear demonstration of technical proficiency in solving a complex business problem."
Misc. / Unassigned,"Built the complete brand identity system for Strategy LLC from scratch, establishing a visual and content standard that has remained in active use for over 15 years",95.0,"The 15-year longevity of the work provides rare, objective proof of high-quality, timeless design and strategic foresight that far exceeds the typical impact of a branding project."
Misc. / Unassigned,Authored high-conversion email copy and personalization frameworks that achieved up to 83% open and 43% reply rates across niche audience segments,95.0,"The inclusion of specific, industry-defying performance metrics (83% open/43% reply) combined with the mention of 'personalization frameworks' demonstrates a rare, data-driven mastery of high-stakes communication."
Treering Yearbooks,"- Managed a $20M sales territory of 2,932 accounts, exceeding first-year quota by 17% and becoming the first SDR in company history to surpass the $1M sourced revenue milestone.",95.0,"The combination of high-volume account management, specific quota attainment, and a historical company-first milestone creates a powerful, data-backed narrative of exceptional performance."
Misc. / Unassigned,"Recovered $3M+ in stale Salesforce pipeline by auditing 2,933+ accounts across 565 districts to identify and prioritize unworked revenue opportunities",95.0,"The bullet combines a high-impact financial figure with granular, specific data points that demonstrate both analytical rigor and a proactive approach to revenue recovery."
Element 8 / Strategy LLC,"Built Strategy LLC's complete brand identity system from scratch, creating a visual brand framework that has remained in active use for over 15 years",95.0,"The claim of a brand identity remaining in active use for 15 years demonstrates exceptional longevity, consistency, and long-term strategic impact that is rarely seen in typical design roles."
Misc. / Unassigned,- Revenue Impact: First outbound hire to generate $1M+ in sourced closed-won (>$1.5M total contribution),95.0,"This bullet is exceptional because it establishes the candidate as a foundational 'first hire' while providing precise, high-stakes revenue attribution that proves both individual impact and scalability."
Element 8 / Strategy LLC,"Built Strategy LLC's complete brand identity system from scratch, creating a cohesive visual framework that remains in active use 15+ years after launch",95.0,"The claim of 15+ years of longevity for a brand identity system provides rare, objective proof of high-quality, timeless work and long-term organizational impact."
Element 8 / Strategy LLC,"Built the complete brand identity and visual system for Strategy LLC from scratch, establishing brand standards that remain in active use 15 years later",95.0,"The claim of 15-year longevity for a brand system is an exceptionally rare indicator of high-quality, timeless design work that provides immediate proof of long-term value and professional impact."
Element 8 / Strategy LLC,"Built the complete brand identity system for Strategy LLC from scratch, creating a visual framework that has remained in active use for over 15 years",95.0,"The claim of 15-year longevity for a brand identity system is a rare, powerful indicator of high-quality, timeless design work that demonstrates exceptional long-term value and organizational impact."
Element 8 / Strategy LLC,"Developed Strategy LLC's complete brand identity and visual system from scratch, establishing a cohesive brand voice and aesthetic that remains in active use 15+ years later",95.0,"The claim of 15+ years of longevity for a brand identity is a rare, high-signal indicator of exceptional quality, strategic foresight, and enduring professional impact."
Element 8 / Strategy LLC,"Built the complete brand identity system from scratch for Strategy LLC, establishing a visual standard that remains in active use 15 years later",95.0,"The claim of 15-year longevity for a brand identity system provides rare, powerful evidence of long-term strategic impact and design durability that far exceeds standard resume claims."
Element 8 / Strategy LLC,"Built the complete brand identity system for Strategy LLC from scratch, establishing a visual framework that remains in active use 15 years later",95.0,"The claim of 15-year longevity for a brand identity system provides rare, powerful evidence of high-quality, timeless work that transcends typical short-term project impact."
Element 8 / Strategy LLC,"Built the complete brand identity system for Strategy LLC from scratch, creating a visual framework that has remained in active use for over 15 years",95.0,"The claim of 15-year longevity for a brand identity system is a rare, powerful indicator of high-quality, timeless design work that demonstrates exceptional long-term value and organizational impact."
Element 8 / Strategy LLC,"Built Strategy LLC's complete brand identity and visual system from scratch, establishing a cohesive creative framework for digital and email campaigns that remains in active use 15+ years later",95.0,"The claim of longevity—that a brand system remains in active use after 15 years—is a rare, powerful indicator of high-quality, timeless work that provides exceptional long-term ROI for the employer."
Element 8 / Strategy LLC,"Built the complete brand identity system for Strategy LLC from scratch, establishing a visual framework that remains in active use 15 years later",95.0,"The claim of 15-year longevity for a brand identity system provides rare, objective proof of high-quality, timeless design work that transcends typical short-term project cycles."
Element 8 / Strategy LLC,"Built the complete brand identity system for Strategy LLC from scratch, establishing a visual framework that remains in active use 15 years later",95.0,"The claim of 15-year longevity for a brand identity system is a rare, powerful indicator of high-quality, timeless work that provides exceptional long-term ROI."
Element 8 / Strategy LLC,"Designed Strategy LLC's complete brand identity from scratch, creating a visual system still in active use 15 years later",95.0,"The claim of a visual system remaining in active use for 15 years provides rare, powerful evidence of long-term design durability and institutional impact that transcends typical short-term project metrics."
Treering Yearbooks,"Recovered $3M+ in stale Salesforce pipeline by executing a systematic 2,000-account data hygiene audit and re-prioritization project, enabling targeted multi-touch Outreach.io sequences that achieved a 34% reply rate.",95.0,"This bullet is exceptional because it quantifies both the financial impact of a tedious, often overlooked task (data hygiene) and the specific operational efficiency gained through a high-performing multi-touch strategy."
Element 8 / Strategy LLC,"Built the complete brand identity and visual system for Strategy LLC from scratch, establishing a design framework that remains in active use 15 years later",95.0,"The claim of a design framework remaining in active use for 15 years provides rare, powerful evidence of long-term strategic impact and foundational excellence."
Element 8 / Strategy LLC,"Built the complete brand identity system for Strategy LLC from scratch, creating a visual framework that has remained in active use for over 15 years",95.0,"The claim of a 15-year shelf life for a brand identity system is a powerful indicator of high-quality, timeless work that demonstrates exceptional long-term value and organizational impact."
Element 8 / Strategy LLC,- Recruited by the CEO of Element 8 to lead brand design at his next venture — a visual identity still in use 15 years later.,95.0,This bullet demonstrates rare high-level trust through direct recruitment by a CEO and provides powerful evidence of long-term professional impact that transcends typical project lifecycles.
Treering Yearbooks,"Led a 3-month CRM data hygiene project across 2,900+ accounts, utilizing systematic account segmentation and re-prioritization to uncover $3M+ in actionable, previously stale revenue opportunities.",95.0,"This bullet is exceptional because it quantifies both the scope of the data cleanup and the specific financial outcome, demonstrating a rare ability to turn administrative maintenance into high-impact revenue generation."
Element 8 / Strategy LLC,"- Recruited by CEO to direct full rebrand, creating positioning, messaging, and visual identity systems still in use 10+ years later",95.0,"The bullet demonstrates high-level trust through direct CEO recruitment and provides rare, long-term proof of impact by noting the work remains relevant and in use over a decade later."
Element 8 / Strategy LLC,"Built Strategy LLC's complete brand identity system from scratch, establishing a visual framework that has remained in active use for over 15 years",95.0,"The bullet demonstrates exceptional long-term impact and design durability, proving the candidate's work provided a foundational, multi-decade value to the organization."
Treering Yearbooks,"Authored 100+ high-performing email campaigns and collateral for educators and district admins, achieving a 74% open rate and 22% reply rate in targeted PTA council sequences",95.0,"The inclusion of specific, exceptionally high engagement metrics (74% open rate and 22% reply rate) in a niche B2B education sector demonstrates rare, high-level copywriting and audience-targeting proficiency."
Inside Sales Team,"Optimized a 2,933-account CRM pipeline by auditing data quality and territory strategy, surfacing $3M+ in stale opportunities for targeted re-engagement",95.0,"The use of a precise, non-rounded figure (2,933) combined with a clear methodology (auditing data/territory) and a high-value outcome ($3M+) demonstrates exceptional analytical rigor and proactive revenue recovery."
Element 8 / Strategy LLC,"Built Strategy LLC's complete brand identity and visual system from scratch, establishing a cohesive design standard that remains in active use 15+ years later",95.0,"The claim of longevity—a design system remaining in active use for 15+ years—is a powerful indicator of high-quality, timeless work that transcends typical short-term project cycles."
Treering Yearbooks,"Optimized Salesforce and Outreach.io workflows by mapping complex CRM variables, resulting in the identification and recovery of $3M+ in stale pipeline across 2,933 accounts.",95.0,"This bullet is exceptional because it quantifies both the technical complexity of the CRM mapping and the massive financial impact of the recovery, demonstrating a rare blend of operational efficiency and revenue generation."
Treering Yearbooks,"Architected a Salesforce-synced account prioritization system to monitor 2,933+ accounts across 565 districts, surfacing $3M+ in stale pipeline for targeted recovery.",95.0,"The bullet combines precise technical implementation with a specific, high-value financial outcome, demonstrating both architectural skill and direct revenue impact."
Treering Yearbooks,"- Optimized automated email sequences utilizing strategic copywriting and dynamic content personalization, achieving up to 83% open rates and 43% reply rates across a $20M portfolio of 2,900+ B2B accounts.",95.0,"The bullet combines high-level financial scope, specific account volume, and exceptionally rare engagement metrics that demonstrate both technical proficiency and high-stakes business impact."
Treering Yearbooks,"Architected a 16-sequence, 6-persona campaign program informed by 181 pages of VOC research, resulting in a 63% average open rate across 3,337 prospects",95.0,"The bullet demonstrates exceptional analytical rigor by quantifying the depth of research (181 pages) and the complexity of the execution (16-sequence, 6-persona) to justify the impressive 63% open rate."
Treering Yearbooks,"Architected 129+ lifecycle sequences in Outreach.io, achieving a 63% average open rate across 3,337 prospects by implementing advanced variable logic and behavioral segmentation.",95.0,"This bullet is exceptional because it quantifies both the scale of technical execution and the specific high-level performance outcomes, demonstrating a rare mastery of CRM automation and data-driven segmentation."
Treering Yearbooks,"- Generated 62% reply rates on high-intent demo request campaigns, converting warm prospects into $874K in closed revenue with an average deal cycle reduction of 25%.",95.0,"This bullet is exceptional because it links specific high-intent outreach metrics to both top-line revenue growth and operational efficiency through deal cycle reduction, providing a complete narrative of commercial impact."
Treering Yearbooks,"Recovered $3M+ in stale pipeline by auditing 2,933 Salesforce accounts across 565 districts via a custom-built monitoring workbook to improve forecasting accuracy",95.0,The bullet combines high-impact financial recovery with extreme specificity regarding the scope of work and the technical methodology used to achieve it.
Treering Yearbooks,"Audited 2,933+ Salesforce accounts across 565 districts to identify $3M+ in stale pipeline using a self-built CRM error monitoring and prioritization workbook",95.0,This bullet demonstrates high-level analytical rigor and technical initiative by quantifying the exact scope of work while highlighting a self-built tool that directly recovered significant revenue.
Treering Yearbooks,"Managed a $15.1M account portfolio of 2,263 schools using a self-built Salesforce-integrated tracking system and Google Earth mapping to prioritize outreach across 100+ districts",95.0,"The bullet combines high-level financial responsibility with a unique, self-engineered technical solution that demonstrates both initiative and cross-platform proficiency."
Treering Yearbooks,"Orchestrated cross-functional CRM campaigns in Salesforce and Outreach.io for a 6-person SDR team, driving a 34% reply rate on in-contract sequences and recovering $3M+ in stale pipeline (2022–2023).",95.0,"The bullet combines specific technical stack proficiency with a high-impact, quantifiable revenue recovery figure that directly demonstrates both leadership and bottom-line business value."
Treering Yearbooks,"Architected a Salesforce-synced account prioritization system and custom dashboards to surface $3M+ in stale pipeline across 2,933 accounts, improving targeting and territory management for 100+ districts",95.0,"The bullet combines high-level technical architecture with precise, granular metrics that demonstrate both the scale of the problem and the tangible financial impact on the organization."
Treering Yearbooks,"Recovered $3M+ in stale pipeline by auditing 2,933+ Salesforce accounts across 565 districts to improve forecasting accuracy and pipeline health",95.0,"The bullet combines a high-impact financial figure with precise, granular data points that demonstrate both technical proficiency in CRM hygiene and strategic business impact."
Treering Yearbooks,"Authored tailored email campaigns for Title 1 and budget-constrained school segments, achieving a 95% open and 54% reply rate through segment-specific personalization.",95.0,"The combination of targeting a niche, underserved market segment with exceptionally high, verifiable engagement metrics makes this a standout example of strategic, high-impact marketing."
Treering Yearbooks,"Authored 100+ email campaigns across niche segments, achieving a 95% open rate and 54% reply rate in private school sequences through personalized, multi-touch sequencing strategies",95.0,"The combination of high-volume output with exceptionally rare, verified engagement metrics (95% open/54% reply) demonstrates elite-level mastery of targeted communication and strategic segmentation."
Treering Yearbooks,"Systematized the sales enablement library, rebuilding 16 sequences across 6 personas using 181 pages of VOC feedback and a 14-category QA checklist",95.0,"The inclusion of specific data points like '181 pages of VOC feedback' and a '14-category QA checklist' provides rare, tangible evidence of a rigorous, data-driven process that elevates this from a standard task to a high-impact strategic achievement."
Treering Yearbooks,"Audited 2,933 Salesforce accounts to identify an estimated $3M+ in stale pipeline, building custom dashboards and cleanup workflows to operationalize a new specialized research role.",95.0,This bullet is exceptional because it quantifies both the audit scope and the massive financial impact while demonstrating high-level operational strategy and the creation of a new business function.
Treering Yearbooks,"Integrated Outreach.io with Salesforce and audited CRM data to identify $3M+ in stale pipeline while launching lifecycle-aware sequences that sourced $1M+ in revenue."" (24 words).",95.0,"This bullet is exceptional because it demonstrates a rare combination of technical CRM architecture, data hygiene, and direct revenue attribution, moving beyond simple sales activity to show strategic pipeline recovery."
Treering Yearbooks,"Architected Salesforce dashboards and a G-Connector-synced prioritization system to audit 2,933+ accounts, identifying $3M+ in stale pipeline for re-engagement and territory optimization across 565 districts",95.0,"This bullet is exceptional because it combines technical stack proficiency with a highly specific, high-stakes financial outcome and a clear operational methodology."
Treering Yearbooks,"Architected a Salesforce-synced account prioritization system for 2,933+ accounts, enabling targeted segmentation that recovered $3M+ in stale pipeline through systematic data hygiene and re-prioritization workflows",95.0,"The bullet combines a precise, non-standard metric with a clear technical architecture and a high-value financial outcome, demonstrating both strategic thinking and operational execution."
Treering Yearbooks,"Audited Salesforce CRM data to identify $3M+ in stale pipeline, then engineered targeted reactivation sequences that re-engaged dormant accounts through systematic territory re-prioritization and personalized outreach campaigns across 2,933+ records",95.0,"This bullet is exceptional because it quantifies both the massive financial impact of the audit and the precise scale of the operational execution, demonstrating a rare blend of analytical rigor and strategic sales operations."
Treering Yearbooks,"Architected Salesforce-synced account prioritization and segmentation workflows, recovering $3M+ in stale pipeline and standardizing Outreach.io engagement across 2,900+ accounts for a 20-person SDR team.",95.0,This bullet is exceptional because it quantifies a specific financial recovery ($3M) while demonstrating technical orchestration between two major platforms (Salesforce and Outreach) to drive measurable operational efficiency.
Treering Yearbooks,"Architected a Salesforce data hygiene and account prioritization framework using G-Connector and custom reporting, surfacing $3M+ in stale pipeline and enabling re-engagement for 2,000+ high-value accounts.",95.0,This bullet is exceptional because it quantifies the financial impact of a technical process improvement while demonstrating the ability to turn 'dead' data into a high-value revenue recovery strategy.
Treering Yearbooks,"Engineered Outreach.io logic-based campaigns for 2,000+ prospects, achieving a 34% reply rate in high-intent segments and systematically recovering $3M+ in stale Salesforce pipeline over 18 months.",95.0,"The bullet combines technical proficiency in sales automation with a massive, quantifiable revenue recovery figure, demonstrating both strategic depth and direct bottom-line impact."
Treering Yearbooks,"Architected Salesforce-synced account prioritization dashboards to audit 2,900+ stale records, surfacing $3M+ in dormant pipeline for re-engagement and targeted outreach campaigns across 500+ districts",95.0,"This bullet demonstrates high-level technical architecture, precise data-driven impact, and a clear understanding of revenue operations, making it an exceptional example of turning stagnant data into tangible financial results."
Treering Yearbooks,"Architected Salesforce dashboards to monitor persona-based conversion and sequence performance, driving a 113% revenue increase by identifying $3M+ in stale pipeline for systematic re-prioritization",95.0,"This bullet is exceptional because it connects technical architecture (Salesforce dashboards) to a specific, high-stakes business outcome ($3M in recovered pipeline) with a precise, quantifiable revenue impact."
Treering Yearbooks,"Architected a Salesforce-synced account prioritization system that identified $3M+ in stale pipeline, enabling the team to re-engage 2,933+ dormant accounts through targeted, segment-specific Outreach sequences",95.0,"This bullet is exceptional because it connects technical architecture (Salesforce sync) to specific financial impact ($3M+) and granular operational execution (2,933 accounts), demonstrating a rare blend of strategy and tactical follow-through."
Treering Yearbooks,"Architected 129+ Outreach sequences and Salesforce workflows, driving a 63% average open rate across 3,337 prospects and recovering $3M+ in stale pipeline through systematic CRM data hygiene",95.0,"The bullet combines high-volume technical architecture with a rare, quantifiable financial recovery metric, demonstrating both strategic CRM mastery and direct bottom-line impact."
Treering Yearbooks,"Audited 2,933+ CRM records across 565 districts, identifying $3M+ in stale pipeline and building custom Salesforce dashboards to operationalize territory re-prioritization for a new research role",95.0,"This bullet is exceptional because it quantifies the scope of data hygiene, links it directly to a massive financial impact ($3M), and demonstrates the technical initiative to build tools that operationalize strategic change."
Treering Yearbooks,"Authored 100+ email campaigns for niche segments, achieving up to 95% open and 54% reply rates through rigorous A/B testing and audience segmentation",95.0,"The combination of high-volume output with exceptionally rare, verified engagement metrics (95% open/54% reply) demonstrates elite-level mastery of email marketing and audience targeting."
Treering Yearbooks,"Launched a data-driven research function that audited 2,933+ stale Salesforce records, recovering $3M+ in pipeline and establishing new KPIs for account prioritization and CRM data hygiene.",95.0,"The bullet combines a highly specific, non-trivial volume of work with a massive, quantifiable financial impact and a clear demonstration of strategic process improvement."
Treering Yearbooks,"Launched a dedicated research function to audit Salesforce data, recovering $3M+ in stale pipeline and driving a 42% lift in peer-level lead conversion through systematic account re-prioritization.",95.0,"This bullet is exceptional because it demonstrates a rare ability to identify systemic operational inefficiencies and quantifies the massive financial impact of 'cleaning' data, which is a high-value skill often overlooked by candidates."
Treering Yearbooks,"Established cross-functional content governance and a 100+ asset sequence library, driving a 54% reply rate in high-priority segments within 12 months, far exceeding industry-standard 1–3% benchmarks.",95.0,"The bullet demonstrates exceptional strategic impact by benchmarking against industry standards and providing a highly specific, quantifiable result that proves mastery over complex content operations."
Treering Yearbooks,"Engineered Salesforce data hygiene workflows and custom reporting dashboards to audit 2,900+ accounts, systematically uncovering $3M+ in stale, unworked pipeline for immediate sales re-engagement.",95.0,"This bullet is exceptional because it quantifies both the scope of the data audit and the specific, high-value financial impact of the recovery, demonstrating a rare blend of technical Salesforce proficiency and direct revenue-generating business acumen."
Treering Yearbooks,"Orchestrated high-conversion lifecycle campaigns in Outreach.io and Salesforce, driving a 54% reply rate for private schools and 39% for priority districts, directly contributing to $874K+ in sourced revenue.",95.0,"The bullet provides exceptional specificity by segmenting performance metrics across distinct target audiences while directly attributing a precise, high-value revenue impact to the candidate's technical execution."
Treering Yearbooks,"Executed a systematic Salesforce audit of 2,900+ stale accounts, resolving data hygiene issues to recover $3M+ in pipeline and implementing automated dashboards to track ongoing lead quality.",95.0,"This bullet is exceptional because it quantifies both the scope of the cleanup and the direct financial impact, demonstrating a rare combination of technical data hygiene skills and high-level revenue recovery."
Treering Yearbooks,"Audited Salesforce data to recover $3M+ in stale pipeline across 2,933 accounts, executing targeted reactivation sequences that converted dormant leads into active sales opportunities at a 34% reply rate.",95.0,"This bullet is exceptional because it quantifies both the financial recovery and the operational efficiency of the reactivation strategy with highly specific, granular data points."
Treering Yearbooks,"Recovered $3M+ in stale pipeline by auditing 2,900+ accounts and deploying targeted re-engagement sequences, driving a 42% increase in peer-level conversion efficiency.",95.0,"This bullet is exceptional because it combines a high-impact financial outcome with specific volume metrics and a clear demonstration of analytical process, moving beyond simple sales quotas to show strategic pipeline management."
Treering Yearbooks,"Recovered $3M+ in stale Salesforce pipeline by building a systematic data-hygiene audit and re-prioritization model that identified 2,933+ unworked accounts for targeted re-engagement.",95.0,"This bullet is exceptional because it quantifies both the financial impact and the specific operational mechanism used to achieve it, demonstrating high-level analytical problem-solving rather than just task completion."
Treering Yearbooks,"Revitalized Salesforce pipeline by building a custom account prioritization system, uncovering $3M+ in stale opportunities and enabling systematic re-engagement of 2,900+ dormant accounts.",95.0,"This bullet demonstrates high-level strategic impact by quantifying both the financial recovery and the specific scale of operational efficiency, moving beyond simple task completion to show business-critical problem solving."
Treering Yearbooks,"Engineered automated CRM dashboards and G-Connector workflows to monitor 129+ sequence performance, directly enabling the identification and recovery of $3M+ in stale pipeline through systematic data hygiene.",95.0,"This bullet is exceptional because it quantifies both the technical complexity of the automation and the specific, high-value financial impact of recovering stale pipeline through data hygiene."
Treering Yearbooks,"Engineered 100+ A/B tested Outreach.io sequences for K-12 segments, achieving a 34% reply rate on 'In-Contract' campaigns and surfacing $3M+ in stale pipeline through systematic CRM data hygiene.",95.0,"This bullet demonstrates a rare combination of high-volume technical experimentation, specific conversion metrics, and the ability to turn 'dead' data into significant revenue, which is a highly sought-after skill in revenue operations."
Treering Yearbooks,"Audited Salesforce data to identify $3M+ in dormant pipeline, then executed a systematic 2023 re-entry campaign that revitalized 34% of stale accounts into active sales opportunities.",95.0,This bullet demonstrates high-level analytical initiative by quantifying both the dormant asset value and the specific conversion success rate of a strategic recovery campaign.
Treering Yearbooks,"Optimized outreach for 565 districts by building segment-specific email sequences, achieving a 54% reply rate in private school segments and identifying $3M+ in stale pipeline for re-engagement.",95.0,"The bullet combines high-volume operational scale with specific, high-impact metrics—a 54% reply rate and $3M in recovered pipeline—that demonstrate both technical proficiency and direct revenue attribution."
Treering Yearbooks,"Orchestrated the Salesforce-Outreach.io integration for 20+ users, standardizing SDR workflows and enabling a systematic CRM audit that recovered $3M+ in stale pipeline within six months.",95.0,"This bullet is exceptional because it quantifies a massive financial recovery ($3M+) resulting from a specific technical integration, demonstrating both operational leadership and direct bottom-line impact."
Treering Yearbooks,"Recovered $3M+ in stale pipeline over 18 months by architecting systematic CRM data hygiene and implementing Outreach.io conditional logic to re-engage 2,900+ dormant accounts.",95.0,"This bullet is exceptional because it quantifies both the financial recovery and the specific technical methodology used to achieve it, demonstrating a rare blend of sales operations strategy and CRM automation expertise."
Treering Yearbooks,"Recovered $3M+ in stale pipeline over 12 months by auditing 2,900+ Salesforce accounts and deploying automated data-hygiene workflows to prioritize high-propensity districts based on school calendar timing.",95.0,This bullet demonstrates high-level strategic thinking by combining financial impact with specific technical execution and a sophisticated understanding of the sales cycle's temporal constraints.
Treering Yearbooks,"Recovered $3M+ in stale Salesforce pipeline by architecting a custom account-prioritization system and auditing 2,900+ records, directly enabling targeted re-engagement and improved territory coverage across 565 districts.",95.0,"This bullet is exceptional because it quantifies both the financial impact and the granular operational effort required to achieve it, demonstrating a rare blend of strategic architecture and hands-on data hygiene."
Treering Yearbooks,"Standardized high-conversion handoff processes in Salesforce and Outreach.io by authoring 100+ email sequences and training 20+ staff, lifting 'In-Contract' sequence reply rates to 34% (vs. 5% baseline).",95.0,This bullet is exceptional because it quantifies a massive performance delta (nearly 7x improvement) while demonstrating cross-functional leadership in both technical systems and team enablement.
Treering Yearbooks,"Authored 100+ targeted email campaigns for K–12 educators, utilizing rigorous A/B testing and segmentation to achieve a 54% reply rate in private school segments and $874K+ in sourced revenue.",95.0,"The bullet combines high-volume output with specific, high-stakes metrics like a 54% reply rate and exact revenue attribution, demonstrating both technical rigor and direct business impact."
Mercor,"Audited Salesforce and Outreach.io data over a six-month period, uncovering $3M+ in stale pipeline and re-engaging 2,000+ accounts through targeted nurture sequences that achieved a 34% average reply rate.",95.0,"This bullet is exceptional because it quantifies both the financial impact of data hygiene and the specific operational efficiency of the re-engagement strategy with impressive, verifiable metrics."
Treering Yearbooks,"Spearheaded a CRM data hygiene initiative and built custom Salesforce dashboards to audit 2,900+ stale accounts, successfully surfacing $3M+ in previously unworked pipeline for the sales team.",95.0,"This bullet is exceptional because it quantifies the transformation of 'dead' data into a massive, specific revenue opportunity, demonstrating both technical CRM proficiency and direct bottom-line impact."
Callahan Creek,"Developed a comprehensive brand identity system for Strategy LLC, creating a unified visual language for print and digital assets that remains in active use 15+ years later",95.0,"The claim of a brand identity remaining in active use for over 15 years is a rare, powerful indicator of long-term design efficacy and high-level strategic durability."
Zales,"Administered Salesforce CRM data hygiene and re-prioritization audits to recover $3M+ in stale pipeline across 2,933 accounts and 565 districts",95.0,"This bullet is exceptional because it quantifies the financial impact of a typically overlooked administrative task, demonstrating both technical proficiency in CRM management and a direct contribution to revenue recovery."
Element 8 / Strategy LLC,"Built the complete brand identity system for Strategy LLC, creating a visual framework that remains in active use 15 years later",95.0,"The mention of a 15-year longevity for a brand identity system provides rare, objective proof of high-quality, timeless work that transcends typical short-term project cycles."
Element 8 / Strategy LLC,"Developed Strategy LLC's complete brand identity and visual system from scratch, creating a cohesive brand voice and design framework that remains in active use 15+ years later",95.0,"The claim of longevity—that a brand system remains in active use after 15 years—is a rare, powerful indicator of high-quality, timeless work that transcends typical short-term project cycles."
Treering Yearbooks,- Led comprehensive CRM audit that surfaced $3M+ in untapped pipeline by identifying miscategorized records.,95.0,"This bullet demonstrates high-level analytical impact by quantifying a massive financial recovery through a specific, non-obvious operational improvement."
Treering Yearbooks,"- Led a comprehensive Salesforce audit and data integrity project, cleansing and restructuring the database of 2,000+ accounts to uncover and reactivate $3M+ in dormant pipeline opportunities.",95.0,"This bullet is exceptional because it quantifies the direct financial impact of a typically 'invisible' administrative task, demonstrating both technical database proficiency and high-level revenue generation."
Treering Yearbooks,"Systematized CRM data hygiene and account re-prioritization to recover $3M+ in stale pipeline across 2,933 accounts, enabling targeted re-engagement campaigns.",94.0,"The bullet combines a high-level strategic initiative with precise, granular metrics that demonstrate both the scale of the problem and the exact financial impact of the solution."
Treering Yearbooks,"Architected a Salesforce-synced account prioritization system to audit 2,933+ stale records, identifying $3M+ in pipeline and enabling targeted segmentation for high-propensity school districts",94.0,"The bullet combines precise technical implementation with a specific, high-value financial outcome and a clear strategic methodology, demonstrating both operational efficiency and revenue impact."
Treering Yearbooks,"- Maintained direct ownership of a $20M, 2,932-account portfolio to stay grounded in front-line rep challenges and inform enablement strategy with real-world customer insights.",92.0,This bullet demonstrates a rare 'servant leadership' approach by quantifying the massive scale of the portfolio while explicitly linking front-line operational work to high-level strategic enablement.
Treering Yearbooks,"- Led CRM audit that uncovered $3M+ in hidden pipeline; created reports, dashboards, and workflows for more accurate targeting.",92.0,This bullet is exceptional because it quantifies a massive financial impact ($3M+) while demonstrating a rare ability to turn technical data hygiene into direct revenue growth.
Treering Yearbooks,"- Led CRM audit that uncovered $3M+ in pipeline; cleaned records, refined filters, and built dashboards to drive insights.",92.0,"This bullet is exceptional because it quantifies a massive financial impact ($3M+) resulting from a specific, actionable technical audit rather than just listing general CRM maintenance duties."
Treering Yearbooks,"- Led CRM audit uncovering $3M+ in pipeline opportunity; restructured filters, dashboards, and reporting flows.",92.0,"This bullet is exceptional because it quantifies a massive financial impact resulting from a specific, high-level operational audit rather than just listing routine CRM maintenance."
Element 8 / Strategy LLC,"Built Strategy LLC's complete brand identity and visual system from scratch, establishing a cohesive brand presence that remains in active use 15+ years later",92.0,"The claim of 15-year longevity for a brand identity is a rare, high-signal indicator of design excellence, strategic foresight, and enduring business impact."
Element 8 / Strategy LLC,"Built Strategy LLC's complete brand identity and visual system from scratch, establishing a cohesive brand presence that remained in active use for over 15 years",92.0,"The claim of a brand identity remaining active for 15 years is a rare, high-signal indicator of long-term design durability and strategic foresight that transcends typical short-term project metrics."
Element 8 / Strategy LLC,"Developed the complete brand identity system for Strategy LLC, establishing a visual framework that remains in active use 15 years later",92.0,"The mention of a 15-year lifespan for a brand identity system provides rare, powerful evidence of long-term strategic impact and design durability that far exceeds typical resume claims."
Treering Yearbooks,"- Managed $20M portfolio spanning 2,932 accounts and improved engagement rates to 2.98%, almost triple the industry standard.",92.0,"The bullet combines high-level financial responsibility with granular account volume and a specific, benchmarked performance metric that clearly demonstrates outsized impact."
Misc. / Unassigned,"Built the complete visual brand identity system for Strategy LLC from the ground up, creating a cohesive cross-channel presence that remains in active use 15+ years later",92.0,"The claim of longevity—that the work remains in active use 15+ years later—is a rare, powerful indicator of high-quality, timeless design and long-term brand stability."
Treering Yearbooks,"- Uncovered $3M+ in out-of-date accounts in Salesforce, directly expanding the pipeline and revitalizing major sales opportunities.",92.0,"This bullet demonstrates high-level data hygiene impact by quantifying a massive financial recovery from dormant assets, which is a rare and highly valued skill in sales operations."
Treering Yearbooks,"- Recognized as the first outbound employee to surpass $1M in sourced revenue, exceeding first-year target by 17%.",92.0,"The bullet establishes a unique historical benchmark ('first outbound employee') while providing concrete, high-impact financial metrics that demonstrate exceptional performance relative to expectations."
Treering Yearbooks,"- Achieved 62% reply rates on demo request campaigns by employing targeted messaging and strategic drip campaign methodologies, contributing over $1.5M in closed revenue.",92.0,"The combination of a highly specific, industry-leading reply rate metric paired with a direct, quantifiable contribution to closed revenue makes this an exceptionally strong and credible achievement."
Treering Yearbooks,- Captured over $1M in revenue by refining email sequences that later served as foundational templates for a 20+ person team.,92.0,"This bullet effectively combines a high-impact financial metric with evidence of leadership and scalability, demonstrating that the candidate's work became the organizational standard."
Treering Yearbooks,"- Oversaw a $20M sales territory of 2,932 accounts and achieved a 2.98% engagement rate, nearly tripling the industry standard.",92.0,"The bullet combines high-level financial responsibility with a specific, benchmarked performance metric that demonstrates industry-leading expertise."
Treering Yearbooks,"- Drove lead generation, becoming the first outbound employee in company to convert prospects into $1.5M+ in closed revenue.",92.0,"The bullet highlights a rare 'first-of-its-kind' achievement that demonstrates both entrepreneurial initiative and a high-impact, quantifiable revenue contribution."
Misc. / Unassigned,"Designed and launched a complete brand identity system for Strategy LLC, establishing a cohesive visual language and brand standards that remain in active use 15 years later",92.0,"The claim of longevity (15 years of active use) provides rare, powerful evidence of the candidate's work having enduring strategic value and timeless design quality."
Treering Yearbooks,- Uncovered $3M+ in dormant pipeline through systematic CRM analysis and targeted reactivation campaigns,92.0,"This bullet is a standout because it quantifies a massive financial impact while highlighting a specific, proactive methodology (CRM analysis and reactivation) that demonstrates high-level strategic thinking."
Treering Yearbooks,"- Managed a $20M sales territory of 2,932 accounts, achieving a 2.98% engagement rate — nearly triple the industry standard of 1%.",92.0,"The bullet provides high-level financial scope, precise account volume, and a benchmarked performance metric that proves superior industry standing."
Treering Yearbooks,- Identified and reactivated a dormant $3M+ pipeline through data analysis and targeted email marketing campaigns,92.0,"This bullet is highly impressive because it quantifies a massive revenue impact while demonstrating a rare ability to turn 'dead' assets into active capital through a specific, repeatable methodology."
Treering Yearbooks,"- Led a CRM-focused audit that surfaced $3M+ in untapped pipeline, revealing miscategorized records and outdated outreach assets while building clearer reporting dashboards.",92.0,"This bullet is exceptional because it demonstrates high-level analytical rigor, quantifies a massive financial impact, and highlights the ability to fix systemic operational inefficiencies rather than just performing routine tasks."
Treering Yearbooks,- Sourced $1M+ in revenue (first SDR in company history) through strategic content development and performance calibration enabling 17% quota overachievement.,92.0,"The bullet combines a rare 'first-ever' historical milestone with specific revenue attribution and a sophisticated mention of performance calibration, signaling high-level strategic thinking beyond standard sales metrics."
Treering Yearbooks,- Shipped persona-split cadences with variable statements that drove 20–30%+ replies on top segments and 12–15 meetings in the first 30 days,92.0,"This bullet demonstrates high-level technical proficiency in personalized marketing automation and provides concrete, time-bound results that directly correlate strategy to revenue-generating activity."
Treering Yearbooks,"- Secured a statewide promotion opportunity through the Georgia PTA, expanding reach across 2,200+ public schools.",92.0,"This bullet demonstrates high-level strategic partnership development and quantifies massive scale, moving beyond simple sales tasks to show systemic market expansion."
Treering Yearbooks,- Recognized as the first outbound hire to surpass $1M in sourced revenue; exceeded first-year target by 17%.,92.0,"The bullet provides a rare, high-stakes benchmark by framing the candidate as the 'first' to hit a major revenue milestone, which effectively establishes them as a top-tier performer and a foundational asset."
Treering Yearbooks,"Led a CRM data hygiene initiative that identified $3M+ in stale pipeline, building custom Salesforce dashboards and automated outreach workflows to re-engage 2,900+ dormant accounts.",92.0,"This bullet is exceptional because it quantifies both the financial impact of 'dead' data and the specific technical execution used to recover it, demonstrating a rare blend of operational rigor and revenue-focused strategy."
Treering Yearbooks,"Launched a specialized research function and CRM audit, recovering $3M+ in stale pipeline within 6 months by implementing systematic data hygiene and prioritized re-engagement workflows.",92.0,"This bullet demonstrates high-level strategic impact by quantifying a massive financial recovery through a specific, repeatable operational process rather than just listing general sales duties."
Treering Yearbooks,"Architected a cross-functional sales enablement system, integrating Salesforce and Outreach.io to standardize 129+ sequences, resulting in a 34% reply rate for high-value 'In-Contract' campaigns.",92.0,"This bullet is a standout because it quantifies both the technical complexity of the integration and the specific, high-impact business outcome of the resulting sales efficiency."
Treering Yearbooks,"Authored Treering’s official COVID-19 response flyer, securing homepage placement that clarified policy for thousands of schools and reduced inbound support volume by an estimated 20%.",92.0,"This bullet demonstrates high-level cross-functional impact by linking a specific creative output to a measurable reduction in operational overhead, which is a rare and highly valued skill set."
Treering Yearbooks,"Founded a cross-functional Content Committee to govern brand voice and sequence strategy, training 20+ staff on QA processes that improved the 'In-Contract' email sequence to a 34% reply rate.",92.0,"This bullet demonstrates high-level organizational leadership, cross-functional influence, and a specific, high-impact metric that directly ties process improvement to revenue-generating outcomes."
Treering Yearbooks,"Architected a Salesforce-based research and reporting infrastructure, enabling systematic account segmentation that surfaced $3M+ in stale pipeline and optimized SDR territory prioritization for 1,500+ accounts.",92.0,"This bullet demonstrates high-level architectural thinking combined with a direct, quantifiable financial impact on sales operations, which is a rare and highly valuable intersection of technical and business acumen."
Treering Yearbooks,"Architected and executed high-performing email sequences for niche K–12 segments, achieving a 34% reply rate on 'In-Contract' campaigns and 54% on private school outreach through personalized, multi-touch sequencing.",92.0,"The bullet provides highly specific, industry-relevant metrics (34% and 54% reply rates) that demonstrate exceptional mastery of niche segmentation and high-conversion outreach strategies."
Treering Yearbooks,"Engineered an ABM pilot for Adobe eSign by leveraging persona-based research and Salesforce data, resulting in a 22% reply rate and identifying $3M+ in stale pipeline opportunities.",92.0,"This bullet is exceptional because it demonstrates a sophisticated intersection of sales operations, data-driven strategy, and high-impact revenue recovery, moving beyond simple lead generation to show tangible financial impact."
Treering Yearbooks,"Founded the cross-functional Content Committee to govern brand voice and sequence strategy, resulting in a 34% reply rate for core nurture campaigns across 100+ niche audience segments.",92.0,"This bullet demonstrates high-level organizational leadership and strategic governance while providing a precise, impressive quantitative outcome across a complex, multi-segment audience."
Treering Yearbooks,"Centralized 1,900+ customer-voice assets into a searchable library, reducing proof-gathering time and lifting reply rates to 34%—a significant improvement over the 5% baseline for similar sequences.",92.0,"This bullet is exceptional because it quantifies both the operational efficiency gain and the specific conversion impact, providing a clear 'before-and-after' comparison against a defined baseline."
Treering Yearbooks,"Engineered high-performing lifecycle sequences in Outreach.io using behavioral segmentation and A/B testing, achieving a 54% reply rate on private school campaigns and sourcing $1M+ in pipeline revenue.",92.0,"The bullet combines specific technical tooling, sophisticated methodology, and a high-impact, quantifiable revenue outcome that directly demonstrates ROI."
Treering Yearbooks,"Optimized lifecycle campaigns in Outreach.io by A/B testing subject lines and send windows, increasing private school segment reply rates to 54%—a 35% lift over baseline principal outreach.",92.0,"The bullet provides a highly specific metric, identifies a niche target audience, and clearly quantifies the delta against a relevant baseline, demonstrating sophisticated data-driven decision-making."
Mercor,"Architected a 100+ sequence library in Outreach.io, leveraging Salesforce segmentation to deliver highly personalized messaging that achieved a 54% reply rate within targeted Private School and Title 1 segments.",92.0,"This bullet demonstrates high-level technical orchestration, specific platform expertise, and an exceptionally high conversion metric that proves both strategic thinking and tangible business impact."
Treering Yearbooks,"Standardized campaign QA by implementing a 14-category checklist and conditional logic framework in Outreach.io, reducing error rates and ensuring 100% alignment with brand voice across 1,920+ templates.",92.0,"The bullet demonstrates high-level operational rigor by quantifying the scale of the audit (1,920+ templates) and detailing the specific technical framework used to solve a complex quality control problem."
Treering Yearbooks,"Standardized brand voice and editorial strategy across 100+ email campaigns, establishing a team-wide benchmark that achieved a 34% reply rate on high-value 'In-Contract' sequences for 2,000+ accounts.",92.0,"The bullet combines high-level strategic leadership with a rare, highly impressive quantitative metric (34% reply rate) that demonstrates direct revenue-driving impact."
Treering Yearbooks,"Designed and executed multi-touch email sequences for niche K-12 segments, achieving a 38% reply rate across 751 support staff and 32% across 804 teachers using Outreach.io.",92.0,"The bullet provides highly specific, granular data points that demonstrate both technical proficiency with Outreach.io and a sophisticated understanding of audience segmentation and conversion metrics."
Treering Yearbooks,"Architected 62 multi-touch sequences in Outreach.io for niche K–12 segments, achieving a 34% reply rate on high-value accounts and driving team-wide adoption of standardized messaging frameworks.",92.0,"This bullet is exceptional because it combines technical platform mastery with specific, high-impact metrics and demonstrates leadership through the institutionalization of best practices."
Treering Yearbooks,"Architected Outreach.io and Salesforce API integrations to automate lead synchronization, reducing manual data entry and enabling the systematic re-engagement of $3M+ in stale pipeline accounts.",92.0,"This bullet effectively bridges the gap between technical implementation and high-stakes revenue recovery, demonstrating both engineering proficiency and direct business impact."
Treering Yearbooks,"Audited Salesforce data over 6 months to identify stale pipeline, recovering $3M+ in unworked accounts and driving a 34% reply rate on high-intent 'In-Contract' sequences.",92.0,"This bullet demonstrates high-level analytical rigor by connecting a specific operational audit to a massive, quantifiable revenue recovery and a precise conversion metric."
Treering Yearbooks,"Optimized campaign performance by analyzing Salesforce and Outreach.io data to identify engagement gaps, leading to a sequence rebuild that improved principal reply rates from 5% to 34%.",92.0,"This bullet is exceptional because it explicitly names the tech stack, identifies a specific analytical process, and provides a dramatic, quantifiable improvement in a key performance metric."
Treering Yearbooks,"Recovered $3M+ in stale Salesforce pipeline over 18 months by executing a systematic CRM data hygiene and re-prioritization project, while chairing a cross-functional Content Committee that standardized sequence governance.",92.0,This bullet demonstrates high-level strategic impact by quantifying a massive revenue recovery while simultaneously highlighting rare cross-functional leadership and governance skills.
Mercor,"Architected a library of 100+ multi-touch sequences in Outreach.io and Salesforce, leveraging variable logic and segmentation to achieve a 54% reply rate within high-priority target segments.",92.0,"This bullet is a standout because it quantifies both the scale of the technical infrastructure built and the specific, high-impact business outcome achieved, demonstrating a rare blend of operational rigor and sales performance."
Treering Yearbooks,"Founded a cross-functional Content Committee to govern brand voice and QA, standardizing 1,920+ email templates and achieving a 34% reply rate on core sequences within the 2022 season.",92.0,"The bullet demonstrates high-level organizational leadership by quantifying both the scale of the governance project and the direct, data-backed impact on engagement metrics."
Treering Yearbooks,"Developed a Salesforce-integrated prioritization system using G-Connector to audit 2,900+ accounts, uncovering $3M+ in stale pipeline and enabling data-driven re-engagement campaigns.",92.0,"This bullet is exceptional because it quantifies a massive financial impact ($3M) while detailing the specific technical stack (Salesforce, G-Connector) used to solve a complex operational inefficiency."
Treering Yearbooks,"Engineered 60+ Outreach.io sequences using behavioral triggers and variable logic, achieving a 39% reply rate on cold principal outreach and maintaining 98% deliverability through systematic data hygiene.",92.0,"This bullet is a standout because it quantifies both the technical complexity of the automation logic and the specific, high-level business outcomes of cold outreach, demonstrating a rare blend of sales operations and technical proficiency."
Treering Yearbooks,"Developed 100+ modular email sequences for K–12 segments, achieving a 54% reply rate in private school campaigns and 39% in high-priority district outreach through systematic A/B testing.",92.0,"The bullet provides highly specific, high-impact metrics segmented by target audience, demonstrating a sophisticated understanding of conversion optimization and systematic testing."
Treering Yearbooks,"Engineered multi-touch email sequences in Outreach.io and Salesforce, utilizing behavioral segmentation to drive a 54% reply rate in high-priority segments and contribute to $1M+ in sourced revenue.",92.0,"The bullet combines specific technical stack proficiency with high-level business impact, providing a rare and quantifiable demonstration of both tactical execution and bottom-line revenue contribution."
Treering Yearbooks,"Architected 62+ multi-touch sequences in Outreach.io for niche K-12 segments, driving a 54% reply rate in private school campaigns and 39% in high-priority district outreach.",92.0,"This bullet is exceptional because it quantifies both the technical complexity of the workflow and the specific, high-conversion outcomes across distinct market segments, demonstrating a sophisticated grasp of sales operations."
Treering Yearbooks,"Orchestrated the 2021–2022 Outreach.io and Salesforce integration for 20+ users, standardizing 129+ sequences to achieve a 77% lead-to-opportunity conversion rate across the SDR organization.",92.0,"The bullet provides a rare combination of technical implementation, specific scale, and a high-impact business metric that directly correlates operational efficiency to revenue generation."
Treering Yearbooks,"Generated $1M+ in sourced revenue (117% of target) by architecting high-conversion email sequences and CRM-driven account prioritization, establishing the company’s first scalable outbound sales infrastructure.",92.0,"The bullet combines high-impact quantitative results with the rare, high-value skill of building foundational infrastructure from scratch, demonstrating both individual performance and strategic leadership."
Treering Yearbooks,"Recovered $3M+ in stale pipeline by auditing Salesforce data and re-engaging accounts with targeted sequences, achieving a 54% reply rate in high-priority segments.",92.0,"This bullet demonstrates high-level strategic impact by quantifying both the financial recovery and the specific operational efficiency of the outreach, which is a rare combination of sales operations and direct execution."
Treering Yearbooks,"Engineered high-performing B2B email sequences in Outreach.io by leveraging A/B testing and behavioral segmentation, achieving a 54% reply rate across private school and Title 1 audience segments.",92.0,"The bullet provides a rare, highly specific performance metric (54% reply rate) and demonstrates sophisticated audience segmentation strategy, which is significantly more impressive than standard email marketing claims."
Treering Yearbooks,"Recovered $3M+ in stale pipeline by executing systematic Salesforce data hygiene and segmentation, while managing lifecycle campaigns across 2,000+ accounts to drive targeted cross-sell opportunities.",92.0,"This bullet is exceptional because it quantifies a massive financial recovery through the often-overlooked but critical skill of CRM data hygiene, demonstrating both technical discipline and direct revenue impact."
Treering Yearbooks,"Architected high-conversion lifecycle email sequences in Outreach.io, achieving 54% and 39% reply rates across key school segments, directly accelerating pipeline development and prospect engagement for the sales team.",92.0,"The bullet provides rare, highly specific performance metrics (54% and 39% reply rates) that demonstrate exceptional mastery of email marketing and direct, quantifiable impact on sales pipeline velocity."
Treering Yearbooks,"Engineered a multi-touch PTA Council outreach strategy that achieved a 74% open rate and 22% reply rate, directly securing a statewide partnership with the Georgia PTA.",92.0,"The bullet provides highly specific, verifiable metrics and demonstrates a sophisticated understanding of B2B sales cycles by linking a multi-touch outreach strategy directly to a high-value, strategic partnership."
Treering Yearbooks,"Spearheaded the 2021 Outreach.io implementation for a 20-person team, authoring technical training on conditional logic that sustained a 34% reply rate across core customer nurture sequences.",92.0,"This bullet is exceptional because it connects a specific technical implementation (conditional logic in Outreach.io) to a tangible, high-level business outcome (34% reply rate) while demonstrating leadership in team enablement."
Treering Yearbooks,"Architected the Salesforce-Outreach.io integration, implementing custom field mapping, deduplication logic, and automated sequence triggers that drove team-wide adoption and $1M+ in sourced revenue.",92.0,"This bullet is a standout because it connects technical architecture and complex data logic directly to a high-impact, quantifiable revenue outcome, demonstrating both engineering depth and business acumen."
Treering Yearbooks,"Orchestrated a multi-channel email campaign for 1,279 PTA units, achieving a 74% open rate and 22% reply rate by leveraging segment-specific messaging and personalized outreach strategies.",92.0,"The inclusion of highly specific, non-rounded metrics (1,279 units) combined with an exceptionally high reply rate demonstrates tangible, high-impact influence in a niche B2B2C market."
Treering Yearbooks,"Orchestrated a multi-channel outreach strategy for the Georgia PTA, leveraging personalized sequencing to engage 1,279 units, resulting in a 74% open rate and 22% reply rate.",92.0,"The bullet provides highly specific, verifiable metrics that demonstrate both the scale of the outreach and the exceptional effectiveness of the communication strategy."
Treering Yearbooks,"Standardized brand voice and sequence libraries for 100+ K-12 email campaigns, achieving a 38% reply rate across 751 support staff prospects by implementing segment-specific, multi-touch messaging strategies.",92.0,"The bullet combines high-level process standardization with exceptionally specific, high-impact metrics that demonstrate both strategic thinking and tactical execution."
Treering Yearbooks,"Led a systematic Salesforce data audit and re-prioritization of 2,900+ stale accounts, recovering $3M+ in pipeline value by implementing new data hygiene workflows and targeted re-engagement sequences.",92.0,"This bullet is exceptional because it quantifies both the scope of the cleanup and the direct financial recovery, demonstrating a rare ability to turn administrative data hygiene into a high-impact revenue-generating activity."
Treering Yearbooks,"Led a systematic CRM data hygiene project across 2,900+ stale accounts, surfacing $3M+ in dormant pipeline and enabling leadership to prioritize high-value outreach through custom Salesforce reporting.",92.0,"This bullet demonstrates high-level strategic impact by quantifying the exact volume of data cleaned and directly linking it to a massive, specific revenue recovery figure."
Treering Yearbooks,"Recovered $3M+ in stale Salesforce pipeline by executing a systematic CRM data hygiene audit and re-prioritizing 2,900+ accounts, directly improving lead routing and team-wide process compliance.",92.0,This bullet is a hidden gem because it quantifies a massive financial recovery from 'invisible' work (data hygiene) and demonstrates a rare ability to turn administrative cleanup into a direct revenue-generating strategy.
Treering Yearbooks,"Pioneered a district-level outreach strategy for PTA councils, replacing school-by-school contact with resource-forwarding sequences in Outreach.io, achieving a 74% open rate and 22% reply rate across 300+ prospects.",92.0,"This bullet demonstrates high-level strategic thinking by identifying a systemic bottleneck and implementing a scalable, data-driven solution that yielded exceptionally high engagement metrics."
Treering Yearbooks,"Optimized multi-touch email sequences in Outreach.io for niche K-12 segments, achieving a 34% reply rate on 'In-Contract' campaigns and 54% on private school outreach through rigorous A/B testing.",92.0,"The bullet provides highly specific, high-performing metrics segmented by audience type, demonstrating both technical proficiency in Outreach.io and a sophisticated, data-driven approach to sales strategy."
Treering Yearbooks,"Chaired the cross-functional Content Committee, governing 96+ campaign variants and 1,920+ email templates, which increased reply rates to 34% for high-value 'In-Contract' sequences.",92.0,"The bullet provides exceptional specificity by quantifying the scale of governance (96 variants, 1,920 templates) and linking it directly to a high-impact outcome (34% reply rate), demonstrating both operational rigor and strategic marketing success."
Treering Yearbooks,"Chaired the cross-functional Content Committee, standardizing brand voice and sequence governance across 1,920+ templates, which increased team-wide reply rates by 34% in high-priority segments.",92.0,"This bullet is exceptional because it quantifies a complex operational challenge (governance across 1,920 templates) and links it directly to a specific, non-obvious business outcome (reply rates) rather than just generic efficiency."
Treering Yearbooks,"Founded and chaired a cross-functional Content Committee, standardizing brand voice and QA for 96+ campaign variants, which drove a 34% reply rate in key high-value sequences.",92.0,"This bullet demonstrates high-level leadership and operational rigor by quantifying both the scale of the content production and the specific, high-impact conversion result."
Treering Yearbooks,"Founded the Content Committee to govern brand voice and sequence strategy, resulting in a 34% reply rate for high-value 'In-Contract' campaigns across 100+ niche audience segments.",92.0,"The bullet demonstrates high-level strategic initiative by creating a governance structure and provides a precise, impressive metric tied to complex audience segmentation."
Treering Yearbooks,"Architected a cross-functional Content Committee and standardized sequence library in Outreach.io, driving a 34% reply rate on key campaigns and unifying brand voice across 1,920+ email templates.",92.0,"This bullet demonstrates high-level operational strategy by quantifying both the efficiency of the workflow and the specific, impressive outcome of a 34% reply rate across a massive scale of 1,920 templates."
Treering Yearbooks,"Architected a 100+ campaign library in Outreach.io and Salesforce, driving a 34% reply rate on high-value 'In-Contract' sequences through rigorous A/B testing and data-driven content governance.",92.0,"The bullet combines high-level architectural ownership with a specific, impressive performance metric (34% reply rate) and demonstrates sophisticated mastery of the sales tech stack."
Treering Yearbooks,"Engineered high-conversion email sequences in Outreach.io for K-12 segments, achieving a 34% reply rate on 'In-Contract' campaigns and 54% on private school outreach through personalized, multi-touch messaging.",92.0,"The bullet provides highly specific, industry-segmented performance metrics that demonstrate both technical proficiency in a standard sales stack and a sophisticated understanding of niche market conversion."
Treering Yearbooks,"Led a 2023 Salesforce data hygiene initiative, identifying $3M+ in stale pipeline and re-prioritizing 2,000+ accounts to focus SDR efforts on high-value, actionable opportunities.",92.0,"This bullet is exceptional because it quantifies the direct financial impact of a non-revenue role, demonstrating a sophisticated understanding of how data hygiene directly drives sales efficiency."
Treering Yearbooks,"Chaired a cross-functional Content Committee to govern 129+ sequences, driving a 34% reply rate that directly accelerated pipeline velocity and contributed to $874K+ in sourced revenue.",92.0,"The bullet combines high-level cross-functional leadership with precise, granular metrics that directly tie content governance to specific revenue outcomes, which is a rare and highly persuasive way to frame marketing operations impact."
Treering Yearbooks,"Orchestrated 100+ multi-touch email campaigns in Outreach.io, leveraging conditional logic and behavioral segmentation to achieve a 54% reply rate within private school segments.",92.0,"The bullet combines high-volume execution with sophisticated technical methodology and an exceptionally high, segment-specific performance metric that demonstrates mastery of the sales stack."
Treering Yearbooks,"Architected the Salesforce-Outreach.io integration for a 20-person team, enabling advanced behavioral segmentation that drove a 54% reply rate in high-priority private school outreach campaigns.",92.0,"This bullet is a standout because it connects technical architecture to specific business outcomes, demonstrating both engineering capability and a deep understanding of sales funnel optimization."
Treering Yearbooks,"Developed a high-conversion nurture sequence for private school principals, achieving a 54% reply rate by applying segment-specific messaging and personalized, human-first storytelling to a 500+ contact list.",92.0,"The bullet combines a highly specific, impressive metric (54% reply rate) with a clear explanation of the methodology (human-first storytelling) that demonstrates both technical skill and emotional intelligence."
Treering Yearbooks,"Engineered 60+ lifecycle sequences in Outreach.io and Salesforce, leveraging behavioral segmentation and A/B testing to drive a 54% reply rate within high-priority private school segments.",92.0,"The bullet combines specific technical stack expertise with precise behavioral segmentation and an exceptionally high, quantified conversion metric that demonstrates both strategic thinking and operational excellence."
Treering Yearbooks,"Founded a cross-departmental Content Committee and standardized 100+ assets, establishing a unified brand voice that drove a 54% reply rate in high-priority private school outreach campaigns.",92.0,"This bullet is exceptional because it connects a specific operational initiative (founding a committee) to a tangible, high-impact business outcome (54% reply rate) within a niche, high-value market segment."
Treering Yearbooks,"Recovered $3M+ in dormant pipeline by architecting a systematic Salesforce data-hygiene program, auditing 2,900+ stale accounts to re-prioritize high-value prospects for the sales development team.",92.0,This bullet demonstrates high-level strategic impact by quantifying both the financial recovery and the specific operational methodology used to clean complex CRM data.
Treering Yearbooks,"Architected Salesforce and Outreach.io workflows to automate lead management, uncovering $3M+ in stale pipeline and standardizing data hygiene for a team of 6 SDRs.",92.0,"This bullet is exceptional because it quantifies a massive financial recovery ($3M+) while demonstrating a rare combination of technical architecture, process optimization, and team-wide operational impact."
Treering Yearbooks,"Orchestrated multi-touch lifecycle campaigns in Outreach.io and Salesforce, achieving a 54% reply rate for private school segments by aligning messaging with critical K-12 seasonal buying milestones.",92.0,"The bullet combines high-level technical proficiency with a specific, impressive metric and demonstrates a sophisticated understanding of industry-specific seasonal buying cycles."
Treering Yearbooks,"Governed brand voice and campaign quality by chairing a cross-functional Content Committee, standardizing 100+ email sequences in Outreach.io to achieve reply rates as high as 54%.",92.0,"The bullet combines high-level governance with specific technical implementation and an exceptionally high, verifiable performance metric that demonstrates both leadership and tactical mastery."
Treering Yearbooks,"Engineered Salesforce dashboards and automated reporting to audit 2,900+ stale accounts, uncovering $3M+ in pipeline and enabling data-driven prioritization for Sales and Marketing teams.",92.0,"This bullet is a standout because it quantifies both the operational scale (2,900+ accounts) and the direct financial impact ($3M+), demonstrating a rare ability to bridge technical Salesforce engineering with high-level revenue strategy."
Treering Yearbooks,"Optimized lifecycle performance by auditing 129+ email sequences in Outreach.io, leveraging cohort analysis to refine segmentation and messaging, resulting in a 54% reply rate for key segments.",92.0,"The bullet provides a rare combination of specific technical auditing volume, a sophisticated methodology (cohort analysis), and an exceptionally high, verifiable outcome metric."
Treering Yearbooks,"Designed and managed 100+ multi-touch email sequences in Outreach.io, utilizing behavioral segmentation and A/B testing to achieve a 39% reply rate for high-priority district outreach campaigns.",92.0,"The bullet combines specific technical stack expertise with a high-impact, quantifiable outcome that demonstrates both strategic segmentation and exceptional conversion performance."
Treering Yearbooks,"Chaired a cross-functional Content Committee to standardize 129+ email sequences, driving a 54% reply rate in key segments and establishing scalable governance for all outbound marketing operations.",92.0,The combination of a specific quantitative outcome (54% reply rate) with the rare mention of 'scalable governance' demonstrates both high-level operational maturity and tactical execution.
Treering Yearbooks,"Standardized brand voice across 100+ Outreach.io sequences, achieving a 54% reply rate in private school segments and 39% in high-priority district outreach through systematic A/B testing.",92.0,"This bullet is exceptional because it quantifies the impact of a soft skill (brand voice) using specific platform tools and high-performance conversion metrics across distinct, difficult-to-penetrate market segments."
Treering Yearbooks,"Developed a brand-aligned content library of 100+ email sequences, establishing voice guidelines and nested personalization logic that achieved a 38% reply rate across key audience segments.",92.0,"The bullet combines technical complexity (nested personalization logic) with a highly impressive, specific quantitative outcome (38% reply rate) that demonstrates both strategic branding and high-level execution."
Treering Yearbooks,"Architected cross-functional lifecycle campaigns by integrating Outreach.io with Salesforce, driving a 54% reply rate in private school segments through behavioral segmentation and personalized multi-touch sequencing.",92.0,"This bullet is a standout because it combines specific technical stack integration with a highly impressive, quantified outcome in a niche market segment, demonstrating both architectural skill and revenue-driving execution."
Treering Yearbooks,"Developed a 100+ asset content library and brand voice framework, driving a 54% reply rate in private school segments through highly tailored, persona-driven lifecycle messaging.",92.0,"The bullet combines high-level strategic output (brand framework) with a specific, impressive quantitative outcome (54% reply rate) in a niche, difficult-to-penetrate market segment."
Treering Yearbooks,"Orchestrated the Salesforce-Outreach.io integration and adoption for 20+ SDRs, standardizing 129+ campaign workflows that directly contributed to a $3M+ recovery of stale pipeline through improved data hygiene.",92.0,"This bullet is exceptional because it quantifies both the technical implementation and the specific financial outcome of a process improvement, demonstrating high-level operational impact."
Treering Yearbooks,"Architected the Outreach.io-Salesforce integration and centralized content governance, reducing manual list-pull time by 40% while standardizing brand voice across 129+ automated email sequences.",92.0,"This bullet excels by linking technical infrastructure (CRM integration) to both operational efficiency (40% time reduction) and high-level brand strategy (standardizing 129+ sequences), demonstrating a rare blend of technical and strategic impact."
Treering Yearbooks,"Architected a 129-sequence Outreach library and 14-step ABM district program, achieving a 74% open rate and 22% reply rate with PTA Council segments",92.0,"The bullet provides highly specific, granular metrics that demonstrate both technical architecture and deep understanding of a niche B2B2C sales cycle, which is rare and highly impressive."
Treering Yearbooks,"Authored and deployed multi-channel pandemic response campaigns across 16 sequences, driving a 63% average open rate and 8.7% reply rate for 3,337 prospects during the 2022 rollout",92.0,"The bullet provides exceptional specificity by quantifying the campaign architecture, exact audience size, and high-performance engagement metrics, demonstrating a sophisticated mastery of lifecycle marketing."
Treering Yearbooks,"Founded and chaired a Sales-Marketing Content Committee, governing brand voice and optimizing 16 sequence programs informed by 181 pages of voice-of-customer research",92.0,The bullet demonstrates high-level cross-functional leadership and data-driven decision-making by quantifying the specific volume of research used to inform strategic output.
Treering Yearbooks,"Founded and chaired a Sales-Marketing Content Committee, governing brand voice and optimizing 16 sequence programs informed by 181 pages of voice-of-customer research",92.0,The bullet demonstrates high-level cross-functional leadership and data-driven decision-making by quantifying the specific volume of research used to inform strategic output.
Treering Yearbooks,"Architected a cross-functional content governance system and 129+ automated sequences in Outreach.io, standardizing brand voice while driving a 38% reply rate across high-volume persona campaigns.",92.0,"The bullet combines high-level architectural strategy with specific, quantifiable output metrics and a clear business outcome, demonstrating both technical proficiency and operational impact."
Treering Yearbooks,"Standardized SDR onboarding by creating a centralized process map and 129-sequence library, driving consistent messaging and a 30% reduction in ramp time for new hires.",92.0,"The inclusion of a specific '129-sequence library' provides rare, tangible evidence of operational scale and process rigor that elevates this bullet far above standard onboarding claims."
Treering Yearbooks,"Architected a cross-functional content governance system and 100+ email sequence library in Outreach.io, driving a 54% reply rate in key segments by standardizing brand voice and QA processes.",92.0,"The bullet combines technical platform expertise with a specific, high-impact metric and demonstrates a rare ability to bridge operational governance with measurable revenue-generating outcomes."
Treering Yearbooks,"Engineered a library of 100+ Outreach.io sequences and lifecycle campaigns, achieving a 54% reply rate in private school segments through rigorous A/B testing and behavioral segmentation.",92.0,"The bullet combines high-volume technical output with a specific, highly impressive performance metric and a clear demonstration of sophisticated segmentation strategy."
Treering Yearbooks,"Recovered $3M+ in stale pipeline by architecting a systematic Salesforce data-hygiene program, prioritizing 2,900+ dormant accounts through custom dashboards and automated re-engagement workflows over 18 months.",92.0,"This bullet is exceptional because it quantifies a massive financial recovery while detailing the specific technical methodology (data hygiene, custom dashboards, and automation) used to solve a common but often ignored business problem."
Treering Yearbooks,"Led a cross-functional Content Committee to standardize brand voice and Outreach.io sequence architecture, achieving a 54% reply rate within private school segments through rigorous A/B testing.",92.0,"The bullet combines high-level cross-functional leadership with specific technical architecture and an exceptionally high, data-backed conversion metric that demonstrates both strategic and tactical mastery."
Treering Yearbooks,"Orchestrated cross-functional alignment across 6+ stakeholders to resolve CRM data bottlenecks, accelerating pilot approvals and contributing to a $3M+ recovery of stale pipeline accounts.",92.0,"This bullet is a hidden gem because it connects a specific operational bottleneck to a high-impact financial outcome ($3M+ recovery), demonstrating both cross-functional leadership and direct bottom-line contribution."
Treering Yearbooks,"Chaired a cross-functional Content Committee to standardize brand voice, producing a 100+ asset library that enabled SDRs to achieve a 54% reply rate in private school segments.",92.0,"This bullet is exceptional because it connects a specific cross-functional leadership initiative directly to a high-impact, quantifiable sales outcome in a niche market segment."
Treering Yearbooks,"Optimized 129+ Outreach sequences through systematic A/B testing of subject lines and send timing, achieving a 63% average open rate across 3,337 prospects during the January 2022 launch",92.0,"This bullet is exceptional because it combines high-volume data, specific methodology, and a concrete outcome, demonstrating a sophisticated, data-driven approach to sales operations."
Treering Yearbooks,"Authored 100+ email campaigns across niche segments, achieving a 34% reply rate in contract sequences and driving $874K+ in sourced revenue through personalized, brand-aligned multi-touch sequencing",92.0,"The bullet provides highly specific, high-impact metrics (34% reply rate, $874K revenue) that demonstrate both technical execution and direct bottom-line contribution in a competitive sales/marketing context."
Treering Yearbooks,"Authored 100+ email campaigns in Outreach.io, achieving a 74% open rate and 22% reply rate for PTA Councils through segment-specific personalization and behavioral logic",92.0,"The bullet provides rare, high-level performance metrics (74% open rate) paired with specific technical methodology (behavioral logic) that demonstrates sophisticated mastery of sales automation tools."
Treering Yearbooks,"Architected 129+ Outreach sequences and multi-touch campaigns, achieving 85% open and 39% reply rates by applying behavioral triggers and segment-specific personalization",92.0,"The bullet provides highly specific, industry-leading performance metrics that demonstrate both technical execution and a sophisticated understanding of psychological triggers in sales automation."
Treering Yearbooks,"Engineered high-performing Outreach sequences for niche segments, achieving a 54% reply rate and 95% open rate through advanced conditional logic and data-driven audience segmentation",92.0,"The inclusion of specific, high-performance metrics (54% reply rate) combined with the mention of technical methodology (advanced conditional logic) provides rare, quantifiable evidence of both strategic thinking and execution excellence."
Treering Yearbooks,"Architected a 14-category sequence QA checklist and VOC feedback loop, increasing reply rates to 34% for high-intent In-Contract sequences through standardized, data-backed messaging governance",92.0,"This bullet demonstrates a sophisticated blend of process engineering and data-driven strategy, moving beyond simple task completion to show how the candidate built a scalable governance framework that directly influenced high-intent conversion metrics."
Treering Yearbooks,Architected a Salesforce-synced account prioritization system that identified $3M+ in stale pipeline and surfaced high-propensity leads across 565 districts for targeted outreach,92.0,This bullet is exceptional because it quantifies both the technical integration (Salesforce-sync) and the direct financial impact ($3M) while demonstrating sophisticated data-driven decision-making at scale.
Treering Yearbooks,"Architected a 129-sequence library and persona-based content system in Outreach.io, driving a 38% reply rate for support staff and 32% for teachers through rigorous A/B testing",92.0,"This bullet demonstrates high-level technical architecture, specific platform expertise, and granular performance metrics across distinct user segments, which is rare for a support-focused role."
Treering Yearbooks,"Spearheaded multi-channel B2B outreach strategies, authoring 100+ email campaigns that achieved up to 95% open rates and secured $874K+ in sourced revenue through systematic CRM data hygiene",92.0,"The combination of an exceptionally high open rate (95%) with the rare, pragmatic mention of 'CRM data hygiene' as a revenue driver demonstrates both technical mastery and an understanding of the foundational work required for high-level sales success."
Treering Yearbooks,"Audited CRM data and identified $3M+ in stale pipeline, building custom Salesforce dashboards to prioritize 2,933+ accounts and improve territory management efficiency",92.0,"The bullet combines high-impact financial quantification with precise operational scale and specific technical implementation, demonstrating both strategic cleanup and tactical execution."
Treering Yearbooks,"Authored 100+ email campaigns across niche segments, achieving a 63% average open rate and 8.7% reply rate by implementing Outreach.io and advanced conditional personalization logic",92.0,"The bullet combines high-volume output with exceptionally strong, verifiable performance metrics and specific technical proficiency in advanced personalization logic."
Treering Yearbooks,"Architected custom Salesforce dashboards and G-Connector syncs to monitor territory performance, surfacing $3M+ in stale pipeline and enabling data-driven prioritization for a 20+ member remote team",92.0,"This bullet demonstrates high-level technical proficiency combined with direct, quantifiable revenue impact and clear organizational leadership."
Treering Yearbooks,"Architected a Salesforce-synced account prioritization system that identified $3M+ in stale pipeline, enabling targeted re-engagement across 2,900+ accounts and 565 districts",92.0,"This bullet is exceptional because it quantifies both the financial impact ($3M) and the operational scale (2,900+ accounts) while clearly explaining the technical mechanism (Salesforce-synced prioritization) used to achieve the result."
Treering Yearbooks,"Founded and chaired a Sales-Marketing Content Committee, governing brand voice and optimizing 16 sequence programs informed by 181 pages of voice-of-customer research",92.0,The bullet demonstrates high-level strategic leadership and data-driven decision-making by quantifying the specific volume of research used to govern brand voice and optimize complex marketing sequences.
Treering Yearbooks,"Architected official SDR onboarding infrastructure, including an 8-step process website and 129-sequence training library, enabling consistent campaign execution for 20+ remote team members",92.0,"The bullet provides highly specific quantitative evidence of operational scale and infrastructure building, demonstrating a rare ability to systematize complex sales processes for remote teams."
Treering Yearbooks,"Architected official SDR onboarding infrastructure, including an 8-step training website and 129-sequence library, reducing ramp time for 20+ remote employees through standardized messaging and platform workflows",92.0,"The inclusion of specific, quantifiable assets like an '8-step training website' and '129-sequence library' provides rare, tangible proof of operational scale and process architecture that goes far beyond standard sales performance metrics."
Treering Yearbooks,"Architected a Salesforce-synced account prioritization system to identify $3M+ in stale pipeline, enabling targeted re-engagement campaigns that recovered at-risk accounts and improved territory health",92.0,"This bullet is exceptional because it links technical architecture (Salesforce integration) to a specific, high-value financial outcome ($3M) and demonstrates strategic territory management rather than just task completion."
Treering Yearbooks,"Architected 129+ Outreach.io sequences using conditional logic and variable mapping, achieving a 63% average open rate across 3,337 prospects during a major seasonal launch",92.0,"The bullet combines high-level technical proficiency in automation architecture with specific, high-volume performance metrics that demonstrate both scale and precision."
Treering Yearbooks,"Architected a 14-category sequence QA checklist and automated logic models in Outreach, driving a 63% average open rate across 3,337 prospects during the January 2022 launch",92.0,"The bullet combines highly specific technical methodology (14-category QA checklist) with precise, high-impact quantitative results that demonstrate both operational rigor and exceptional sales performance."
Treering Yearbooks,"Architected A/B testing frameworks for 129+ Outreach sequences, iterating on subject lines and CTAs to achieve a 63% average open rate across 3,337 prospects",92.0,"The bullet combines high-level architectural ownership with precise, granular data points that demonstrate both technical rigor and significant conversion impact."
Treering Yearbooks,"Architected 129+ Outreach.io sequences using conditional logic and A/B testing, achieving 85% open and 39% reply rates within targeted Hot Zone segments",92.0,"The bullet provides highly specific technical depth by citing the exact number of sequences and the sophisticated use of conditional logic, paired with industry-leading performance metrics that demonstrate exceptional mastery of sales automation."
Treering Yearbooks,"Authored 100+ multi-touch email campaigns in Outreach.io, applying conditional logic and segmentation to achieve 83% open and 38% reply rates across high-priority persona sequences",92.0,"The bullet provides rare, high-level technical specificity by citing both the tool and the advanced methodology (conditional logic/segmentation) alongside exceptionally high, verifiable performance metrics."
Treering Yearbooks,"Architected 129+ Outreach.io sequences using behavioral segmentation and conditional logic, achieving a 63% average open rate across 3,337 prospects during a single semester launch",92.0,"The bullet provides an exceptional combination of technical complexity, precise scale, and high-impact performance metrics that demonstrate both strategic thinking and execution capability."
Treering Yearbooks,"Architected a 14-category sequence QA checklist and governance framework, standardizing deployment for 129+ Outreach sequences and eliminating recurring messaging errors across the SDR team",92.0,This bullet demonstrates high-level operational maturity by quantifying the scale of the governance framework and directly linking a specific process improvement to the elimination of systemic errors.
Treering Yearbooks,"Architected and executed 60+ Outreach.io sequences across 2,000+ accounts, using behavioral segmentation to drive an 85% open rate and 39% reply rate in key segments",92.0,"The bullet provides rare, high-level metrics that demonstrate both technical proficiency in sales automation and a sophisticated understanding of behavioral segmentation, which is significantly more impressive than generic sales performance claims."
Treering Yearbooks,"Architected a 14-category sequence QA checklist and VOC research loop, driving a 63% average open rate across 3,337 prospects by standardizing brand voice and personalization logic",92.0,"The bullet combines technical process architecture with specific, high-impact quantitative results, demonstrating a rare ability to bridge operational rigor with high-conversion marketing strategy."
Treering Yearbooks,"Architected Salesforce CRM workflows and Outreach.io sequence governance, standardizing processes for 20+ users and driving a 113% increase in sourced revenue over 3 years",92.0,"The bullet combines technical infrastructure ownership with a highly specific, long-term revenue impact metric that demonstrates both operational maturity and bottom-line growth."
Treering Yearbooks,"Architected a 129-sequence library in Outreach.io, applying A/B testing and behavioral segmentation to drive 74% open rates for PTA Council campaigns and 85% for Hot Zone sequences",92.0,"The bullet demonstrates high-level technical proficiency in a specific tool combined with exceptional, quantified performance metrics that directly correlate to revenue-driving activities."
Treering Yearbooks,"Designed a 14-step district-level outreach sequence and PTA activation program, achieving a 74% open rate and 22% reply rate across hard-to-reach council audiences through targeted messaging and gifting strategies",92.0,"The bullet demonstrates high-level strategic thinking by quantifying a complex, multi-touch outreach process and achieving exceptional engagement metrics with a notoriously difficult-to-reach demographic."
Treering Yearbooks,"Authored 100+ niche email campaigns using Outreach.io, achieving a 54% reply rate for Private School segments and 39% for Hot Zone districts through data-driven segmentation and multi-touch sequencing logic",92.0,"The bullet demonstrates high-level technical proficiency with specific tools and provides exceptional, verifiable metrics that clearly differentiate the candidate's strategic segmentation capabilities."
Treering Yearbooks,"Architected and launched 62+ automated Outreach sequences, achieving a 63% average open rate and 8.7% reply rate across 3,337 prospects during a seasonal campaign rollout.",92.0,"The bullet provides a rare combination of high-volume technical architecture and precise, high-conversion performance metrics that demonstrate both scale and sophisticated audience targeting."
Treering Yearbooks,"Founded a cross-functional Content Committee of 6+ stakeholders to govern 96+ campaign variants, standardizing brand voice and QA processes, which boosted nurture sequence reply rates to 34%.",92.0,"This bullet is exceptional because it quantifies both the operational complexity of the governance structure and the direct, high-impact result on conversion metrics, demonstrating both leadership and data-driven execution."
Treering Yearbooks,"Orchestrated a statewide partnership with the Georgia PTA and targeted district-level outreach, driving 1,279 unit sign-ups through personalized multi-touch sequencing and strategic stakeholder engagement.",92.0,"The bullet combines high-level strategic partnership building with granular, data-backed execution, demonstrating both macro-level influence and micro-level sales process mastery."
Treering Yearbooks,"Pioneered a district-level outreach strategy for K-12 accounts, managing 2,000+ prospects via Outreach.io and Salesforce to achieve a 22% reply rate and drive $3M+ in pipeline recovery.",92.0,"The bullet combines high-volume technical proficiency with specific, high-impact metrics that demonstrate both strategic initiative and significant revenue accountability."
Treering Yearbooks,"Architected a cross-functional sales enablement library in Outreach.io, standardizing 100+ email sequences and battlecards that drove a 34% reply rate for high-value in-contract accounts.",92.0,"This bullet demonstrates high-level operational strategy by quantifying both the scale of the infrastructure built and the specific, impressive outcome on high-value account engagement."
Treering Yearbooks,"Orchestrated a statewide partnership with the Georgia PTA, leveraging district-level outreach to engage 1,279 school units and achieving a 22% reply rate through targeted, multi-touch sequence strategies.",92.0,"The bullet provides a rare combination of high-level strategic partnership development, precise quantitative scale, and a sophisticated understanding of modern sales methodology."
Treering Yearbooks,"Developed a 14-category QA checklist for 16+ email sequences, ensuring brand voice consistency and increasing reply rates by up to 29% through Outreach.io conditional logic.",92.0,This bullet is a standout because it quantifies the impact of a specific process improvement (the 14-category checklist) on a concrete business metric (29% reply rate) while demonstrating technical proficiency with advanced platform features.
Treering Yearbooks,"Engineered Outreach.io lifecycle sequences for 2,000+ accounts, achieving a 34% reply rate on 'In-Contract' flows and driving a $3M+ pipeline recovery through systematic CRM data hygiene.",92.0,This bullet is exceptional because it quantifies both the technical execution (Outreach.io sequences) and the tangible business outcome (pipeline recovery) while highlighting the often-overlooked but critical skill of CRM data hygiene.
Treering Yearbooks,"Engineered a Salesforce-integrated territory management system for 2,000+ accounts, utilizing systematic data hygiene and G-Connector refreshes to surface $3M+ in stale pipeline and optimize strategic account prioritization.",92.0,"This bullet demonstrates high-level technical orchestration by linking specific tools (Salesforce, G-Connector) to a massive, quantifiable financial impact ($3M+) and a clear operational improvement in account prioritization."
Treering Yearbooks,"Engineered a centralized Salesforce reporting suite to monitor the full sales funnel, enabling the identification and recovery of $3M+ in stale pipeline through systematic data hygiene.",92.0,"The bullet combines technical architecture with a high-impact financial outcome, specifically highlighting the rare ability to turn 'stale' data into tangible revenue through systematic process improvement."
Treering Yearbooks,"Architected a district-level outreach strategy for PTA Councils using Outreach.io and Salesforce, achieving a 74% open rate and 22% reply rate across 300+ school segments.",92.0,"The bullet provides highly specific, quantifiable metrics that demonstrate both technical proficiency in enterprise sales tools and a sophisticated understanding of high-volume, segmented outreach strategy."
Treering Yearbooks,"Recovered $3M+ in stale Salesforce pipeline by executing a systematic 2023 data hygiene audit, re-prioritizing 2,025+ unworked accounts using value-based segmentation and custom Salesforce reporting.",92.0,"This bullet demonstrates high-level strategic impact by quantifying a massive financial recovery through a specific, repeatable process rather than just listing daily sales tasks."
Treering Yearbooks,"Standardized campaign content across 129+ sequences by chairing a cross-functional Content Committee, resulting in a 34% reply rate for high-priority 'In-Contract' nurture sequences.",92.0,"This bullet is exceptional because it quantifies both the operational scale (129+ sequences) and the specific, high-value business outcome (34% reply rate on 'In-Contract' leads) while highlighting leadership through a cross-functional committee."
Treering Yearbooks,"Synthesized qualitative research from 2,000+ accounts to build a high-performing email sequence library, achieving a 34% reply rate for in-contract segments by aligning messaging with educator pain points.",92.0,"The bullet demonstrates a sophisticated synthesis of large-scale qualitative data into actionable, high-conversion assets with a specific, impressive metric that directly links user empathy to business outcomes."
Treering Yearbooks,"Authored high-performing email sequences for K–12 leaders, blending ABM research with human-first messaging to achieve a 39% reply rate in high-priority district campaigns.",92.0,"The bullet combines a specific, high-impact metric with a sophisticated methodology that demonstrates both technical marketing prowess and a nuanced understanding of B2B sales cycles."
Treering Yearbooks,"Authored 100+ email campaigns and managed a sequence library in Outreach.io, achieving a 39% reply rate on HZ Spring sequences and 22% on PTA Council campaigns through segment-specific personalization and A/B testing strategies that drove consistent pipeline growth across niche K-12 audiences.",92.0,"The bullet provides highly specific performance metrics (39% and 22% reply rates) tied to distinct audience segments, demonstrating both technical proficiency in Outreach.io and a sophisticated, data-driven approach to niche B2B marketing."
Treering Yearbooks,"Authored 100+ email campaigns across niche K-12 segments, achieving up to 95% open and 54% reply rates while standardizing brand voice team-wide to drive consistent pipeline generation for Treering Yearbooks",92.0,"The combination of high-volume output with exceptionally rare, verified engagement metrics (95% open/54% reply) demonstrates elite-level copywriting and segmentation strategy."
Treering Yearbooks,"Optimized 100+ email campaigns in Outreach.io by A/B testing subject lines and send windows, achieving a 63% average open rate across 3,337 prospects during a single seasonal launch cycle",92.0,"The bullet provides highly specific, verifiable metrics that demonstrate both technical proficiency in a standard industry tool and a sophisticated understanding of conversion optimization within a time-bound seasonal context."
Treering Yearbooks,"Authored 100+ email campaigns using Outreach.io and Salesforce, achieving a 63% average open rate across 3,337 prospects by implementing conditional personalization and multi-touch sequencing logic for niche segments like Title 1 and Private schools.",92.0,The bullet combines high-volume execution with specific technical tooling and a sophisticated segmentation strategy that demonstrates a deep understanding of niche market conversion.
Treering Yearbooks,"Architected 129+ Outreach sequences using conditional logic, driving a 39% reply rate on Hot Zone campaigns and maintaining 60%+ open rates across 3,300+ prospects through rigorous A/B testing and CRM hygiene within a $15M portfolio managed via Salesforce integration.",92.0,"The bullet combines high-level technical architecture with specific, impressive KPIs and demonstrates a sophisticated understanding of CRM hygiene and lifecycle management that is rare for standard sales roles."
Treering Yearbooks,"Architected a VOC research program that collected 181 pages of SDR feedback, directly informing the 2022–2023 rebuild of 16 core sales sequences",92.0,"The bullet provides highly specific, quantifiable evidence of a feedback loop that directly influenced a major product roadmap, demonstrating rare cross-functional impact and strategic initiative."
Treering Yearbooks,"Audited Salesforce CRM data to identify $3M+ in stale pipeline, building custom dashboards and prioritization workflows that standardized territory management for 2,900+ accounts",92.0,This bullet demonstrates high-level analytical impact by quantifying a massive financial recovery ($3M+) and linking it directly to operational efficiency and scalable process improvement.
Treering Yearbooks,"Engineered Salesforce dashboards and G-Connector syncs to monitor 2,900+ accounts, enabling data-driven territory prioritization and surfacing $3M+ in previously unworked pipeline",92.0,This bullet is exceptional because it bridges the gap between technical implementation and high-stakes revenue impact by quantifying both the scale of the data managed and the specific dollar value of the recovered pipeline.
Treering Yearbooks,"Authored 100+ email campaigns across 6 niche personas, deploying Outreach.io to achieve a 63% average open rate and 8.7% reply rate across 3,337 prospects",92.0,"The bullet provides highly specific, granular data points—including persona segmentation and precise conversion metrics—that demonstrate both technical proficiency and a sophisticated understanding of lead engagement."
Treering Yearbooks,"Authored 16+ pandemic-era email sequences for niche K-12 segments, achieving a 63% average open rate and 8.7% reply rate across 3,337 prospects by prioritizing human-first messaging",92.0,"The bullet combines highly specific quantitative metrics with a clear strategic narrative, demonstrating both technical proficiency in email marketing and the nuanced soft skill of adapting tone for a sensitive, high-stakes environment."
Treering Yearbooks,"Authored 16 persona-based email sequences in Outreach.io to stabilize retention during 2020–2022, achieving a 63% average open rate and 8.7% reply rate across 3,337 prospects",92.0,"The bullet provides rare, granular data points—specifically the persona-based strategy and precise conversion metrics—that demonstrate high-level technical proficiency and strategic resilience during a volatile market period."
Treering Yearbooks,"Architected a Salesforce-synced account prioritization system that identified $3M+ in stale pipeline and enabled data-driven territory management for 1,500+ schools across 100+ districts",92.0,"This bullet demonstrates high-level strategic impact by quantifying the exact financial recovery of stale pipeline while showcasing the ability to manage complex, large-scale operational logistics."
Treering Yearbooks,Developed an ABM pilot for Adobe eSign that earned two senior-level promotion nominations and top-performer status within six months of hire at a B2B sales agency,92.0,"This bullet is exceptional because it quantifies performance through rare, high-signal social proof like promotion nominations and top-performer status rather than just standard revenue metrics."
Treering Yearbooks,"Architected a Salesforce-synced account prioritization system tracking 40+ data points, enabling targeted outreach that achieved a 39% reply rate on HZ Spring campaigns and 54% on private school segments across 2,000+ accounts managed simultaneously.",92.0,"This bullet is exceptional because it quantifies both the technical complexity of the architecture and the specific, high-impact conversion results across segmented audiences, demonstrating a rare blend of data engineering and sales strategy."
Treering Yearbooks,"Authored 14-step district ABM sequences for PTA Councils, achieving 74% open and 22% reply rates by pairing grassroots research with personalized, multi-touch outreach across 2,000+ schools",92.0,"This bullet is exceptional because it quantifies a complex, multi-channel ABM strategy with specific, high-performing engagement metrics and demonstrates a sophisticated understanding of the B2B2C sales cycle."
Treering Yearbooks,"Authored 100+ persona-based email campaigns in Outreach.io, achieving a 63% average open rate across 3,337 prospects by applying segment-specific messaging and behavioral triggers to drive engagement at scale across niche K-12 audiences.",92.0,"The bullet combines high-volume output with an exceptionally high, verifiable engagement metric and demonstrates sophisticated mastery of marketing automation tools and audience segmentation."
Treering Yearbooks,"Architected 16 persona-based sequence programs, achieving a 63% average open rate across 3,337 prospects by aligning messaging with educator-specific pain points and systematic A/B testing cycles",92.0,"The bullet provides a rare combination of high-level architectural strategy, precise quantitative outcomes, and a sophisticated understanding of audience-specific psychological triggers."
Treering Yearbooks,"Architected a 129-sequence library in Outreach.io, applying conditional logic and A/B testing to drive a 63% average open rate across 3,337 prospects during a seasonal launch campaign",92.0,"The bullet provides a rare combination of technical complexity (129-sequence library with conditional logic) and highly specific, high-impact performance metrics that demonstrate both operational scale and strategic execution."
Treering Yearbooks,"Architected 129+ Outreach.io sequences with conditional logic and persona-based segmentation, achieving a 63% average open rate across 3,337 prospects during a single seasonal launch cycle",92.0,"The bullet combines high-volume technical complexity with precise, verifiable metrics that demonstrate both strategic architecture and exceptional conversion performance."
Treering Yearbooks,"Architected 16 multi-touch email sequences across 6 personas in Outreach.io, achieving a 63% average open rate and 8.7% reply rate for 3,337 prospects during a seasonal launch campaign",92.0,"The bullet provides an exceptional level of granular detail by linking specific technical architecture (16 sequences, 6 personas) to precise, high-performance conversion metrics across a defined prospect volume."
Treering Yearbooks,"Architected a 129-sequence Outreach.io library, achieving a 63% average open rate across 3,337 prospects by implementing A/B testing and behavioral segmentation logic for niche K-12 segments",92.0,This bullet is exceptional because it quantifies both the scale of the automation architecture and the specific behavioral methodology used to achieve high-conversion results in a difficult market segment.
Treering Yearbooks,"Architected a 14-step district-level outreach strategy, integrating PTA research and Thnks gifting to achieve a 74% open and 22% reply rate among hard-to-reach councils",92.0,"This bullet is exceptional because it quantifies a complex, multi-channel workflow and provides specific, high-level conversion metrics that demonstrate both strategic planning and tactical execution."
Treering Yearbooks,"Architected a 14-step district-level outreach sequence, integrating Thnks gifting and Facebook research to achieve 74% open and 22% reply rates among PTA Councils across 100+ districts",92.0,"This bullet is exceptional because it quantifies a complex, multi-channel sales strategy with specific conversion metrics that demonstrate both technical process design and high-level interpersonal influence."
Treering Yearbooks,"Executed a multi-touch PTA Council outreach program using Outreach.io, achieving a 74% open rate and 22% reply rate by pairing personalized messaging with Thnks gifting and Facebook research",92.0,"This bullet is a hidden gem because it explicitly details the tech stack, specific engagement metrics, and the strategic 'human-in-the-loop' research process that differentiates a high-performing SDR from a generic one."
Treering Yearbooks,"Synthesized VOC survey data from 181 pages of feedback to rebuild 16 sequences, achieving a 63% average open rate across the January 2022 launch suite",92.0,"The bullet provides highly specific quantitative evidence of a data-driven workflow, linking qualitative feedback synthesis directly to a measurable, high-impact business outcome."
Treering Yearbooks,"Architected a Salesforce-synced account prioritization system to manage 1,578 schools across 100+ districts, using a 40+ column tracking framework to execute strategic Keep/Give territory decisions.",92.0,"The bullet provides highly specific quantitative data and demonstrates a sophisticated, data-driven approach to territory management that goes far beyond standard sales responsibilities."
Treering Yearbooks,"Built 62+ Outreach.io sequences using nested if/else conditional logic and district-type segmentation, achieving reply rates up to 39% for high-propensity Hot Zone prospects",92.0,"This bullet demonstrates high-level technical proficiency in sales automation and strategic segmentation, moving beyond simple activity metrics to show complex logic and exceptional conversion results."
Treering Yearbooks,"Engineered 62+ Outreach.io sequences using district-type segmentation and conditional variable logic, achieving reply rates of 34% for In-Contract and 22% for PTA Council campaigns",92.0,"This bullet demonstrates high-level technical proficiency in sales automation tools and provides granular, data-backed evidence of segmentation strategy effectiveness."
Treering Yearbooks,"Built 62+ multi-touch sequences in Outreach.io using conditional logic and A/B testing, achieving reply rates up to 54% across niche K-12 audience segments",92.0,"This bullet is a standout because it combines technical platform mastery with specific, high-level performance metrics and a clear understanding of audience segmentation."
Treering Yearbooks,Implemented Salesforce and Outreach.io sequences using nested if/else conditional logic and behavioral triggers; standardized QA for a 20+ person team via a 14-category checklist to drive reply rates up to 34%,92.0,"This bullet is exceptional because it bridges technical implementation (nested logic) with operational rigor (QA checklist) and quantifies the resulting business impact, demonstrating a rare blend of engineering mindset and sales performance."
Treering Yearbooks,"Built 100+ niche email campaigns in Outreach.io using district-level segmentation and A/B testing, achieving results such as a 74% open and 22% reply rate for PTA Council segments.",92.0,"The bullet provides highly specific, quantifiable metrics that demonstrate both technical proficiency in a standard industry tool and a sophisticated understanding of audience segmentation and conversion optimization."
Treering Yearbooks,"Founded and chaired the Content Committee to unify Sales and Marketing messaging, applying VOC research on district and PTA decision patterns to rebuild 16 sequences across 6 personas",92.0,"This bullet demonstrates high-level strategic leadership by connecting cross-functional alignment with specific, data-driven methodology (VOC research) and tangible output (16 sequences across 6 personas)."
Treering Yearbooks,"Architected a 129-sequence Outreach library and 8-step SDR onboarding site, standardizing campaign workflows and variable logic for a 20-member remote team",92.0,"The bullet provides highly specific quantitative evidence of operational scale and technical complexity, demonstrating an ability to build infrastructure that directly drives team-wide productivity."
Treering Yearbooks,"Architected 129+ Outreach.io sequences using conditional logic and behavioral triggers, achieving a 34% reply rate for in-contract nurture campaigns across 2,000+ accounts managed in Salesforce CRM",92.0,"The bullet demonstrates high-level technical proficiency in sales automation architecture and provides specific, verifiable metrics that prove both scale and effectiveness."
Treering Yearbooks,"Authored 100+ email campaigns across niche segments like Title 1 and Private Schools, achieving a 54% reply rate in Outreach.io through rigorous segmentation and brand voice governance standards for a 20+ person team.",92.0,"The bullet combines high-volume output with an exceptionally rare and impressive reply rate metric, while highlighting leadership in brand governance and cross-functional team coordination."
Treering Yearbooks,"Architected multi-touch outreach campaigns for 1,578 K-12 schools, achieving a 74% open rate and 22% reply rate through personalized messaging and systematic CRM-driven territory management in Outreach.io and Salesforce",92.0,"The bullet provides highly specific, high-volume data points and names the exact tech stack, demonstrating both scale and technical proficiency in a way that is rare for sales-focused roles."
Treering Yearbooks,"Engineered high-performing Outreach.io sequences for niche segments, achieving an 85% open rate and 39% reply rate by optimizing cadence and behavioral triggers for 1,500+ prospects",92.0,"The bullet provides rare, high-level metrics (85% open rate, 39% reply rate) that demonstrate exceptional mastery of sales automation and behavioral psychology rather than just basic task completion."
Treering Yearbooks,- Exceeded sales target by 17% in the first year; was the first outbound team member to achieve $1M in closed revenue.,92.0,The bullet combines a strong quantitative performance metric with a rare 'first-to-achieve' milestone that establishes the candidate as a high-impact pioneer within the organization.
Element 8 / Strategy LLC,"Developed a comprehensive brand identity system and multimedia assets for Strategy LLC, establishing a visual framework that has remained in active use for over 15 years",92.0,"The mention of a 15-year lifespan for a brand identity system is a rare and powerful indicator of long-term design durability, strategic foresight, and exceptional ROI."
Treering Yearbooks,"- Analyzed CRM data to uncover $3M+ in dormant pipeline, reactivating target segments through strategic, market-driven campaigns",92.0,"This bullet demonstrates high-level analytical impact by quantifying a specific, massive revenue recovery ($3M+) and linking it directly to a strategic, actionable business outcome."
Treering Yearbooks,Recruited by Treering’s Head of Sales for a full-time role following high-performance ABM pilot messaging for Adobe eSign that secured two senior-level promotion nominations,92.0,This bullet is exceptional because it quantifies influence through external validation (recruitment by leadership) and internal career velocity (promotion nominations) rather than just listing standard sales metrics.
Treering Yearbooks,"Generated 3,337 prospect enrollments across 6 seasonal Outreach sequences, achieving a 63% average open rate and 8.7% reply rate through data-driven segmentation and multi-touch messaging",92.0,"The bullet provides precise, granular metrics that demonstrate both high-volume execution and sophisticated mastery of email marketing KPIs, which is rare for standard sales or outreach roles."
Treering Yearbooks,"Architected niche outreach sequences for Private and Title 1 segments, achieving a 95% open rate and 54% reply rate through data-driven personalization and multi-touch sequencing",92.0,"The bullet demonstrates exceptional mastery of high-stakes sales metrics by citing specific, industry-defying engagement rates while highlighting the ability to tailor complex strategies for distinct, challenging market segments."
Treering Yearbooks,"Launched 129+ Outreach sequences across 6 personas, systematically A/B testing cadence and timing to achieve a 63% average open rate and 8.7% reply rate across 3,337 prospects",92.0,"The bullet demonstrates high-level strategic execution by quantifying the scale of experimentation, the complexity of persona-based segmentation, and the resulting conversion metrics with impressive precision."
Treering Yearbooks,"Authored ABM pilot messaging for Adobe eSign and achieved Top Seller status, resulting in direct recruitment by Treering's Head of Sales",92.0,"This bullet is a hidden gem because it quantifies a specific strategic initiative (ABM pilot) and provides rare, high-signal social proof by explicitly mentioning a direct recruitment by leadership."
Treering Yearbooks,"Engineered high-performing email sequences in Outreach.io, achieving a 63% average open rate and 8.7% reply rate across 3,337 prospects by leveraging behavioral segmentation and multi-touch logic",92.0,"The bullet provides highly specific, verifiable metrics and demonstrates advanced technical proficiency in sales automation strategy rather than just listing job duties."
Treering Yearbooks,"Authored 100+ personalized email campaigns across niche segments, achieving a 74% open rate and 22% reply rate with PTA Councils by leveraging segment-specific messaging and multi-touch sequencing",92.0,"The inclusion of specific, high-performance metrics (74% open rate, 22% reply rate) combined with a clear methodology (segment-specific messaging) demonstrates exceptional mastery of niche B2B marketing."
Treering Yearbooks,"Architected 129 Outreach sequences for niche K-12 segments, achieving an 85% open rate and 39% reply rate by implementing conditional logic and behavioral timing triggers",92.0,"The bullet demonstrates high-level technical proficiency in marketing automation by quantifying both the scale of the architecture and the specific, highly impressive engagement metrics achieved through behavioral triggers."
Treering Yearbooks,"Optimized email sequences in Outreach.io for niche firmographic segments, A/B testing subject lines and CTAs to achieve reply rates as high as 54% for private school prospects.",92.0,"The bullet provides a rare, highly specific metric (54% reply rate) tied to a distinct, difficult-to-penetrate market segment, demonstrating both technical proficiency and strategic audience targeting."
Treering Yearbooks,"Engineered Salesforce segmentation based on school demographics (Title 1, Private, Hot Zone) and engagement patterns to personalize outreach, including SMS for high-propensity prospects, supporting reply rates up to 54%",92.0,"The bullet demonstrates high-level strategic segmentation and technical execution by linking specific demographic data points to a concrete, high-impact conversion metric."
Treering Yearbooks,"Architected and launched 129 Outreach.io sequences using conditional logic and behavioral triggers to nurture 2,263 accounts, achieving a 63% average open rate across seasonal campaigns.",92.0,"The bullet provides highly specific technical implementation details, precise volume metrics, and an exceptional conversion outcome that demonstrates both strategic planning and operational excellence."
Treering Yearbooks,"Audited 2,933+ Salesforce accounts across 565 districts to identify $3M+ in stale pipeline, resolving critical data hygiene gaps in account ownership and classification.",92.0,"The bullet provides highly specific quantitative data that demonstrates both technical proficiency in Salesforce and a direct, high-value financial impact on the company's sales operations."
Treering Yearbooks,- First outbound team member in history to reach $1M+ in sourced revenue and achieved 117% of target in year one.,92.0,"The bullet provides a rare, high-impact benchmark by framing the achievement as a historical first for the company, which immediately establishes the candidate as a top-tier performer."
Treering Yearbooks,"Optimized a $15.1M portfolio of 2,263 accounts by building a Salesforce-synced prioritization system to segment and target Hot Zone, Private, and Title 1 territories",92.0,"The bullet combines high-level financial scale with a specific technical methodology and a nuanced understanding of market segmentation, demonstrating both strategic thinking and operational execution."
Treering Yearbooks,"Architected 129 Outreach sequences with conditional logic and A/B testing, driving a 63% average open rate across 3,337 prospects during the January 2022 launch",92.0,"The bullet provides an exceptional level of technical specificity by quantifying the complexity of the architecture, the scale of the outreach, and the precise performance metrics achieved."
Treering Yearbooks,"Managed a 2,263-account portfolio, architecting territory-specific outreach sequences and CRM data hygiene protocols that surfaced $3M+ in stale pipeline for re-engagement",92.0,"The bullet combines high-volume account management with specific technical interventions (CRM hygiene, territory-specific sequences) and a quantifiable, high-value outcome ($3M in recovered pipeline) that demonstrates both strategic thinking and operational rigor."
Treering Yearbooks,"Generated $1M+ in sourced revenue as the first outbound hire to reach this milestone, exceeding Year 1 targets by 17% via niche outbound sequencing",92.0,"The bullet combines a high-impact financial milestone with the rare context of being the 'first hire' to achieve it, effectively demonstrating both individual performance and foundational business value."
Treering Yearbooks,"Generated $874,622 in sourced revenue as an early outbound hire at Treering, exceeding the first-year target by 17% through systematic territory management and multi-touch sequencing.",92.0,"The inclusion of an exact, non-rounded revenue figure combined with the context of being an early hire provides high-signal proof of both individual performance and the ability to scale in an ambiguous startup environment."
Treering Yearbooks,"Generated $1M+ in sourced revenue as an early outbound hire by architecting CRM segmentation and Outreach.io sequences, exceeding Year 1 revenue targets by 17%",92.0,"This bullet is a standout because it quantifies both the financial impact and the specific technical architecture used to achieve it, demonstrating a rare blend of sales execution and systems-level strategy."
Treering Yearbooks,"Architected Salesforce and Outreach.io data workflows to identify $3M+ in stale pipeline, while standardizing CRM hygiene and campaign tracking to improve team-wide sequence performance",92.0,This bullet is exceptional because it quantifies a massive financial impact ($3M+) while demonstrating the rare ability to bridge technical architecture (Salesforce/Outreach) with operational strategy (CRM hygiene and performance optimization).
Treering Yearbooks,"Authored 100+ email campaigns using Outreach.io, achieving a 63% average open rate and 8.7% reply rate across 3,337 prospects by implementing segment-specific personalization and multi-touch sequencing",92.0,"The bullet provides a rare combination of high-volume execution, precise performance metrics, and a clear explanation of the methodology used to achieve industry-leading engagement rates."
Treering Yearbooks,Optimized pipeline forecasting and lead prioritization by engineering Salesforce workflows and Outreach.io sequences that surfaced $3M+ in stale accounts for systematic re-engagement,92.0,This bullet is exceptional because it quantifies a specific revenue impact ($3M+) while demonstrating a sophisticated intersection of technical workflow engineering and strategic sales operations.
Treering Yearbooks,"Designed a research-driven outreach strategy for K-12 PTA Councils, utilizing personalized multi-touch sequences to achieve a 74% open rate and 22% reply rate.",92.0,"The bullet provides highly specific, verifiable metrics that demonstrate a sophisticated understanding of sales funnel conversion and data-driven strategy in a niche market."
Treering Yearbooks,Identified $3M+ in stale pipeline by building a Salesforce-synced account prioritization and error-monitoring system to improve lead tracking and forecasting accuracy,92.0,"This bullet demonstrates a rare combination of high-level financial impact ($3M) and technical initiative (building a custom Salesforce-synced system) that directly solves a common, painful business problem."
Treering Yearbooks,"Generated $874K in sourced revenue over 8 years by architecting high-performing email sequences and managing a 1,578-school Hot Zone territory through systematic CRM data hygiene",92.0,"The bullet combines long-term revenue attribution with highly specific operational metrics like '1,578-school Hot Zone' and 'CRM data hygiene,' demonstrating both strategic scale and tactical discipline."
Treering Yearbooks,"Designed a top-down PTA outreach strategy using 14-step district sequences, Thnks gifting, and Facebook research, achieving a 74% open and 22% reply rate.",92.0,"The bullet provides a rare, highly granular look at a multi-channel sales methodology by combining specific tactical steps with precise, high-performance conversion metrics."
Treering Yearbooks,"Designed a top-down PTA outreach strategy using 14-step district sequences, Thnks gifting, and Facebook research, achieving a 74% open and 22% reply rate.",92.0,"The bullet demonstrates a sophisticated, multi-channel sales methodology by combining specific tactical sequences with high-intent personalization and precise, verifiable conversion metrics."
Treering Yearbooks,"Designed a 14-step PTA Council outreach program, achieving a 74% open rate and 22% reply rate by integrating personalized email sequences with Thnks gifting and Facebook research",92.0,"The bullet demonstrates a sophisticated, multi-channel growth strategy by quantifying specific conversion metrics while highlighting the rare, tactical use of personalized gifting and social research to bypass traditional outreach friction."
Treering Yearbooks,"Implemented Outreach.io sequencing for 3,337 prospects, optimizing cadence and A/B testing to achieve a 63% average open rate across 6 seasonal campaigns",92.0,"The bullet provides highly specific data points—exact prospect count, precise open rate, and methodology—that demonstrate both technical proficiency in sales tooling and a sophisticated, data-driven approach to lead nurturing."
Treering Yearbooks,"Systematized CRM data hygiene to audit 2,933+ accounts, surfacing $3M+ in stale pipeline for re-prioritization and targeted outreach",92.0,"The bullet combines granular operational precision with a high-impact financial outcome, demonstrating both technical data stewardship and strategic revenue recovery."
Treering Yearbooks,"Authored targeted outreach campaigns for Title 1 schools to expand yearbook accessibility in low-budget districts, achieving a 95% open and 54% reply rate",92.0,"The bullet combines a mission-driven focus on accessibility with exceptionally high, data-backed engagement metrics that demonstrate both strategic empathy and high-level execution."
Treering Yearbooks,"Built Strategy LLC's complete brand identity and visual system from scratch using Adobe Creative Suite, establishing a brand standard that has remained in active use for 15+ years",92.0,"The claim of a brand identity remaining in active use for 15+ years provides rare, long-term proof of design durability and strategic foresight that far exceeds typical resume claims."
Treering Yearbooks,"Launched the outbound sales function as one of the first two hires and became the first to surpass $1M in sourced revenue, exceeding the Year 1 target by 17%",92.0,"This bullet demonstrates high-impact foundational work by highlighting both the 'first hire' status and a concrete, quantified revenue milestone that proves individual contribution to scaling a business."
Treering Yearbooks,Founded and chaired the Content Committee to unify Sales and Marketing on brand voice and QA; leveraged VOC research to architect the 16-sequence Outreach.io program rebuild,92.0,"This bullet demonstrates high-level cross-functional leadership and technical proficiency by linking qualitative VOC research directly to a specific, measurable architectural rebuild of a sales engagement platform."
Treering Yearbooks,"Authored 100+ multi-touch email campaigns and branded sales collateral for niche segments, achieving open rates up to 95% and reply rates up to 54% to drive product adoption",92.0,"The combination of high-volume output with exceptionally rare, industry-leading engagement metrics (95% open/54% reply) provides immediate, quantifiable proof of elite-level copywriting and segmentation strategy."
Treering Yearbooks,"Designed a 14-step district outreach program for PTA Councils, achieving a 74% open rate and 22% reply rate through targeted channel mapping and personalized engagement strategies",92.0,"The bullet demonstrates high-level strategic thinking by quantifying a complex multi-step process with specific, impressive engagement metrics that prove both operational rigor and sales effectiveness."
Treering Yearbooks,"Architected and launched 16 multi-touch Outreach sequences across 6 personas, achieving a 63% average open rate and 8.7% reply rate across 3,337 prospects",92.0,"The bullet provides an exceptional level of granular detail by quantifying the scope of the architecture, the specific audience segmentation, and the resulting conversion metrics, which demonstrates high-level strategic execution."
Treering Yearbooks,"Built and operated a 40-column tracking system to manage 1,578 schools across 100+ districts, coordinating multi-stakeholder sales cycles for a $15.1M account portfolio",92.0,"The bullet provides a rare combination of granular operational complexity (40-column tracking system) and high-level financial accountability ($15.1M portfolio), demonstrating both technical rigor and strategic scale."
Treering Yearbooks,"Founded and chaired a cross-departmental Content Committee to unify Sales and Marketing messaging, leveraging 181 pages of VOC feedback to rebuild the 2022-23 sequence program.",92.0,The bullet demonstrates high-level cross-functional leadership and data-driven decision-making by quantifying the specific volume of VOC feedback used to execute a strategic organizational pivot.
Treering Yearbooks,"Optimized campaign performance in Outreach.io through systematic A/B testing of subject lines, CTAs, and send windows, achieving benchmarks such as a 74% open rate and zero opt-outs.",92.0,"The combination of a specific, high-performance metric (74% open rate) with the rare and impressive achievement of 'zero opt-outs' demonstrates exceptional audience management and strategic precision."
Treering Yearbooks,"Generated $874,622 in sourced revenue as the first outbound hire at Treering, exceeding Year 1 targets by 17% through systematic territory management and multi-touch sequence strategy",92.0,"The bullet provides high-precision financial data and establishes unique authority by highlighting the candidate's role as the 'first outbound hire,' which signals both entrepreneurial grit and the ability to build processes from scratch."
Treering Yearbooks,"Generated $1M+ in sourced revenue as the first outbound hire to reach this milestone, exceeding the Year 1 target by 17% via targeted outbound sequencing",92.0,"The bullet provides high-impact quantitative results while establishing unique context as the 'first hire' to reach a milestone, which signals high individual contribution and scalability."
Treering Yearbooks,"Launched 100+ full-cycle email campaigns for niche audience segments using Outreach.io, achieving high-performance results including a 74% open and 22% reply rate for PTA Councils",92.0,"The bullet provides highly specific, verifiable metrics that demonstrate both technical proficiency in a standard industry tool and an exceptional understanding of audience-specific engagement strategies."
Treering Yearbooks,"Architected and launched 129+ Outreach.io sequences across 6 personas, achieving a 63% average open rate and 8.7% reply rate for 3,337 prospects during the January 2022 launch",92.0,"The bullet provides an exceptional level of granular detail, including specific volume, multi-persona segmentation, and high-performance conversion metrics that demonstrate both technical execution and strategic depth."
Treering Yearbooks,"Audited 2,933+ CRM records to identify $3M+ in stale pipeline, subsequently building custom Salesforce dashboards and training protocols to improve territory prioritization and data hygiene",92.0,"This bullet is exceptional because it quantifies both the scope of the audit and the massive financial impact of the cleanup, while demonstrating a rare combination of operational rigor and technical Salesforce proficiency."
Treering Yearbooks,"Created a dedicated research role and custom Salesforce dashboards to identify $3M+ in stale pipeline across 2,933 accounts through systematic CRM data hygiene",92.0,"This bullet is exceptional because it quantifies both the financial impact ($3M) and the specific operational scale (2,933 accounts) while highlighting a proactive, self-initiated process improvement."
Treering Yearbooks,"Launched access-first outreach campaigns for Title 1 and Private School segments, achieving a 95% open rate and 54% reply rate to drive equitable yearbook adoption",92.0,The combination of high-stakes metrics (95% open/54% reply) with a mission-driven focus on equitable access creates a compelling narrative of both technical proficiency and social impact.
Treering Yearbooks,"Integrated AI tools into campaign workflows to automate content drafting, resulting in a 63% average open rate across 3,337 prospects during the January 2022 sequence launch cycle",92.0,"This bullet is exceptional because it combines a specific, high-impact technical implementation (AI workflow integration) with precise, verifiable metrics that demonstrate both efficiency and high-level performance."
Treering Yearbooks,"Led the Content Committee to align Sales and Marketing, applying 181 pages of VOC feedback to rebuild 16 persona-based sequences and implement a 14-category QA checklist in Outreach.io",92.0,"This bullet is exceptional because it quantifies qualitative feedback (181 pages of VOC) and maps it directly to specific operational outputs (16 personas, 14-category QA) that demonstrate a sophisticated, data-driven approach to sales enablement."
Treering Yearbooks,Analyzed 181 pages of VOC survey feedback to architect a 16-sequence program rebuild across 6 personas to align sales messaging and enablement with direct customer insights,92.0,"This bullet is exceptional because it quantifies the qualitative research process and demonstrates a direct, logical bridge between raw customer feedback and a complex, multi-persona architectural output."
Treering Yearbooks,"Integrated Outreach.io with Salesforce and executed a systematic CRM audit, identifying $3M+ in stale pipeline through field mapping and custom dashboard design",92.0,"This bullet demonstrates high-level technical proficiency combined with a massive, quantifiable financial impact that directly addresses a common but often ignored operational pain point."
Treering Yearbooks,"Architected district-level ABM outreach strategies for PTA Councils, securing a 74% open rate and 22% reply rate while streamlining RFP processes for multi-school deals",92.0,"The bullet combines high-level strategic architecture with specific, impressive conversion metrics and a clear operational improvement in RFP efficiency, demonstrating both sales acumen and process optimization."
Treering Yearbooks,"Systematized CRM data hygiene and account prioritization, identifying $3M+ in stale pipeline and establishing new research workflows that improved territory management efficiency across 2,900+ accounts",92.0,"The bullet combines a high-impact financial metric ($3M+) with specific operational scale (2,900+ accounts) and a clear demonstration of process improvement, which is rare for sales-focused roles."
Treering Yearbooks,"Overhauled CRM data hygiene and Salesforce-Outreach integration, identifying $3M+ in stale pipeline and establishing territory-specific prioritization workflows that improved team-wide account management",92.0,"This bullet is exceptional because it quantifies a massive financial impact ($3M) resulting from technical process improvement rather than just sales activity, demonstrating both data-driven strategy and operational efficiency."
Treering Yearbooks,"Designed a top-down PTA Council outreach strategy using Facebook group research and Thnks gifting, achieving a 74% open and 22% reply rate.",92.0,"This bullet is exceptional because it quantifies a specific, multi-channel outreach strategy with precise conversion metrics that demonstrate both creative resourcefulness and high-level sales effectiveness."
Treering Yearbooks,"Architected a district-level outreach strategy for PTA Councils, achieving a 74% open rate and 22% reply rate by integrating personalized messaging with targeted research and gifting workflows",92.0,"This bullet is exceptional because it quantifies high-level engagement metrics while detailing a sophisticated, multi-channel workflow that demonstrates both strategic planning and tactical execution."
Treering Yearbooks,Managed a $15.1M sales territory and executed a targeted email strategy that achieved a 39% reply rate on first-touch sequences,92.0,The combination of managing a high-value $15.1M territory with an exceptionally specific and high-performing 39% reply rate provides both scale and granular tactical excellence.
Treering Yearbooks,Systematized lifecycle content governance by authoring a 14-category QA checklist and month-by-month messaging calendar for a 16-sequence program rebuild based on 181 pages of VOC research,92.0,The bullet demonstrates high-level strategic synthesis by quantifying the exact scale of research (181 pages) and the complexity of the output (14-category checklist) to prove a data-driven approach to program architecture.
Treering Yearbooks,"Audited 2,933+ Salesforce and Outreach.io accounts to identify $3M+ in stale pipeline, improving data accuracy and account prioritization for a 20-member remote team",92.0,"The bullet combines a highly specific, large-scale audit volume with a clear financial impact and a tangible operational improvement for a remote team, demonstrating both technical diligence and strategic business value."
Treering Yearbooks,"Identified $3M+ in stale pipeline across 2,933 Salesforce records and built custom dashboards to optimize account targeting and prioritization",92.0,"The bullet combines a precise financial impact ($3M+) with a specific operational scale (2,933 records) and a clear technical solution, demonstrating both strategic initiative and data-driven execution."
Treering Yearbooks,"Architected 62 multi-touch sequences in Outreach.io for niche K-12 segments, achieving a 34% reply rate on high-value accounts and driving team-wide adoption through standardized content governance.",92.0,"This bullet demonstrates a rare combination of technical platform mastery, high-impact quantitative results, and the leadership maturity to implement organizational governance."
Treering Yearbooks,"Founded and chaired a cross-functional Content Committee, standardizing brand voice across 1,920+ email templates and driving a 34% reply rate in high-priority sales sequences.",92.0,"The bullet demonstrates high-level organizational leadership, precise scale (1,920+ templates), and a direct, quantifiable impact on sales performance that is rare for content-focused roles."
Treering Yearbooks,"Architected a centralized content library in Outreach.io, standardizing 100+ assets and brand voice guidelines that improved reply rates for in-contract accounts from a 5% baseline to 34%.",92.0,"This bullet demonstrates high-level strategic architecture, specific tool mastery, and a massive, quantifiable impact on a core business metric that directly correlates to revenue retention."
Treering Yearbooks,"Architected Outreach.io and Salesforce API workflows to automate lead synchronization for 2,000+ accounts, scaling personalized outreach while maintaining a 34% reply rate on key sequences.",92.0,"This bullet demonstrates high-level technical orchestration by linking CRM infrastructure to sales performance metrics, providing a rare combination of automation engineering and measurable revenue-generating impact."
Treering Yearbooks,"Founded the Content Committee to govern brand voice and QA for 96+ campaign variants, improving reply rates from a 5% baseline to 34% in key segments.",92.0,"This bullet demonstrates high-level organizational leadership, rigorous quality control, and a massive, quantifiable impact on conversion metrics that clearly distinguishes the candidate from peers."
Treering Yearbooks,"Optimised email lifecycle strategy by auditing Salesforce data to identify $3M+ in stale pipeline, subsequently deploying targeted re-engagement sequences that achieved a 34% reply rate.",92.0,This bullet demonstrates high-level analytical rigor by connecting a specific data audit to a massive dollar-value recovery and backing it up with an exceptionally high conversion metric.
Treering Yearbooks,"Orchestrated cross-functional content governance via a new Content Committee, standardizing 100+ email sequences and improving principal-targeted campaign reply rates from 5% to 34% through data-driven A/B testing.",92.0,"This bullet is exceptional because it connects organizational process improvement (content governance) directly to a specific, high-impact quantitative outcome (a 6.8x increase in reply rates) within a niche B2B segment."
Treering Yearbooks,"Architected a data-driven outreach strategy in Outreach.io and Salesforce, leveraging conditional variable logic and automated segmentation to source $1M+ in revenue within the first year.",92.0,"The bullet combines technical proficiency in specific enterprise tools with a highly impressive, quantifiable revenue outcome that demonstrates both strategic thinking and direct business impact."
Treering Yearbooks,"Executed a targeted PTA Council outreach campaign using custom segmentation and multi-touch sequencing in Outreach.io, achieving a 73% open rate and 25% reply rate across 299 unit presidents.",92.0,"This bullet is exceptional because it quantifies both the methodology (multi-touch sequencing, custom segmentation) and the precise outcome, demonstrating a sophisticated, data-driven approach to sales outreach that goes far beyond standard 'cold calling' descriptions."
Mercor,"Designed and deployed 100+ multi-touch email sequences in Outreach.io, integrating variable logic and audience segmentation to achieve a 54% reply rate in high-priority B2B segments.",92.0,"The bullet provides a rare combination of high-volume technical execution and an exceptionally specific, high-impact performance metric that demonstrates mastery of sales automation tools."
Treering Yearbooks,"Chaired a cross-functional Content Committee to standardize brand voice and sequence strategy across 129+ assets, driving a 34% reply rate in key segments through rigorous editorial governance.",92.0,"The bullet demonstrates high-level operational leadership by quantifying the scale of governance and linking editorial strategy directly to a specific, impressive conversion metric."
Treering Yearbooks,"Pioneered a district-level outreach strategy for PTA Councils, securing a statewide partnership and presentation; achieved a 74% open and 22% reply rate through personalized, multi-touch sequencing.",92.0,"The bullet combines high-level strategic partnership development with granular, data-backed evidence of sales execution, demonstrating both macro-vision and micro-tactical proficiency."
Treering Yearbooks,"Built custom Salesforce dashboards and reports to track customer journey progression and campaign performance, surfacing $3M+ in stale pipeline for re-prioritization and revenue recovery.",92.0,"This bullet is exceptional because it directly links technical Salesforce implementation to a specific, high-impact financial outcome ($3M+ revenue recovery) rather than just listing job duties."
Treering Yearbooks,"Generated $1M+ in sourced revenue by architecting multi-touch Outreach.io sequences and integrating Salesforce data hygiene workflows, exceeding first-year targets by 17% through systematic pipeline re-prioritization.",92.0,"This bullet is a standout because it bridges the gap between technical operations (Salesforce hygiene, Outreach.io architecture) and high-level financial impact, providing a rare, quantifiable link between CRM maintenance and revenue growth."
Treering Yearbooks,"Architected A/B testing roadmaps for 100+ email campaigns, leveraging Outreach.io and Salesforce to optimize messaging, resulting in a 34% reply rate for high-value in-contract sequences.",92.0,"The bullet provides a rare combination of specific tool proficiency, a high-volume testing methodology, and a highly impressive, quantifiable outcome for a specific segment of the sales funnel."
Treering Yearbooks,"Audited Salesforce records to identify $3M+ in stale pipeline across 2,933 accounts and built a CRM-error monitoring system to improve data hygiene and reporting accuracy",92.0,"The bullet combines a high-impact financial metric with a specific technical solution, demonstrating both business acumen and the ability to build scalable systems to prevent future operational debt."
Treering Yearbooks,"Launched a 6-sequence email program across 3,337 prospects, achieving a 63% average open rate and 8.7% reply rate through systematic A/B testing and Outreach.io optimization",92.0,"The bullet provides highly specific, granular data points and names the exact methodology and toolset used, demonstrating a sophisticated, data-driven approach to sales automation."
Treering Yearbooks,"Architected a year-long lifecycle email program across 16 sequences, achieving a 63% average open rate and 8.7% reply rate for 3,337 prospects by implementing rigorous QA and segment-specific personalization",92.0,"The bullet provides an exceptional combination of scale, granular performance metrics, and a clear technical methodology that demonstrates both strategic planning and execution excellence."
Treering Yearbooks,"Authored niche email campaigns for private and Title 1 schools, achieving a 54% reply rate through precise copywriting and segment-specific personalization.",92.0,"The bullet combines a highly specific, impressive metric with a nuanced understanding of market segmentation, demonstrating both technical proficiency and strategic empathy."
Treering Yearbooks,"Orchestrated high-performing email sequences for niche segments, achieving a 63% average open rate across 6 campaigns and a 34% reply rate for in-contract nurture flows",92.0,The inclusion of a 34% reply rate for nurture flows is a rare and highly impressive metric that demonstrates genuine engagement and sophisticated copywriting skill beyond standard open rates.
Treering Yearbooks,"Designed a 14-step district outreach sequence and branded presentation kits for educators and parents, achieving a 74% open and 22% reply rate for PTA Council campaigns",92.0,"The bullet demonstrates high-level strategic thinking by quantifying a complex multi-step workflow and providing specific, impressive engagement metrics that prove direct business impact."
Treering Yearbooks,"Authored 100+ niche email campaigns using multi-touch sequencing and variable logic, achieving results such as an 85% open and 39% reply rate for Hot Zone prospects.",92.0,"The bullet provides rare, high-level specificity by quantifying both the technical complexity of the sequencing logic and the exceptional conversion metrics for a targeted prospect segment."
Treering Yearbooks,"Built an 8-step SDR onboarding website and training materials for 129 Outreach sequences, establishing the official enablement infrastructure for a 20+ member remote team",92.0,This bullet demonstrates high-level operational impact by quantifying the scale of the enablement infrastructure and showing a direct contribution to team scalability and process standardization.
Treering Yearbooks,"Engineered a 14-step PTA council outreach program using Outreach.io and Thnks gifting, generating a 74% open rate and 22% reply rate among hard-to-reach audiences",92.0,"The bullet demonstrates high-level strategic thinking by detailing a specific multi-step workflow, naming the exact tech stack, and providing impressive, verifiable conversion metrics for a notoriously difficult target demographic."
Treering Yearbooks,"Architected a 16-sequence lifecycle program for 3,337 prospects, achieving a 63% average open rate and 8.7% reply rate through rigorous A/B testing and CRM-integrated segmentation.",92.0,"The bullet provides highly specific, granular data points that demonstrate both technical CRM expertise and a sophisticated understanding of conversion funnel optimization."
Treering Yearbooks,"Launched a 14-step district and PTA outreach model to expand multi-school procurement pathways, achieving a 74% open and 22% reply rate for PTA Council campaigns",92.0,"This bullet is exceptional because it quantifies a complex, multi-step process with specific conversion metrics that demonstrate both strategic operational design and high-level sales execution."
Treering Yearbooks,"Designed a 14-step district and PTA council outreach strategy and trained the team on Salesforce setup, achieving a 74% open and 22% reply rate",92.0,"The bullet combines a highly specific, repeatable process (14-step strategy) with rare, granular metrics (open and reply rates) that demonstrate both strategic planning and technical execution."
Treering Yearbooks,Architected go-to-market enablement programs by synthesizing VOC research from 181 pages of survey data into 16 rebuilt sequences and standardized cross-functional launch communications,92.0,"The bullet provides highly specific quantitative evidence of a complex synthesis process, demonstrating both analytical rigor and tangible operational output that goes far beyond standard 'market research' claims."
Treering Yearbooks,"Architected and executed full-funnel lifecycle campaigns for 3,337 prospects, achieving a 63% average open rate and 8.7% reply rate through rigorous A/B testing and audience segmentation",92.0,"The inclusion of a highly specific prospect count combined with precise, high-performing conversion metrics demonstrates exceptional data-driven rigor and tangible business impact."
Treering Yearbooks,"Authored multi-channel outreach for educators, districts, and parents, including a PTA Council strategy that achieved a 74% open rate and 22% reply rate",92.0,"The inclusion of highly specific, high-performing engagement metrics (74% open rate, 22% reply rate) for a niche audience demonstrates exceptional strategic competence and data-driven results."
Treering Yearbooks,"Architected a 16-sequence lifecycle program across 6 personas, implementing a 14-category QA checklist that drove open rates up to 83% and reply rates up to 38% for key segments",92.0,"The bullet demonstrates high-level strategic architecture and operational rigor by quantifying both the complexity of the system and the specific, impressive performance outcomes."
Treering Yearbooks,"Founded and chaired the Content Committee to unify Sales and Marketing messaging, applying 181 pages of VOC research to architect a 16-sequence program across 6 personas",92.0,"The bullet demonstrates high-level strategic synthesis by quantifying the research volume and mapping it to a complex, multi-persona execution framework, which signals rare cross-functional leadership and analytical rigor."
Treering Yearbooks,- Mapped reference personas across the K–12 buying unit and maintained a living “reference map” by geography; used proximity proof (“nearby schools using Treering”) to boost credibility and accelerate first calls,92.0,"This bullet demonstrates a sophisticated, data-driven approach to sales enablement by quantifying the 'proximity proof' strategy, which reveals a deep understanding of B2B buying psychology and operationalizing influence."
Treering Yearbooks,"Architected lifecycle outreach in Outreach.io, building a 129-sequence library that achieved a 63% average open rate across 3,337 prospects during the January 2022 launch",92.0,"The bullet provides an exceptional combination of technical tool mastery, massive scale, and highly specific performance metrics that demonstrate both strategic planning and execution excellence."
Treering Yearbooks,"Authored empathy-driven email campaigns for hard-to-reach PTA audiences, achieving a 74% open rate and 22% reply rate with zero opt-outs",92.0,"The combination of a highly specific, high-performance metric with the rare achievement of zero opt-outs demonstrates exceptional audience segmentation and messaging precision."
Treering Yearbooks,"Optimized campaign performance by executing A/B and multivariate testing across 129 Outreach sequences, driving a 63% average open rate for the January 2022 launch.",92.0,The bullet provides highly specific data points—129 sequences and a 63% open rate—that demonstrate both technical rigor in testing methodology and exceptional performance outcomes.
Treering Yearbooks,"Engineered audience segmentation and personalization logic across 129 Outreach sequences, driving a 63% average open rate for a 3,337-prospect campaign launch.",92.0,"The bullet provides highly specific, granular data points that demonstrate both technical complexity in logic engineering and significant, measurable business impact."
Treering Yearbooks,"Implemented Iterable multi-channel CRM workflows to scale lifecycle marketing, achieving a 63% average open rate across 3,337 prospects during the January 2022 sequence launch",92.0,"The bullet provides an exceptional level of precision by citing a specific CRM tool, a highly impressive open rate metric, and a granular sample size, demonstrating both technical proficiency and tangible business impact."
Treering Yearbooks,"Audited Salesforce records to identify $3M+ in stale pipeline across 2,933 accounts, implementing a self-built prioritization system to optimize targeted outreach and recover unworked revenue",92.0,The bullet combines high-stakes financial impact with specific data volume and demonstrates technical initiative by building a custom prioritization system rather than just using existing tools.
Treering Yearbooks,"Designed and executed VOC research instruments, including a 181-page feedback survey, to inform the 2022-2023 rebuild of 16 core sales sequences.",92.0,"The inclusion of the specific '181-page' detail provides rare, tangible evidence of the scale and rigor of the research process, transforming a standard task into a high-effort, data-driven achievement."
Treering Yearbooks,"Rebuilt 16 sales sequences across 6 personas as Chair of the Content Committee, using 181 pages of VOC research to align messaging with lifecycle stages and funnel goals",92.0,"The inclusion of specific data points like '181 pages of VOC research' provides rare, tangible evidence of the depth of analysis and strategic rigor behind the execution."
Treering Yearbooks,Exceeded Year 1 revenue targets by 17% as the first outbound hire to surpass $1M in sourced revenue while optimizing outbound sales processes.,92.0,"The bullet combines a specific, high-impact revenue milestone with the rare 'first hire' context, demonstrating both individual performance and the ability to build scalable processes from scratch."
Treering Yearbooks,"Generated $1M+ in sourced revenue as the first outbound hire to reach this milestone, exceeding the Year 1 revenue target by 17%",92.0,"The bullet provides high-impact financial metrics while establishing the candidate's unique value as a 'first hire' pioneer, which signals both high performance and the ability to build processes from scratch."
Treering Yearbooks,"Secured two Top Seller awards and a Top 10 company ranking within the first month, leading to a promotion to manager of a 12-member team within six months",92.0,"The bullet provides a rare, high-velocity narrative of rapid promotion and top-tier performance metrics that immediately establishes the candidate as a high-potential outlier."
Treering Yearbooks,"Audited Salesforce CRM data to identify $3M+ in stale pipeline, subsequently reassigning 2,933+ accounts to SDRs to optimize territory coverage and lead follow-up",92.0,This bullet demonstrates high-level analytical rigor and direct revenue impact by quantifying both the financial recovery and the specific operational scale of the account redistribution.
Treering Yearbooks,"Optimized email engagement by A/B testing subject lines, timing, and content, achieving a 63% average open rate and 8.7% reply rate across a 6-sequence suite for 3,337 prospects.",92.0,"The bullet provides highly specific, verifiable metrics across a defined sequence size and audience, demonstrating a sophisticated, data-driven approach to sales or marketing outreach."
Treering Yearbooks,"Led an SDR pod to execute a top-down PTA outreach strategy, pairing Facebook group research with Thnks gifting to achieve a 74% open and 22% reply rate",92.0,"This bullet is exceptional because it quantifies a multi-channel, creative sales strategy with specific conversion metrics that demonstrate both tactical execution and high-level strategic thinking."
Treering Yearbooks,"Spearheaded district-level PTA outreach strategy, designing a 14-step sequence and training the team on Salesforce setup, resulting in a 74% open rate and 22% reply rate",92.0,"The bullet provides a rare combination of specific process engineering (14-step sequence), technical implementation (Salesforce setup), and high-level performance metrics that demonstrate both strategic thinking and operational execution."
Treering Yearbooks,"Authored 100+ high-performing sales sequences and marketing collateral for district and PTA partners, achieving a 74% open rate and 22% reply rate on key channel campaigns.",92.0,"The bullet provides highly specific, quantifiable performance metrics that demonstrate exceptional mastery of email marketing and B2B communication strategy."
Inside Sales Team,"Architected and launched 16 Outreach.io sequences, optimizing cadence and messaging to achieve a 63% average open rate",92.0,"This bullet is a hidden gem because it quantifies both the technical execution of the sales stack and the specific, high-performance outcome of the messaging strategy, moving beyond generic sales metrics."
Inside Sales Team,Architected a Salesforce-synced account prioritization system that identified $3M+ in stale pipeline and standardized territory research methodologies across 565 districts,92.0,This bullet demonstrates high-level operational strategy and technical integration skills that transform a standard sales role into a scalable business process improvement achievement.
Inside Sales Team,"Launched 6 high-volume Outreach.io sequences in January 2022, achieving a 63% average open rate and 8.7% reply rate across 3,337 prospects.",92.0,"This bullet is exceptional because it provides precise, verifiable metrics that demonstrate both technical proficiency with sales tooling and high-level performance benchmarks that far exceed industry averages."
Inside Sales Team,"Architected a 14-step district-level outreach program using Outreach.io, achieving a 74% open rate and 22% reply rate by aligning messaging with PTA council structures and buyer intent",92.0,"The bullet demonstrates high-level strategic thinking by detailing a specific, complex workflow and linking it to a nuanced understanding of organizational decision-making structures rather than just listing sales metrics."
Inside Sales Team,"Architected 16 multi-touch Outreach.io sequences using conditional variable logic and behavioral triggers, achieving an 8.7% average reply rate across 3,337 prospects",92.0,"This bullet demonstrates rare technical proficiency in sales automation tools combined with specific, high-volume data that proves both strategic thinking and tangible performance impact."
Inside Sales Team,"Architected a territory management system for 1,578 schools that increased account coverage and sustained qualified meeting volume through systematic Salesforce-synced prioritization",92.0,"The bullet demonstrates high-level strategic thinking by quantifying the scope (1,578 schools) and linking technical implementation (Salesforce-synced prioritization) directly to sustained business performance."
Treering Yearbooks,"Generated high-intent leads from hard-to-reach PTA audiences by integrating Facebook group research with personalized outreach, achieving a 74% open rate and 22% reply rate.",92.0,"This bullet demonstrates a sophisticated, repeatable methodology for penetrating niche markets and provides highly specific, impressive engagement metrics that prove tangible ROI."
Treering Yearbooks,"Orchestrated a 16-sequence lifecycle program across 6 personas, achieving a 63% average open rate and 8.7% reply rate for 3,337 prospects through systematic A/B testing and VOC-driven content governance",92.0,"The bullet demonstrates high-level strategic orchestration by quantifying the complexity of the lifecycle program, specific conversion metrics, and the sophisticated use of VOC-driven governance to optimize performance."
Inside Sales Team,"Optimized K–12 outreach sequences by implementing conditional variable logic and behavioral segmentation, resulting in a 63% average open rate across 6 core campaigns",92.0,"This bullet demonstrates high-level technical proficiency in sales automation and data-driven strategy, moving beyond generic 'sales' tasks to show sophisticated, scalable process optimization."
Treering Yearbooks,"Audited CRM data and audience flow across Salesforce and Outreach.io to ensure trigger accuracy, identifying $3M+ in stale pipeline through systematic hygiene and account re-prioritization",92.0,"This bullet demonstrates high-level operational impact by quantifying a massive financial recovery ($3M+) directly tied to technical proficiency in CRM hygiene, which is a rare and highly valued skill set."
Treering Yearbooks,"Engineered custom Salesforce dashboards and reporting suites to support a new research role, identifying $3M+ in stale pipeline across 2,933 accounts.",92.0,"The bullet combines technical implementation with a highly specific, high-stakes financial outcome that demonstrates both analytical rigor and direct business impact."
Treering Yearbooks,"Authored 100+ email sequences across niche segments, achieving a 63% average open rate and 8.7% reply rate for the January 2022 launch of 3,337 prospects.",92.0,"The bullet provides exceptional specificity by combining volume, precise segmentation, and high-conversion metrics that demonstrate both technical proficiency and tangible business impact."
Treering Yearbooks,"Engineered Salesforce dashboards and territory tracking systems to surface $3M+ in stale pipeline, enabling targeted re-engagement across 2,933 accounts and 565 districts.",92.0,"The bullet combines high-impact financial results with precise, granular data that demonstrates both technical proficiency and a deep understanding of sales operations at scale."
Element 8 / Strategy LLC,"Designed Strategy LLC's complete brand identity system from scratch, establishing visual standards and digital assets that remain in active use 15+ years later",92.0,"The claim of 15+ years of active use provides rare, powerful evidence of long-term design durability and institutional impact that far exceeds standard branding experience."
Element 8 / Strategy LLC,"Built the complete brand identity system for Strategy LLC, including logos, color palettes, and templates still in active use 15 years after creation",92.0,"The mention of the brand identity remaining in active use 15 years later provides rare, powerful evidence of long-term design durability and institutional impact."
Element 8 / Strategy LLC,"Developed Strategy LLC's complete brand identity and visual system, including print and apparel collateral, establishing a cohesive brand standard that remained in active use for 15+ years",92.0,"The mention of a brand identity remaining in active use for over 15 years provides rare, long-term evidence of design durability and strategic foresight that far exceeds typical short-term project claims."
Element 8 / Strategy LLC,"Built the complete brand identity system for Strategy LLC from scratch, establishing a visual framework and cohesive messaging that remains in active use 15+ years later",92.0,"The longevity of the impact (15+ years) serves as rare, powerful evidence of the candidate's foundational influence and the enduring quality of their strategic work."
Element 8 / Strategy LLC,"Architected Strategy LLC's complete brand identity system, establishing a visual framework across web, social and print that has remained in active use for over 15 years",92.0,"The claim of a brand identity remaining in active use for over 15 years provides rare, powerful evidence of long-term strategic foresight and design durability that far exceeds the typical 'created brand identity' bullet."
Element 8 / Strategy LLC,"Built Strategy LLC's complete brand identity from scratch, creating a visual system that remains in active use 15 years later",92.0,"The claim of a visual system remaining in active use for 15 years provides rare, powerful evidence of long-term design durability and institutional impact that transcends typical short-term project metrics."
USitek,"Built a comprehensive brand identity system from scratch for Strategy LLC, establishing a visual standard that has remained in active use for over 15 years",92.0,"The mention of a 15-year lifespan for a brand identity system provides rare, long-term evidence of design durability and strategic foresight that far exceeds typical short-term project impact."
Inside Sales Team,"Recovered $3M+ in stale pipeline by auditing 2,933+ accounts and deploying targeted re-engagement sequences to stalled budget owners",92.0,"The bullet demonstrates high-level strategic initiative by quantifying both the specific volume of work and the significant financial recovery, moving beyond standard sales metrics to show analytical rigor."
Inside Sales Team,Architected a Salesforce-synced account prioritization system that identified $3M+ in stale pipeline and informed the 22-23 sequence rebuild strategy through VOC research data,92.0,"This bullet demonstrates a rare blend of technical systems architecture, high-dollar financial impact, and data-driven strategic influence that elevates the candidate far above a typical sales role."
Inside Sales Team,Exceeded Year 1 revenue targets by 17% and became the first outbound hire to surpass $1M in sourced revenue,92.0,The bullet combines a strong quantitative metric with a unique 'first-to-achieve' milestone that establishes the candidate as a high-performing outlier within the organization.
Inside Sales Team,"Engineered a multi-stakeholder district tracking system for 1,578 schools across 100+ districts, integrating Salesforce data and Google Earth mapping to increase outreach authenticity and conversion rates",92.0,"The bullet demonstrates a rare intersection of technical initiative, geographic data visualization, and large-scale operational impact that elevates a standard sales role into a strategic engineering function."
Inside Sales Team,"Directed a 12-member BDR team as sole manager within six months of hire, following top-tier sales performance",92.0,"This bullet highlights an exceptional trajectory of rapid promotion based on merit, demonstrating both individual high-performance and the rare ability to transition into leadership within an accelerated timeframe."
Inside Sales Team,"Directed a 12-member BDR team as sole manager within six months of hire, following top-tier sales performance",92.0,"This bullet demonstrates an exceptionally rare 'fast-track' promotion trajectory that signals high-potential leadership and immediate, high-impact performance within a short timeframe."
Inside Sales Team,"Architected a 16-sequence lifecycle program for 6 personas, achieving a 63% average open rate and 8.7% reply rate through VOC-informed messaging and Outreach.io automation",92.0,"This bullet demonstrates high-level strategic thinking by linking specific technical automation to persona-based segmentation and VOC-driven messaging, moving well beyond standard sales metrics."
Inside Sales Team,Architected and maintained an 8-step SDR onboarding website that standardized training for a 20-member remote team and remains official infrastructure as of 2026,92.0,"This bullet demonstrates high-level initiative by transforming a standard sales role into a cross-functional product and operations project that created lasting, scalable infrastructure."
Element 8 / Strategy LLC,"Built the complete brand identity for Strategy LLC, creating a visual system that has remained in active use for over 15 years",92.0,"The longevity of the visual system provides rare, objective proof of high-quality, timeless design work that transcends typical short-term project cycles."
Element 8 / Strategy LLC,"Developed the complete brand identity system for Strategy LLC, creating a visual framework that has remained in active use for over 15 years",92.0,"The claim of a 15-year shelf life for a brand identity provides rare, objective evidence of long-term strategic impact and design durability that transcends typical short-term project metrics."
Element 8 / Strategy LLC,"Built the complete brand identity system for Strategy LLC, establishing a visual foundation that remained in active use for over 15 years across multiple business evolutions",92.0,"The bullet demonstrates exceptional long-term impact and brand durability, proving the candidate's work provided foundational value that survived multiple business pivots over a decade and a half."
Element 8 / Strategy LLC,"Built a comprehensive brand identity system from scratch for Strategy LLC, establishing a visual framework that has remained in active use for over 15 years",92.0,"The mention of a 15-year longevity for a brand system provides rare, objective proof of high-quality, future-proof design work that transcends typical short-term project metrics."
Misc. / Unassigned,"- Impact: Built a customer proof program across 2,000+ accounts contributing $1M+ in sourced revenue; created enablement that delivered 43% reply rates and 80%+ engagement",92.0,"The bullet provides a rare combination of high-scale account management, direct revenue attribution, and specific, high-performance engagement metrics that demonstrate both strategic execution and tactical success."
Element 8 / Strategy LLC,- Spearheaded brand-system development for a new venture; identity remains in use a decade later.,92.0,"The claim of longevity demonstrates rare, high-level strategic foresight and enduring impact that transcends typical short-term project metrics."
Element 8 / Strategy LLC,"- Recruited by CEO to lead visual identity development for new venture, visual systems still in use more than a decade later.",92.0,"The bullet demonstrates high-level trust through direct recruitment by leadership and provides rare, long-term proof of impact by highlighting the decade-long longevity of the work."
Inside Sales Team,- Ranked in the company's Top 10 reps within two months and promoted within six months to lead a 12-person outreach team.,92.0,"This bullet provides a rare combination of rapid individual performance metrics and immediate leadership progression, signaling high-potential talent that stands out in a sales context."
Inside Sales Team,- Ranked among the Top 10 company-wide within two months and promoted to lead a 12-person SDR team within six months.,92.0,"The bullet provides a rare, high-impact narrative of rapid performance-based promotion that demonstrates both individual contributor excellence and immediate leadership potential."
Treering Yearbooks,- Unearthed $3M+ in pipeline via CRM cleanup and field mapping; rebuilt reports/dashboards to sharpen ICP focus and Sales handoffs and improve funnel velocity.,92.0,The use of the verb 'unearthed' combined with a high-impact financial figure and a clear technical narrative makes this a standout example of turning operational maintenance into a strategic revenue driver.
Treering Yearbooks,"- Uncovered $3M+ in outdated CRM records during a data audit, expanding the sales pipeline and reviving key opportunities.",92.0,"This bullet is a hidden gem because it quantifies a massive financial impact from a mundane administrative task, demonstrating both high-level analytical skill and direct revenue generation."
Treering Yearbooks,"- Uncovered $3M+ in hidden pipeline through CRM cleanup, field mapping, and report/dashboard development and analysis.",92.0,"This bullet is a standout because it quantifies a massive financial impact while explicitly detailing the technical methodology (CRM cleanup, field mapping) used to achieve it, transforming a mundane task into a high-value strategic win."
Treering Yearbooks,"- Uncovered $3M+ in dormant Salesforce pipeline, revitalizing outreach strategy and targeting efforts.",92.0,"This bullet demonstrates high-level analytical initiative and direct revenue impact by identifying value in neglected assets, which is a rare and highly desirable trait for sales and operations roles."
Treering Yearbooks,"Executed a systematic Salesforce data hygiene project across 2,900+ accounts, re-prioritizing stale pipeline and uncovering $3M+ in actionable revenue opportunities through improved segmentation and workflow automation.",92.0,"This bullet is exceptional because it quantifies both the scope of the data cleanup and the specific financial impact, demonstrating a rare ability to turn administrative maintenance into high-value revenue generation."
Treering Yearbooks,"Engineered 60+ automated Outreach.io sequences using conditional logic, achieving a 34% reply rate for in-contract accounts and driving $3M+ in stale pipeline recovery through systematic CRM data hygiene.",92.0,This bullet is exceptional because it quantifies both the technical complexity of the automation and the high-value financial outcome of a typically overlooked task like CRM hygiene.
Treering Yearbooks,"Standardized brand voice and content governance for a 100+ email library, driving a 34% reply rate in high-value 'In-Contract' sequences across 2,000+ managed accounts during the 2022 season.",92.0,"This bullet is exceptional because it links high-level brand governance to a specific, high-impact conversion metric within a clearly defined operational scope."
Element 8 / Strategy LLC,"Launched the complete brand identity system for Strategy LLC, creating a visual framework that remains in active use 15 years after initial deployment",92.0,"The bullet demonstrates exceptional long-term impact and durability of work, which is a rare and highly persuasive indicator of quality that transcends typical short-term project metrics."
Element 8 / Strategy LLC,"Built the complete brand identity system for Strategy LLC, establishing visual standards for print, social, and apparel that remain in active use 15+ years later",92.0,"The claim of longevity (15+ years) provides rare, objective proof of the candidate's work quality and enduring strategic impact, which is significantly more impressive than standard design portfolio claims."
Element 8 / Strategy LLC,"Built and managed the complete brand identity system for Strategy LLC, establishing visual standards for print, social, and apparel that remain in active use 15+ years later",92.0,"The claim of longevity (15+ years of active use) provides rare, objective proof of the candidate's work quality, strategic foresight, and enduring brand impact."
Element 8 / Strategy LLC,"Designed Strategy LLC's complete brand identity and visual system from scratch, creating a cohesive foundation for integrated digital and email campaigns that remains in use 15 years later",92.0,"The mention of a brand identity remaining in use for 15 years provides rare, powerful evidence of long-term strategic impact and design durability that far exceeds typical resume claims."
Element 8 / Strategy LLC,"Built the complete brand identity system for Strategy LLC from scratch, creating a visual framework that remains in active use 15+ years after launch",92.0,"The claim of 15+ years of active use provides rare, long-term evidence of design durability and strategic foresight that far exceeds the typical 'created brand identity' bullet point."
Element 8 / Strategy LLC,"Developed Strategy LLC's comprehensive brand identity and visual system from scratch, establishing design standards that have remained in active use for over 15 years",92.0,"The longevity of the design system (15 years) serves as powerful, rare evidence of the candidate's work having a lasting, foundational impact on the company's identity."
Element 8 / Strategy LLC,"Developed a comprehensive brand identity system and promotional assets for Strategy LLC, creating a visual framework that has remained in active use for over 15 years",92.0,"The claim of a visual framework remaining in active use for 15 years is a rare, powerful indicator of long-term design durability and institutional impact that transcends typical short-term project metrics."
Element 8 / Strategy LLC,"Developed brand identity systems and multimedia assets for web and social media, establishing a visual brand for Strategy LLC that remains in active use 15 years later",92.0,"The claim of 15-year longevity for a brand identity is a rare, powerful indicator of high-quality, timeless design work that transcends typical short-term project cycles."
Element 8 / Strategy LLC,"Presented creative concepts to stakeholders and refined deliverables in real time to establish the brand identity for Strategy LLC, a visual system still in active use 15+ years later",92.0,"The claim of a visual system remaining in active use for over 15 years provides rare, long-term proof of design durability and high-level strategic impact that transcends typical short-term project metrics."
Treering Yearbooks,- Led CRM audit using advanced Salesforce queries and validation filters; uncovered $3M+ in dormant pipeline by identifying miscategorized records and orphaned opportunities,92.0,This bullet is exceptional because it quantifies a massive financial impact ($3M) while demonstrating technical proficiency in CRM architecture and proactive problem-solving.
Treering Yearbooks,- Managed $20M portfolio achieving 2.98% engagement rate (3x industry standard) and 65%+ closing rate through systematic prospect evaluation.,92.0,"The bullet provides high-level financial scope, precise performance metrics, and a clear benchmark comparison that validates exceptional performance against industry standards."
Treering Yearbooks,"- Managed $20M portfolio of 2,900+ accounts, achieving 2.98% positive engagement rate (3x industry standard) through advanced audience segmentation and personalized frameworks",92.0,"The bullet effectively combines high-level financial responsibility with a specific, benchmarked performance metric that demonstrates superior strategic execution."
Element 8 / Strategy LLC,"Architected the complete brand identity system for Strategy LLC, establishing a visual framework that remained in active use for 15+ years",92.0,"The claim of a 15-year lifespan for a brand identity system is a rare, powerful indicator of long-term strategic foresight and design durability that far exceeds standard resume claims."
Element 8 / Strategy LLC,"Built the complete brand identity system for Strategy LLC, developing a cohesive visual and messaging framework that remained in active use for over 15 years",92.0,"The claim of a brand identity remaining in active use for over 15 years is a rare, high-signal indicator of long-term strategic impact and design durability that transcends typical short-term project metrics."
Element 8 / Strategy LLC,"Built the complete brand identity system for Strategy LLC, creating a visual framework that has remained in active use for over 15 years",92.0,"The claim of a 15-year shelf life for a brand identity system is a rare, powerful indicator of timeless design quality and long-term organizational impact."
Misc. / Unassigned,"Architected multi-touch email campaigns for the academic year, utilizing audience segmentation and conditional variables to achieve open rates up to 83% and reply rates of 43%",92.0,"The bullet provides highly specific, industry-leading performance metrics (83% open rate) and demonstrates advanced technical proficiency in marketing automation that goes beyond standard campaign management."
Misc. / Unassigned,"Generated 83% open and 43% reply rates across high-performing sequences, utilizing segment-specific personalization and multi-touch sequencing to exceed typical industry engagement benchmarks",92.0,"The inclusion of highly specific, outlier-level performance metrics (83% open rate) provides immediate, undeniable proof of expertise that far exceeds standard industry benchmarks."
Zales,"Identified $3M+ in stale Salesforce pipeline through systematic CRM audits and data hygiene protocols, recovering high-value accounts across 2,933+ records and 565 districts",92.0,"The bullet demonstrates exceptional analytical rigor by quantifying both the financial impact and the specific scale of the data cleanup, transforming a mundane administrative task into a high-value revenue recovery story."
Unisource Document Products,Produced B2B print campaigns and developed a full visual brand identity system for Strategy LLC that remained in active use for over 15 years,92.0,"The mention of a brand identity remaining in active use for over 15 years provides rare, long-term proof of design durability and client satisfaction that far exceeds standard portfolio claims."
Kansas Colloquies,"Built the complete brand identity system for Strategy LLC from scratch, creating a visual framework that has remained in active use for over 15 years",92.0,"The claim of a 15-year shelf life for a brand identity system provides rare, objective proof of long-term strategic impact and design durability that far exceeds typical resume claims."
University of Kansas,Increased social media followers for the Lied Center of Performing Arts by 800% by conducting consumer intercept surveys to identify audience preferences and tailoring content distribution,92.0,"The bullet demonstrates a sophisticated, data-driven approach by linking a massive 800% growth metric directly to the specific methodology of consumer intercept surveys, which shows rare strategic initiative for a university-level role."
Bernstein Rein,"Developed brand identity and visual systems for Strategy LLC, creating a comprehensive design framework that remains in active use 15+ years after launch",92.0,"The claim of a design framework remaining in active use for over 15 years provides rare, powerful evidence of long-term brand durability and exceptional work quality."
VML,Built a comprehensive brand identity system for Strategy LLC that maintained visual and messaging consistency across all deliverables and remains in active use 15 years later,92.0,"The claim of 15-year longevity for a brand identity system is a rare, powerful indicator of high-quality, timeless design work that provides exceptional long-term ROI."
Element 8 / Strategy LLC,"Authored promotional copy for signage, apparel, and digital assets to establish the foundational brand identity for Strategy LLC, a visual system still in active use 15+ years later",92.0,The bullet demonstrates exceptional long-term impact and brand stewardship by highlighting that the candidate's foundational work has remained relevant and in active use for over 15 years.
Treering Yearbooks,"- Sourced over $1M in new revenue (the first SDR in company history to do so), by drafting strategic messaging, content, and outreach cadences that made it possible to exceed first-year quota by 17%.",92.0,"The bullet combines a high-impact financial metric with a rare 'first in company history' milestone, effectively demonstrating both individual performance and the ability to build scalable sales infrastructure."
Element 8 / Strategy LLC,"Built the complete brand identity for Strategy LLC, establishing a visual system that has remained in active use for over 15 years",92.0,"The bullet demonstrates exceptional long-term impact and brand durability, proving the candidate's work provided lasting value far beyond the typical tenure of a design project."
Element 8 / Strategy LLC,"Built the complete brand identity system for Strategy LLC, including visual and editorial standards for print, digital, and apparel, which remains in active use 15+ years later",92.0,"The claim of 15+ years of active use provides rare, powerful evidence of long-term brand equity and design durability that far exceeds the typical 'created brand identity' bullet."
Element 8 / Strategy LLC,"Launched the complete brand identity system for Strategy LLC, creating a visual framework that has remained in active use for over 15 years",92.0,"The longevity of the work demonstrates rare, high-level strategic foresight and enduring impact that far exceeds the typical short-term project scope found in most resumes."
Element 8 / Strategy LLC,"Developed Strategy LLC's complete brand identity system from scratch, establishing a visual and messaging framework that remained in active use for over 15 years",92.0,"The claim of a 15-year shelf life for a brand identity is a rare, powerful indicator of long-term strategic foresight and design excellence that transcends typical short-term project impact."
Element 8 / Strategy LLC,"Produced pitch decks, product materials, and brand assets from client discovery through final presentation, establishing a visual identity system for Strategy LLC that remains in active use 15 years later",92.0,"The claim of a visual identity system remaining in active use for 15 years provides rare, long-term proof of high-quality, durable work that transcends typical short-term project metrics."
Element 8 / Strategy LLC,"Developed Strategy LLC's complete brand identity and visual system from scratch, establishing a cohesive brand presence across signage, digital assets, and collateral that remains in active use 15+ years later",92.0,"The claim of longevity—that the work remains in active use 15+ years later—is a rare and powerful indicator of high-quality, timeless design impact that transcends typical short-term project metrics."
Element 8 / Strategy LLC,"Designed and executed a comprehensive brand identity system for Strategy LLC, establishing a visual standard for print, apparel, and social media that remains in active use 15+ years later",92.0,"The claim of 15+ years of active use provides rare, powerful evidence of long-term brand equity and design durability that far exceeds the typical 'created a logo' bullet point."
Mercor,"Audited Salesforce data to identify and re-segment 2,000+ neglected accounts, enabling targeted re-engagement campaigns that successfully recovered $3M+ in stale pipeline.",92.0,"This bullet demonstrates high-impact revenue recovery through proactive data hygiene and strategic re-segmentation, providing a rare and quantifiable link between technical auditing and bottom-line financial results."
Mercor,"Optimized CRM data hygiene and campaign logic in Salesforce and Outreach.io, uncovering $3M+ in stale pipeline and improving segmentation accuracy for 100+ multi-touch email sequences.",92.0,"The bullet provides a rare, high-impact financial quantification ($3M) tied to specific technical operations, demonstrating both revenue-focused mindset and deep platform expertise."
Misc. / Unassigned,- Systems: Salesforce + Outreach power user; surfaced $3M+ hidden/at-risk pipeline via CRM audit and hygiene dashboards,92.0,"This bullet is exceptional because it quantifies the financial impact of a technical skill set, demonstrating proactive problem-solving rather than just passive tool usage."
Misc. / Unassigned,- Revenue Impact: First outbound hire; generated $1M+ in sourced closed-won (>$1.5M total contribution),92.0,"The bullet provides high-signal data by highlighting the candidate's unique status as the 'first hire' while quantifying both direct sourced revenue and total influence, which demonstrates both foundational building capability and bottom-line impact."
Element 8 / Strategy LLC,"Architected Strategy LLC's complete brand identity system, establishing a visual and messaging framework that has remained in active use for over 15 years",92.0,"The claim of 15-year longevity for a brand identity system is a rare, high-signal indicator of exceptional foresight, timeless design quality, and long-term organizational impact."
Element 8 / Strategy LLC,"Built the complete brand identity system for Strategy LLC, establishing a visual framework that remained in active use for over 15 years",92.0,"The claim of a brand identity remaining active for 15 years is a rare, powerful indicator of long-term strategic value and design durability that far exceeds typical 'created branding' bullet points."
Element 8 / Strategy LLC,"Built Strategy LLC's complete brand identity from scratch, designing a comprehensive visual system that remained in active use for over 15 years",92.0,"The mention of a 15-year lifespan for a brand identity provides rare, long-term proof of design durability and strategic foresight that far exceeds typical short-term project claims."
Element 8 / Strategy LLC,"Architected the complete brand identity system for Strategy LLC, delivering integrated creative assets across signage, apparel, and digital channels that remain in active use 15+ years later",92.0,"The claim of longevity (15+ years of active use) serves as powerful, rare evidence of high-quality, timeless design work that transcends typical short-term project cycles."
Treering Yearbooks,"Architected and launched 129+ Outreach.io sequences, utilizing systematic A/B testing on subject lines and CTAs to achieve an 85% open rate and 39% reply rate in Hot Zone campaigns",92.0,The bullet provides exceptional specificity by quantifying the volume of sequences and pairing high-level architecture with industry-leading conversion metrics that demonstrate both technical proficiency and strategic sales impact.
