Bullet Point,Role / Company,Tags,accuracy_score,believability_score,clarity_score,ats_value,manager_test,weaknesses,source,rewrite_attempts,rewrite_reasoning,context_gaps,rewrite_date,source_cluster_id
"- Achieved company-first milestone as the top SDR, sourcing $1M+ in revenue and exceeding annual sales goals by 17%.",Treering Yearbooks,[brand],85.0,80.0,95.0,80.0,PASS,,original,0,,,2026-07-15 17:06:25,25
"- Applied quality control to datasets of 1,920+ email templates, maintaining accuracy and consistency across audience segments.",Treering Yearbooks,[ops],85.0,90.0,95.0,80.0,PASS,,original,0,,,2026-07-15 17:06:25,37
"- Architected advanced Outreach.io workflows integrated with Salesforce CRM via API connections and custom configuration, enabling seamless data synchronization and automation",Treering Yearbooks,[ops],90.0,95.0,90.0,95.0,PASS,,original,0,,,2026-07-15 17:06:25,38
"- Architected and managed the company’s first comprehensive sales enablement content library, creating 100+ assets (pitch decks, battlecards, email templates) adopted company-wide that directly supported all stages of the sales cycle.",Treering Yearbooks,[content][enablement],90.0,95.0,95.0,90.0,PASS,,original,0,,,2026-07-15 17:06:25,39
"- Architected comprehensive sales enablement content library with 100+ assets (playbooks, guides, templates) adopted company-wide.",Treering Yearbooks,[content][enablement],90.0,95.0,95.0,85.0,PASS,,original,0,,,2026-07-15 17:06:25,39
"- Architected the company’s first comprehensive sales enablement content library, creating 100+ assets (pitch decks, battlecards, email templates) adopted company-wide.",Treering Yearbooks,[content][enablement],90.0,95.0,95.0,85.0,PASS,,original,0,,,2026-07-15 17:06:25,39
"- Architected the integration and company-wide rollout of Outreach.io, creating the workflows, field mapping, and automation rules that became the foundation of the sales process.",Treering Yearbooks,[ops],95.0,95.0,95.0,95.0,PASS,,original,0,,,2026-07-15 17:06:25,41
- Audit Insight: Ran a company CRM audit that identified $3M+ in potential pipeline for redistribution to SDRs,Treering Yearbooks,[ops],85.0,80.0,90.0,85.0,PASS,,original,0,,,2026-07-15 17:06:25,29
"- Authored modular campaign kits with messaging tracks, A/B test variants, and content tailored to K–12 educators.",Treering Yearbooks,[writing][content],85.0,90.0,95.0,80.0,PASS,,original,0,,,2026-07-15 17:06:25,48
- Became the first SDR at Treering to surpass $1M in revenue; informed broader pipeline strategy and market positioning.,Treering Yearbooks,[ops],85.0,80.0,90.0,75.0,PASS,,original,0,,,2026-07-15 17:06:25,51
"- Became the first outbound team member in history to generate $1M+ in sourced revenue, exceeding KPIs by 17% in year one.",Treering Yearbooks,[mgmt],85.0,80.0,95.0,70.0,PASS,,original,0,,,2026-07-15 17:06:25,25
"- Built CRM systems tracking 15 data points per account across 206 active tasks, enabling efficient territory management at scale.",Treering Yearbooks,[ops][mgmt],85.0,90.0,95.0,80.0,PASS,,original,0,,,2026-07-15 17:06:25,53
"- Built CRM systems tracking 15+ data points per account across 206 active tasks, enabling efficient workflow management.",Treering Yearbooks,[ops][mgmt],85.0,90.0,85.0,80.0,PASS,,original,0,,,2026-07-15 17:06:25,53
"- Built QA protocols to validate trigger logic, segmentation accuracy, and campaign delivery across CRM and email.",Treering Yearbooks,[ops],85.0,90.0,95.0,80.0,PASS,,original,0,,,2026-07-15 17:06:25,54
"- Built a 15-point Google Sheets “personal CRM” with two-way Salesforce sync to prioritize a $20M+ portfolio, track follow-ups, and keep handoffs clean across 2,900+ accounts and every time zone in the U.S.",Treering Yearbooks,[ops],95.0,90.0,95.0,90.0,PASS,,original,0,,,2026-07-15 17:06:25,56
"- Built a custom prospecting database to manage nearly 3000 accounts, tracking 15 distinct data points per account to improve workflow and strategic prioritization.",Treering Yearbooks,[ops][mgmt],85.0,90.0,95.0,80.0,PASS,,original,0,,,2026-07-15 17:06:25,57
"- Built and maintained a suite of performance dashboards in Salesforce and Google Sheets to track KPIs for the entire sales funnel, from lead generation to closed-won revenue.",Treering Yearbooks,[ops],90.0,95.0,95.0,90.0,PASS,,original,0,,,2026-07-15 17:06:25,64
"- Built and managed editorial calendars and QA systems, reducing review time by 20% and improving cross-channel message alignment.",Treering Yearbooks,[mgmt],85.0,90.0,95.0,80.0,PASS,,original,0,,,2026-07-15 17:06:25,65
"- Built comprehensive territory management system tracking 15+ data points across 2,932 accounts, enabling scalable prospect research and strategic account prioritization.",Treering Yearbooks,[ops][mgmt],95.0,95.0,95.0,90.0,PASS,,original,0,,,2026-07-15 17:06:25,72
"- Built full-funnel Outreach.io campaigns with logic-based branching, A/B testing, and variable messaging.",Treering Yearbooks,[email],90.0,95.0,95.0,90.0,PASS,,original,0,,,2026-07-15 17:06:25,66
"- Built full-funnel Outreach.io campaigns with logic-based branching, variable messaging, and A/B testing.",Treering Yearbooks,[email],90.0,95.0,95.0,90.0,PASS,,original,0,,,2026-07-15 17:06:25,66
"- Built full-funnel campaigns in Outreach.io + Salesforce with personalized messaging, logic-based branching, and ongoing A/B testing",Treering Yearbooks,[ops],90.0,95.0,95.0,90.0,PASS,,original,0,,,2026-07-15 17:06:25,66
"- Built full-funnel campaigns in Outreach.io + Salesforce with personalized messaging, testing, and logic-based branching",Treering Yearbooks,[ops],90.0,95.0,95.0,90.0,PASS,,original,0,,,2026-07-15 17:06:25,66
"- Built full-funnel campaigns in Outreach.io using personalized messaging, A/B testing, and logic-based branching.",Treering Yearbooks,[email],85.0,90.0,95.0,85.0,PASS,,original,0,,,2026-07-15 17:06:25,66
"- Built full-funnel sequences in Outreach.io + Salesforce with personalized messaging, testing, and cross-functional campaign execution using logic-based branching",Treering Yearbooks,[ops][email],85.0,90.0,85.0,90.0,PASS,,original,0,,,2026-07-15 17:06:25,66
"- Built logic-based QA checklists to validate campaign accuracy, data flows, and personalization triggers before launch.",Treering Yearbooks,[ops],85.0,90.0,95.0,80.0,PASS,,original,0,,,2026-07-15 17:06:25,73
"- Built logic-based QA checklists to validate campaign accuracy, personalization triggers, and data flows before launch.",Treering Yearbooks,[ops],85.0,90.0,95.0,80.0,PASS,,original,0,,,2026-07-15 17:06:25,73
"- Built logic-driven Outreach.io campaigns (behavior triggers, A/B variants, variable copy) and integrated Salesforce + Outreach to streamline segmentation and pipeline visibility.",Treering Yearbooks,[ops][writing],95.0,95.0,95.0,95.0,PASS,,original,0,,,2026-07-15 17:06:25,66
"- Built sales enablement library aligned to lifecycle stages, including battlecards, objection handling docs, and internal FAQs.",Treering Yearbooks,[content][enablement],85.0,90.0,95.0,80.0,PASS,,original,0,,,2026-07-15 17:06:25,78
- Captured over $1M in revenue by developing email sequences that became foundational templates for a 20+ member team.,Treering Yearbooks,[mgmt],85.0,80.0,90.0,85.0,PASS,,original,0,,,2026-07-15 17:06:25,85
- Captured over $1M in revenue by refining email sequences that later served as foundational templates for a 20+ person team.,Treering Yearbooks,[mgmt],85.0,80.0,90.0,85.0,PASS,,original,0,,,2026-07-15 17:06:25,85
"- Championed Outreach adoption and led Salesforce integration; served as Outreach.io Admin and technical lead for configuration, workflow automation, and variable logic across 20+ users",Treering Yearbooks,[ops],95.0,95.0,90.0,95.0,PASS,,original,0,,,2026-07-15 17:06:25,86
"- Championed Outreach.io adoption; trained 20+ team members on variable logic, sequence management, and syncing issues.",Treering Yearbooks,[mgmt],90.0,95.0,95.0,90.0,PASS,,original,0,,,2026-07-15 17:06:25,87
- Cleaned CRM fields and created dashboards that helped uncover $3M+ in hidden pipeline.,Treering Yearbooks,[ops],85.0,80.0,90.0,85.0,PASS,,original,0,,,2026-07-15 17:06:25,29
"- Coached a high-performing remote team of 4–6 SDRs while managing a personal portfolio of 2,000+ sales accounts.",Treering Yearbooks,[mgmt],85.0,90.0,95.0,80.0,PASS,,original,0,,,2026-07-15 17:06:25,92
"- Conducted CRM audit that surfaced $3M+ in untapped pipeline by resolving miscategorized records, refining filters, creating complex reports, and building dashboard-ready insights supporting QA and compliance.",Treering Yearbooks,[ops],90.0,85.0,90.0,95.0,PASS,,original,0,,,2026-07-15 17:06:25,29
"- Conducted CRM audit that surfaced $3M+ in untapped pipeline by resolving miscategorized records, refining filters, creating complex reports, and building performance dashboards.",Treering Yearbooks,[ops],90.0,85.0,95.0,90.0,PASS,,original,0,,,2026-07-15 17:06:25,29
"- Conducted CRM audit that surfaced $3M+ in untapped pipeline, refining filters, cleaning records, and delivering dashboard-ready insights to support QA and compliance.",Treering Yearbooks,[ops],90.0,85.0,95.0,90.0,PASS,,original,0,,,2026-07-15 17:06:25,29
"- Conducted a CRM audit that surfaced $3M+ in pipeline by rescuing stalled deals, fixing process gaps, and tightening data hygiene",Treering Yearbooks,[ops],85.0,80.0,90.0,85.0,PASS,,original,0,,,2026-07-15 17:06:25,29
"- Conducted a systematic CRM audit that uncovered $3M+ in dormant pipeline, creating targeted reactivation campaigns that revitalized sales opportunities.",Treering Yearbooks,[ops],85.0,80.0,90.0,85.0,PASS,,original,0,,,2026-07-15 17:06:25,29
"- Conducted comprehensive CRM audit that identified and unlocked $3M+ in dormant pipeline, creating targeted re-engagement campaigns for the entire sales organization.",Treering Yearbooks,[ops],85.0,80.0,90.0,85.0,PASS,,original,0,,,2026-07-15 17:06:25,29
"- Conducted ongoing qualitative user research across a 2,932-account user base to maintain a deep, firsthand understanding of educator pain points and inform product messaging.",Treering Yearbooks,[generalist],85.0,90.0,95.0,80.0,PASS,,original,0,,,2026-07-15 17:06:25,119
"- Conducted strategic CRM analysis, revealing $3M+ in hidden pipeline opportunities.",Treering Yearbooks,[ops],90.0,85.0,95.0,80.0,PASS,,original,0,,,2026-07-15 17:06:25,29
"- Conducted systematic CRM analysis that uncovered $3M+ in dormant pipeline opportunities, creating targeted re-engagement campaigns and territory redistribution strategies.",Treering Yearbooks,[ops],90.0,85.0,95.0,90.0,PASS,,original,0,,,2026-07-15 17:06:25,29
"- Conducted systematic CRM analysis uncovering $3M+ in dormant opportunities, creating targeted reactivation campaigns.",Treering Yearbooks,[ops],85.0,80.0,90.0,85.0,PASS,,original,0,,,2026-07-15 17:06:25,29
"- Consistently exceeded annual revenue goals, becoming the first SDR in company history to source over $1M in new revenue.",Treering Yearbooks,[enablement],85.0,80.0,95.0,70.0,PASS,,original,0,,,2026-07-15 17:06:25,25
"- Consolidated customer-voice artifacts into a co-created, searchable enablement library and reference routing process, reducing time to assemble proof for deals and keeping narratives consistent across the team",Treering Yearbooks,[content][enablement],90.0,95.0,90.0,85.0,PASS,,original,0,,,2026-07-15 17:06:25,121
"- Created Treering’s COVID-19 Response Flyer, featured on the company homepage and Support Center “above the fold” for over a year; updated design remained live into the following school year.",Treering Yearbooks,[design],95.0,95.0,90.0,70.0,PASS,,original,0,,,2026-07-15 17:06:25,131
- Created a direct-report research role to accelerate personalization and segment testing across campaigns.,Treering Yearbooks,[email],85.0,90.0,85.0,75.0,PASS,,original,0,,,2026-07-15 17:06:25,133
- Created a new data-focused role to surface $3M+ in untapped potential revenue via custom dashboards and CRM cleanup projects,Treering Yearbooks,[ops],85.0,80.0,90.0,85.0,PASS,,original,0,,,2026-07-15 17:06:25,134
"- Created and implemented a data-focused role to surface $3M+ in untapped pipeline via dashboards, CRM cleanup, and strategic outreach workflows",Treering Yearbooks,[ops],85.0,80.0,90.0,95.0,PASS,,original,0,,,2026-07-15 17:06:25,134
"- Created and operationalized a data-focused role to surface $3M+ in untapped pipeline potential via dashboard building, CRM cleanup, and campaign performance insights",Treering Yearbooks,[ops],85.0,80.0,90.0,85.0,PASS,,original,0,,,2026-07-15 17:06:25,134
"- Created comprehensive internal process website documenting entire customer journey workflow, accelerating new hire onboarding and reducing training time by 30%.",Treering Yearbooks,[content],85.0,90.0,95.0,80.0,PASS,,original,0,,,2026-07-15 17:06:25,147
"- Created content strategy documentation for Adobe eSign ABM campaigns, combining CRM insights with tailored messaging that addressed specific user experience needs.",Treering Yearbooks,[ops][content],85.0,90.0,90.0,85.0,PASS,,original,0,,,2026-07-15 17:06:25,149
"- Created custom outreach programs targeting PTA Councils and school districts, facilitating high-value partnerships with regional education groups like the Georgia PTA which oversees PTA units at 1,279 schools statewide.",Treering Yearbooks,[email],90.0,95.0,95.0,85.0,PASS,,original,0,,,2026-07-15 17:06:25,89
"- Created custom outreach programs targeting PTA Councils and school districts, facilitating high-value partnerships with regional education groups like the Georgia PTA which oversees PTA units at 1,279 schools.",Treering Yearbooks,[email],90.0,95.0,90.0,85.0,PASS,,original,0,,,2026-07-15 17:06:25,89
"- Created messaging frameworks for K–12 decision-makers, generating $1M+ in sourced revenue through clear, conversion-driven copy.",Treering Yearbooks,[writing],85.0,80.0,90.0,85.0,PASS,,original,0,,,2026-07-15 17:06:25,153
"- Created reusable email assets, audience logic maps, and QA templates to streamline messaging across multiple sales and marketing cycles.",Treering Yearbooks,[content],85.0,90.0,90.0,80.0,PASS,,original,0,,,2026-07-15 17:06:25,159
- Created systematic account management processes tracking 15 data points per account across 206 active tasks.,Treering Yearbooks,[ops][mgmt],90.0,95.0,90.0,85.0,PASS,,original,0,,,2026-07-15 17:06:25,162
- Delivered 40+ campaign kits and outreach tools tailored by funnel stage and persona.,Treering Yearbooks,[email],85.0,90.0,95.0,80.0,PASS,,original,0,,,2026-07-15 17:06:25,165
"- Designed CRM logic, QA protocols, and standardized outreach workflows that were adopted company-wide.",Treering Yearbooks,[ops][design],85.0,90.0,95.0,80.0,PASS,,original,0,,,2026-07-15 17:06:25,173
"- Designed a branded pandemic response flyer (using Adobe Illustrator, InDesign, and Photoshop) that was published across the company website and customer portals, and reused the following year.",Treering Yearbooks,[design][brand],85.0,90.0,95.0,70.0,PASS,,original,0,,,2026-07-15 17:06:25,177
- Designed and implemented QA protocols and workflow documentation that reduced content errors by 50% and standardized campaign deployment processes.,Treering Yearbooks,[content][design],85.0,90.0,95.0,80.0,PASS,,original,0,,,2026-07-15 17:06:25,175
"- Designed and implemented highly segmented, data-informed email sequences with Outreach.io, doubling lead-to-meeting conversion rates through targeted A/B testing and continuous refinement.",Treering Yearbooks,[ops][email],85.0,80.0,90.0,95.0,PASS,,original,0,,,2026-07-15 17:06:25,179
"- Designed and implemented scalable QA protocols and workflow documentation, reducing content errors by 50%.",Treering Yearbooks,[content][design],85.0,80.0,90.0,85.0,PASS,,original,0,,,2026-07-15 17:06:25,175
"- Designed and maintained KPI dashboards to track outreach effectiveness, persona conversion, and email engagement trends.",Treering Yearbooks,[email][design],85.0,90.0,90.0,80.0,PASS,,original,0,,,2026-07-15 17:06:25,181
- Designed and maintained custom Salesforce–Outreach data mappings and conditional frameworks; improved data accuracy and task sync reliability by 80%,Treering Yearbooks,[ops][design],85.0,80.0,90.0,95.0,PASS,,original,0,,,2026-07-15 17:06:25,182
- Designed automation and segmentation frameworks that reactivated a $3M+ dormant pipeline and scaled adoption across a 20+ member team.,Treering Yearbooks,[ops][mgmt],85.0,80.0,90.0,85.0,PASS,,original,0,,,2026-07-15 17:06:25,185
"- Designed custom Salesforce reports using bucket fields and dynamic filters; automated leadership dashboards, reducing reporting time by 50%",Treering Yearbooks,[ops][design],95.0,95.0,95.0,90.0,PASS,,original,0,,,2026-07-15 17:06:25,186
"- Designed internal training materials, sales presentations, and conference event assets aligned with Treering’s brand guidelines and accessibility best practices.",Treering Yearbooks,[content][brand],85.0,90.0,95.0,70.0,PASS,,original,0,,,2026-07-15 17:06:25,189
"- Designed persona-segmented ABM outreach for large school districts, resulting in new PTA partnerships and expanded vendor eligibility across 2,000+ schools and multiple regional councils.",Treering Yearbooks,[email][design],85.0,90.0,95.0,85.0,PASS,,original,0,,,2026-07-15 17:06:25,193
"- Developed QA protocols for campaign logic, trigger testing, and email performance tracking.",Treering Yearbooks,[email],85.0,90.0,90.0,80.0,PASS,,original,0,,,2026-07-15 17:06:25,54
- Developed and maintained a 40+ asset content library and crafted email campaigns that drove a 43% reply rate — 10x the industry average — directly fueling pipeline growth.,Treering Yearbooks,[content][email],85.0,80.0,90.0,85.0,PASS,,original,0,,,2026-07-15 17:06:25,201
"- Developed and managed 62 distinct sales sequences as part of a major GTM campaign, owning 46% of the 37-step project plan from initial strategy to final implementation.",Treering Yearbooks,[mgmt],85.0,80.0,85.0,80.0,PASS,,original,0,,,2026-07-15 17:06:25,202
"- Developed and optimized content-driven outbound campaigns using Salesforce and Outreach.io, applying editorial judgment to ensure messaging accuracy and compliance across diverse educational audiences.",Treering Yearbooks,[ops][content],85.0,90.0,90.0,85.0,PASS,,original,0,,,2026-07-15 17:06:25,203
"- Developed campaign dashboards and presented insights to leadership, surfacing optimization opportunities that drove $1M+ in incremental revenue.",Treering Yearbooks,[email],85.0,80.0,90.0,85.0,PASS,,original,0,,,2026-07-15 17:06:25,207
"- Developed lifecycle campaigns for 2,000+ accounts, mapping personalized nurture flows by stage, persona, and behavior.",Treering Yearbooks,[email],90.0,95.0,95.0,85.0,PASS,,original,0,,,2026-07-15 17:06:25,178
"- Developed logic-based nurture sequences using Outreach.io and Salesforce, including A/B testing, persona segmentation, and behavioral triggers.",Treering Yearbooks,[ops],90.0,95.0,95.0,90.0,PASS,,original,0,,,2026-07-15 17:06:25,66
"- Developed modular go-to-market frameworks with educator-specific messaging tracks, conducting systematic A/B testing to optimize content that resonated with teachers' assessment evaluation criteria.",Treering Yearbooks,[content],85.0,80.0,85.0,80.0,PASS,,original,0,,,2026-07-15 17:06:25,215
"- Developed persona-segmented ABM (1:few) plays for large districts, pairing account research with targeted outreach to open net-new councils and expand vendor eligibility across 2,000+ schools.",Treering Yearbooks,[email],90.0,95.0,90.0,95.0,PASS,,original,0,,,2026-07-15 17:06:25,193
"- Developed personalized cadences and ABM-inspired campaigns for enterprise clients, including a pilot program for Adobe eSign.",Treering Yearbooks,[email],85.0,90.0,90.0,85.0,PASS,,original,0,,,2026-07-15 17:06:25,217
"- Developed personalized cadences and ABM-inspired strategies for enterprise clients, including a pilot program for Adobe eSign.",Treering Yearbooks,[generalist],85.0,90.0,85.0,80.0,PASS,,original,0,,,2026-07-15 17:06:25,217
"- Developed reactivation campaigns that uncovered $3M+ in dormant pipeline, revitalizing relationships with previous customers.",Treering Yearbooks,[ops],85.0,80.0,90.0,85.0,PASS,,original,0,,,2026-07-15 17:06:25,29
- Developed scalable email sequences later adopted as foundational templates across a 20+ person team.,Treering Yearbooks,[mgmt],85.0,90.0,95.0,80.0,PASS,,original,0,,,2026-07-15 17:06:25,85
"- Directed lifecycle campaigns for 2,000+ accounts using Salesforce and Outreach.io, incorporating personalized nurture tracks, reactivation flows, and segmented outreach.",Treering Yearbooks,[ops],90.0,95.0,95.0,90.0,PASS,,original,0,,,2026-07-15 17:06:25,178
"- Directed segmented lifecycle campaigns for my 2,000+ account portfolio, using behavioral triggers and conversion goals to guide nurture, reactivation, and outbound flows.",Treering Yearbooks,[email],90.0,95.0,95.0,90.0,PASS,,original,0,,,2026-07-15 17:06:25,178
- Documented audience logic and lifecycle workflows so any new hire could launch a compliant campaign in under an hour.,Treering Yearbooks,[email],85.0,90.0,95.0,80.0,PASS,,original,0,,,2026-07-15 17:06:25,228
"- Drove lead generation, becoming the first outbound employee in company to convert prospects into $1.5M+ in closed revenue.",Treering Yearbooks,[generalist],85.0,80.0,90.0,85.0,PASS,,original,0,,,2026-07-15 17:06:25,234
"- Enforced stage definitions, aging alerts, next-step discipline, and loss reason codes; maintained a meetings-to-opportunities hygiene view to avoid gaps between stages",Treering Yearbooks,[ops],90.0,95.0,85.0,80.0,PASS,,original,0,,,2026-07-15 17:06:25,237
"- Engineered logic-driven Salesforce + Outreach journeys (intent/behavior triggers, A/B tests, variable copy) and standardized QA/variables across a 20+ person remote team to raise delivery accuracy and replies.",Treering Yearbooks,[ops][mgmt],90.0,95.0,90.0,95.0,PASS,,original,0,,,2026-07-15 17:06:25,239
"- Engineered year-long, full-funnel campaigns in Outreach.io with customized messaging, A/B testing, and logic-based branching.",Treering Yearbooks,[email],90.0,95.0,95.0,90.0,PASS,,original,0,,,2026-07-15 17:06:25,66
- Established a cross-department Content Committee to streamline review cycles by 20% and standardize messaging across 100+ email templates and sales assets.,Treering Yearbooks,[content],95.0,95.0,95.0,90.0,PASS,,original,0,,,2026-07-15 17:06:25,91
"- Established a unique, data-focused role to uncover untapped revenue, resulting in $3M+ identified in new pipeline",Treering Yearbooks,[ops],85.0,80.0,90.0,85.0,PASS,,original,0,,,2026-07-15 17:06:25,134
"- Established comprehensive QA frameworks for campaign logic and template testing, cutting errors by 50%",Treering Yearbooks,[email],85.0,85.0,90.0,80.0,PASS,,original,0,,,2026-07-15 17:06:25,243
- Established systematic account management processes tracking 15 data points across 200+ tasks to support informed follow-up.,Treering Yearbooks,[ops][mgmt],85.0,90.0,85.0,80.0,PASS,,original,0,,,2026-07-15 17:06:25,162
- Exceeded first-year sales goals by 17%; became the first outbound team member to generate $1M+ in sourced revenue.,Treering Yearbooks,[mgmt],90.0,85.0,95.0,80.0,PASS,,original,0,,,2026-07-15 17:06:25,25
- Exceeded sales target by 17% in the first year; first outbound team member to achieve $1M+ in closed revenue,Treering Yearbooks,[mgmt],90.0,85.0,95.0,80.0,PASS,,original,0,,,2026-07-15 17:06:25,25
- Exceeded sales target by 17% in the first year; was the first outbound team member to achieve $1M in closed revenue.,Treering Yearbooks,[mgmt],85.0,80.0,95.0,80.0,PASS,,original,0,,,2026-07-15 17:06:25,25
"- Executed A/B tests on subject lines, send times, and content, with top-performing campaigns reaching 34% reply rates.",Treering Yearbooks,[email][content],85.0,80.0,90.0,85.0,PASS,,original,0,,,2026-07-15 17:06:25,116
"- Executed Salesforce Data Loader bulk operations across 2,900+ accounts, reducing manual data entry 80% with 99%+ accuracy",Treering Yearbooks,[ops],95.0,95.0,100.0,90.0,PASS,,original,0,,,2026-07-15 17:06:25,246
"- Executed rolling A/B and cohort tests (subject lines, send-time, UX variants) that boosted CTR 12% and reduced unsubscribes 8%.",Treering Yearbooks,[generalist],85.0,80.0,90.0,85.0,PASS,,original,0,,,2026-07-15 17:06:25,252
"- Executed systematic A/B testing on subject lines, send times, and content, with top-performing campaigns achieving 34% reply rates.",Treering Yearbooks,[email][content],85.0,80.0,90.0,85.0,PASS,,original,0,,,2026-07-15 17:06:25,116
"- Fast-tracked to Team Lead within six months, managing a 12-person team through coaching, daily huddles, and 1:1 mentorship.",Treering Yearbooks,[mgmt][enablement],85.0,80.0,90.0,70.0,PASS,,original,0,,,2026-07-15 17:06:25,256
- First outbound employee in company history to generate $1M+ sourced revenue through sophisticated CRM segmentation and Outreach automation; exceeded first-year quota by 17%,Treering Yearbooks,[ops],95.0,90.0,95.0,90.0,PASS,,original,0,,,2026-07-15 17:06:25,25
"- First outbound employee to surpass $1M in sourced revenue, exceeding first-year goal by 17%.",Treering Yearbooks,[generalist],95.0,90.0,100.0,85.0,PASS,,original,0,,,2026-07-15 17:06:25,25
"- First outbound hire to surpass $1M in sourced revenue, exceeding first-year targets by 17% through strategic lifecycle engagement.",Treering Yearbooks,[generalist],85.0,80.0,90.0,85.0,PASS,,original,0,,,2026-07-15 17:06:25,25
"- First outbound team member in company history to generate $1M+ in sourced revenue, exceeding goals by 17% in year one.",Treering Yearbooks,[mgmt],95.0,90.0,95.0,85.0,PASS,,original,0,,,2026-07-15 17:06:25,25
- First outbound team member in company history to generate $1M+ in sourced revenue; exceeded target by 17% in year one,Treering Yearbooks,[mgmt],95.0,90.0,95.0,85.0,PASS,,original,0,,,2026-07-15 17:06:25,25
"- First outbound team member in company history to reach $1M+ in sourced revenue, achieving 117% of target in year one.",Treering Yearbooks,[mgmt],95.0,90.0,100.0,85.0,PASS,,original,0,,,2026-07-15 17:06:25,25
"- First outbound team member in history to generate $1M+ in sourced revenue, exceeding KPIs by 17% in year one.",Treering Yearbooks,[mgmt],90.0,85.0,95.0,80.0,PASS,,original,0,,,2026-07-15 17:06:25,25
- First outbound team member in history to reach $1M+ in sourced revenue and achieved 117% of target in year one.,Treering Yearbooks,[mgmt],90.0,85.0,95.0,80.0,PASS,,original,0,,,2026-07-15 17:06:25,25
"- First outbound team member in history to reach $1M+ in sourced revenue, achieving 117% of target in year one.",Treering Yearbooks,[mgmt],95.0,90.0,95.0,85.0,PASS,,original,0,,,2026-07-15 17:06:25,25
- First outbound team member to reach $1M+ in sourced revenue — achieved 117% of target in year one.,Treering Yearbooks,[mgmt],95.0,90.0,95.0,85.0,PASS,,original,0,,,2026-07-15 17:06:25,25
"- First outbound team member to surpass $1M in revenue, setting a new benchmark for SDR performance.",Treering Yearbooks,[mgmt],85.0,80.0,95.0,80.0,PASS,,original,0,,,2026-07-15 17:06:25,25
- Founded Content Committee to align Sales and Marketing around unified customer messaging and retention strategy.,Treering Yearbooks,[content],85.0,90.0,95.0,80.0,PASS,,original,0,,,2026-07-15 17:06:25,91
"- Founded Treering's Content Committee; authored brand guidelines adopted across sales, support, and success teams.",Treering Yearbooks,[content][mgmt],95.0,95.0,100.0,85.0,PASS,,original,0,,,2026-07-15 17:06:25,91
- Founded a company-wide Content Committee to unify messaging across Sales and Marketing and boost partner engagement.,Treering Yearbooks,[content],85.0,90.0,95.0,80.0,PASS,,original,0,,,2026-07-15 17:06:25,91
"- Founded a cross-department Content Committee, unifying Sales and Marketing and creating/maintaining a content library.",Treering Yearbooks,[content],90.0,95.0,95.0,85.0,PASS,,original,0,,,2026-07-15 17:06:25,91
"- Founded a cross-department Content Committee, unifying Sales and Marketing while developing a shared content library.",Treering Yearbooks,[content],95.0,95.0,95.0,85.0,PASS,,original,0,,,2026-07-15 17:06:25,91
"- Founded a cross-departmental Content Committee to unify messaging across Sales/Marketing, strengthening brand consistency.",Treering Yearbooks,[content][brand],85.0,90.0,95.0,80.0,PASS,,original,0,,,2026-07-15 17:06:25,91
- Founded a cross-functional Content Committee to align Sales and Marketing around shared messaging and tools.,Treering Yearbooks,[content],90.0,95.0,95.0,85.0,PASS,,original,0,,,2026-07-15 17:06:25,91
"- Founded a cross-functional Content Committee, trimming brief-to-send timelines 20% and unifying UX across templates.",Treering Yearbooks,[content],95.0,95.0,95.0,90.0,PASS,,original,0,,,2026-07-15 17:06:25,91
"- Founded a cross-functional content committee to unify brand voice across Sales, Support, and Success.",Treering Yearbooks,[content][brand],90.0,95.0,95.0,85.0,PASS,,original,0,,,2026-07-15 17:06:25,91
"- Founded an internal Content Committee to unify brand voice and messaging across digital, email, and customer-facing channels.",Treering Yearbooks,[content][brand],90.0,95.0,95.0,85.0,PASS,,original,0,,,2026-07-15 17:06:25,91
"- Founded an internal Content Committee to unify brand voice and messaging across sales, marketing, and customer support teams.",Treering Yearbooks,[content][brand],95.0,95.0,100.0,85.0,PASS,,original,0,,,2026-07-15 17:06:25,91
"- Founded and chaired a Content Committee to unify voice and improve cohesion across Sales, Support, and Marketing.",Treering Yearbooks,[content],85.0,90.0,95.0,80.0,PASS,,original,0,,,2026-07-15 17:06:25,91
"- Founded and facilitated a cross-department content committee that reduced content review cycles by 20%, unifying messaging across 100+ email templates and sales assets.",Treering Yearbooks,[content],95.0,95.0,95.0,90.0,PASS,,original,0,,,2026-07-15 17:06:25,91
"- Founded and facilitated a cross-department content committee, aligning Sales and Marketing through a shared campaign library.",Treering Yearbooks,[content],90.0,95.0,95.0,85.0,PASS,,original,0,,,2026-07-15 17:06:25,91
"- Founded and facilitated a cross-department content committee, reducing content review cycles by an estimated 20% and unifying messaging across 100+ email templates and sales assets.",Treering Yearbooks,[content],90.0,95.0,95.0,90.0,PASS,,original,0,,,2026-07-15 17:06:25,91
- Founded and facilitated a cross-functional content committee to align campaign creative with strategic goals.,Treering Yearbooks,[content][brand],85.0,90.0,95.0,80.0,PASS,,original,0,,,2026-07-15 17:06:25,91
"- Founded and led Content Committee, establishing review guidelines for 96+ campaign variants addressing nuanced topics around education, family dynamics, and community values.",Treering Yearbooks,[content],95.0,90.0,95.0,85.0,PASS,,original,0,,,2026-07-15 17:06:25,257
- Founded and led Treering's Content Committee; developed brand voice guidelines and content systems adopted company-wide.,Treering Yearbooks,[content][brand],95.0,90.0,95.0,85.0,PASS,,original,0,,,2026-07-15 17:06:25,91
"- Founded and led Treering's internal Content Committee to align messaging across Sales, Support, and Marketing.",Treering Yearbooks,[content],90.0,95.0,95.0,85.0,PASS,,original,0,,,2026-07-15 17:06:25,91
"- Founded and led Treering's internal Content Committee, aligning messaging across Sales, Support, and Marketing.",Treering Yearbooks,[content],95.0,95.0,95.0,85.0,PASS,,original,0,,,2026-07-15 17:06:25,91
- Founded and led a cross-functional Content Committee to standardize brand voice and QA processes.,Treering Yearbooks,[content][brand],85.0,90.0,95.0,80.0,PASS,,original,0,,,2026-07-15 17:06:25,91
"- Founded and led a cross-functional Content Committee, aligning Sales, Marketing, and Support to reduce content creation timelines by 20% and ensure consistent messaging across the entire customer lifecycle.",Treering Yearbooks,[content],90.0,95.0,95.0,85.0,PASS,,original,0,,,2026-07-15 17:06:25,91
"- Founded and led a cross-functional Content Committee, aligning Sales, Marketing, and Support to reduce content creation timelines by 20% and ensure consistent messaging.",Treering Yearbooks,[content],90.0,95.0,95.0,85.0,PASS,,original,0,,,2026-07-15 17:06:25,91
"- Founded and led the Content Committee to align voice, tone, and messaging across departments and campaigns.",Treering Yearbooks,[content][brand],85.0,90.0,95.0,70.0,PASS,,original,0,,,2026-07-15 17:06:25,91
"- Founded and led the Content Committee to unify voice and improve campaign cohesion across Sales, Support, and Marketing.",Treering Yearbooks,[content],85.0,90.0,95.0,80.0,PASS,,original,0,,,2026-07-15 17:06:25,91
"- Founded and led the Content Committee, aligning messaging across departments and establishing brand standards.",Treering Yearbooks,[content][brand],85.0,90.0,95.0,80.0,PASS,,original,0,,,2026-07-15 17:06:25,91
"- Founded and led the Content Committee, aligning messaging across departments and introducing scalable brand standards.",Treering Yearbooks,[content][brand],85.0,90.0,95.0,80.0,PASS,,original,0,,,2026-07-15 17:06:25,91
"- Founded and led the internal Content Committee, aligning brand messaging across Sales, Marketing, and Support.",Treering Yearbooks,[content][brand],90.0,95.0,95.0,85.0,PASS,,original,0,,,2026-07-15 17:06:25,91
"- Founded and led the internal Content Committee, an initiative to improve brand voice, unify messaging, streamline content workflows, and tighten the communication between the Sales and Marketing departments.",Treering Yearbooks,[content][brand],85.0,90.0,85.0,80.0,PASS,,original,0,,,2026-07-15 17:06:25,91
- Founded cross-department Content Committee to reduce content review cycles and unify messaging across 100+ templates/assets.,Treering Yearbooks,[content],95.0,95.0,95.0,90.0,PASS,,original,0,,,2026-07-15 17:06:25,91
"- Founded cross-departmental Content Committee establishing a unified content library with 100+ assets; implemented governance protocols, reducing review cycles by 20%",Treering Yearbooks,[content],95.0,95.0,95.0,90.0,PASS,,original,0,,,2026-07-15 17:06:25,91
"- Founded cross-functional Content Committee aligning Sales, Marketing, and Support, reducing campaign execution timelines by 20%.",Treering Yearbooks,[content],95.0,95.0,95.0,90.0,PASS,,original,0,,,2026-07-15 17:06:25,91
"- Founded cross-functional Content Committee, aligning Sales and Marketing for improved deal velocity and brand consistency.",Treering Yearbooks,[content][brand],85.0,90.0,95.0,80.0,PASS,,original,0,,,2026-07-15 17:06:25,91
"- Founded cross-functional Content Committee, aligning Sales and Marketing for improved deal velocity and message consistency.",Treering Yearbooks,[content],85.0,90.0,95.0,80.0,PASS,,original,0,,,2026-07-15 17:06:25,91
"- Founded cross-functional Content Committee, aligning Sales, Marketing, and Support to reduce content timelines by 20%.",Treering Yearbooks,[content],95.0,95.0,95.0,85.0,PASS,,original,0,,,2026-07-15 17:06:25,91
"- Founded the Content Committee and overhauled enablement systems, creating a brand-aligned library used across teams.",Treering Yearbooks,[content][enablement],85.0,90.0,90.0,80.0,PASS,,original,0,,,2026-07-15 17:06:25,91
- Founding SDR (1 of 2) who launched the outbound team; first outbound hire to generate $1M+ in sourced closed-won,Treering Yearbooks,[mgmt],95.0,90.0,95.0,85.0,PASS,,original,0,,,2026-07-15 17:06:25,258
"- Generated 62% reply rates on high-intent demo request campaigns, converting warm prospects into $874K in closed revenue with an average deal cycle reduction of 25%.",Treering Yearbooks,[email],85.0,80.0,95.0,85.0,PASS,,original,0,,,2026-07-15 17:06:25,19
- Identified and reactivated a dormant $3M+ pipeline through CRM data analysis.,Treering Yearbooks,[ops],85.0,80.0,90.0,85.0,PASS,,original,0,,,2026-07-15 17:06:25,29
"- Identified over $3M in potential revenue through custom reports, dashboards, and data cleanup.",Treering Yearbooks,[ops],85.0,80.0,90.0,85.0,PASS,,original,0,,,2026-07-15 17:06:25,263
"- Impact: Built a customer proof program across 2,000+ accounts contributing $1M+ in sourced revenue; created enablement that delivered 43% reply rates and 80%+ engagement",Treering Yearbooks,[email][enablement],85.0,80.0,90.0,85.0,PASS,,original,0,,,2026-07-15 17:06:25,264
"- Implemented A/B tests on subject lines, send times, and content, with top-performing campaigns reaching 34% reply rates.",Treering Yearbooks,[email][content],85.0,80.0,90.0,85.0,PASS,,original,0,,,2026-07-15 17:06:25,116
"- Implemented Outreach as the engagement platform and served as platform lead, integrating with Salesforce, standardizing cadences and personalization, and prioritizing adoption through hands-on training",Treering Yearbooks,[ops],90.0,95.0,90.0,95.0,PASS,,original,0,,,2026-07-15 17:06:25,266
"- Implemented pre-send QA (device, dark-mode, inbox rendering) that pushed deliverability to 98%+ and cut post-send fixes 35%.",Treering Yearbooks,[generalist],90.0,95.0,95.0,85.0,PASS,,original,0,,,2026-07-15 17:06:25,268
"- Initiated and analyzed team-wide feedback surveys, translating qualitative and quantitative data from 13+ team members into actionable improvements for product messaging and positioning.",Treering Yearbooks,[ops][mgmt],85.0,90.0,95.0,80.0,PASS,,original,0,,,2026-07-15 17:06:25,273
"- Instituted systematic account management processes, tracking 15 key data points per account across 206 active tasks.",Treering Yearbooks,[ops][mgmt],90.0,95.0,90.0,85.0,PASS,,original,0,,,2026-07-15 17:06:25,162
"- Instrumented KPI dashboards to monitor outreach effectiveness, persona conversion, and email engagement trends.",Treering Yearbooks,[email],85.0,90.0,95.0,80.0,PASS,,original,0,,,2026-07-15 17:06:25,181
"- Integrated Salesforce and Outreach to streamline segmentation and increase pipeline visibility — uncovering $3M+ in hidden opportunities through cleanup, field mapping, and dashboard design.",Treering Yearbooks,[ops][design],95.0,90.0,95.0,95.0,PASS,,original,0,,,2026-07-15 17:06:25,277
- Integrated feedback loops between Outreach and Salesforce to reduce friction and improve segmentation workflows.,Treering Yearbooks,[ops],85.0,90.0,85.0,90.0,PASS,,original,0,,,2026-07-15 17:06:25,276
"- Launched A/B-tested email sequences across unique customer segments, doubling lead-to-meeting conversion in under 60 days.",Treering Yearbooks,[email],85.0,80.0,90.0,85.0,PASS,,original,0,,,2026-07-15 17:06:25,179
"- Launched a cross-functional Content Committee to unify voice, align tone, and reduce content inconsistencies by 15%.",Treering Yearbooks,[content][brand],85.0,90.0,95.0,80.0,PASS,,original,0,,,2026-07-15 17:06:25,91
- Launched lifecycle campaigns to expand equitable access and reactivate $3M+ in dormant accounts through CRM analysis.,Treering Yearbooks,[ops],85.0,80.0,90.0,85.0,PASS,,original,0,,,2026-07-15 17:06:25,283
"- Led CRM audit that uncovered $3M+ in hidden pipeline; created reports, dashboards, and workflows for more accurate targeting.",Treering Yearbooks,[ops],85.0,80.0,90.0,85.0,PASS,,original,0,,,2026-07-15 17:06:25,29
"- Led CRM audit that uncovered $3M+ in pipeline; cleaned records, refined filters, and built dashboards to drive actionable insights.",Treering Yearbooks,[ops],85.0,80.0,90.0,85.0,PASS,,original,0,,,2026-07-15 17:06:25,29
"- Led CRM audit that uncovered $3M+ in pipeline; cleaned records, refined filters, and built dashboards to drive insights.",Treering Yearbooks,[ops],85.0,80.0,90.0,85.0,PASS,,original,0,,,2026-07-15 17:06:25,29
"- Led CRM audit uncovering $3M+ in pipeline opportunity; restructured filters, dashboards, and reporting flows.",Treering Yearbooks,[ops],95.0,90.0,95.0,90.0,PASS,,original,0,,,2026-07-15 17:06:25,29
- Led CRM audit using advanced Salesforce queries and validation filters; uncovered $3M+ in dormant pipeline by identifying miscategorized records and orphaned opportunities,Treering Yearbooks,[ops],95.0,90.0,95.0,90.0,PASS,,original,0,,,2026-07-15 17:06:25,29
"- Led CRM upkeep across a 2,000+ account portfolio, including user-level QA, territory assignments, quote creation, and implementation tracking; Salesforce experience transferable to tools like Zoho",Treering Yearbooks,[ops],85.0,90.0,90.0,85.0,PASS,,original,0,,,2026-07-15 17:06:25,286
"- Led GTM content strategy for a district-level outreach program that opened partnership opportunities with councils overseeing 1,200+ schools, providing the sales team access to a new high-value market segment.",Treering Yearbooks,[content][mgmt],90.0,95.0,90.0,85.0,PASS,,original,0,,,2026-07-15 17:06:25,287
"- Led Go-to-Market content strategy for district-level outreach program that opened partnership opportunities with councils overseeing 1,200+ schools, providing sales team access to high-value market segments.",Treering Yearbooks,[content][mgmt],85.0,90.0,90.0,80.0,PASS,,original,0,,,2026-07-15 17:06:25,287
"- Led Go-to-Market content strategy opening partnership opportunities with councils overseeing 1,200+ schools, providing access to high-value market segments.",Treering Yearbooks,[content],85.0,80.0,90.0,85.0,PASS,,original,0,,,2026-07-15 17:06:25,287
"- Led Treering Yearbook's Content Committee, owning campaign planning, QA, and messaging for CRM and social outreach.",Treering Yearbooks,[ops][content],85.0,90.0,95.0,80.0,PASS,,original,0,,,2026-07-15 17:06:25,288
"- Led a CRM-focused audit that surfaced $3M+ in untapped pipeline, revealing miscategorized records and outdated outreach assets while building clearer reporting dashboards.",Treering Yearbooks,[ops][content],85.0,80.0,90.0,85.0,PASS,,original,0,,,2026-07-15 17:06:25,29
"- Led a comprehensive Salesforce audit and data integrity project, cleansing and restructuring the database of 2,000+ accounts to uncover and reactivate $3M+ in dormant pipeline opportunities.",Treering Yearbooks,[ops],95.0,90.0,95.0,95.0,PASS,,original,0,,,2026-07-15 17:06:25,29
"- Led a targeted campaign that resulted in a statewide promotion with the Georgia PTA, expanding reach to 1,279 school PTA units.",Treering Yearbooks,[email],85.0,90.0,95.0,80.0,PASS,,original,0,,,2026-07-15 17:06:25,89
"- Led company-wide adoption of Outreach.io, owning CRM integration, reporting dashboards, and team training.",Treering Yearbooks,[ops][mgmt],95.0,95.0,100.0,90.0,PASS,,original,0,,,2026-07-15 17:06:25,88
- Led comprehensive CRM audit that surfaced $3M+ in untapped pipeline by identifying miscategorized records.,Treering Yearbooks,[ops],95.0,90.0,95.0,90.0,PASS,,original,0,,,2026-07-15 17:06:25,29
- Led cross-department Content Committee to accelerate content review cycles and unify messaging across 100+ assets.,Treering Yearbooks,[content],90.0,95.0,95.0,85.0,PASS,,original,0,,,2026-07-15 17:06:25,91
"- Led outreach programs targeting district councils and education groups, including facilitating a promotion with the Georgia PTA which oversees 1,279 school PTA units statewide.",Treering Yearbooks,[email],85.0,90.0,90.0,80.0,PASS,,original,0,,,2026-07-15 17:06:25,89
"- Led platform adoption initiatives, training 20+ team members on automation logic and sequence management while developing comprehensive documentation systems.",Treering Yearbooks,[mgmt],85.0,90.0,90.0,80.0,PASS,,original,0,,,2026-07-15 17:06:25,304
"- Led rollout and adoption of Outreach.io, integrating it with Salesforce to streamline outbound operations.",Treering Yearbooks,[ops],85.0,90.0,95.0,90.0,PASS,,original,0,,,2026-07-15 17:06:25,88
"- Led selection and implementation of Outreach.io, managing CRM integration and team-wide adoption.",Treering Yearbooks,[ops][mgmt],90.0,95.0,95.0,90.0,PASS,,original,0,,,2026-07-15 17:06:25,88
"- Led targeted outreach for school districts and PTA councils, including a statewide promotion with the Georgia PTA (1,279 units).",Treering Yearbooks,[email],85.0,90.0,90.0,75.0,PASS,,original,0,,,2026-07-15 17:06:25,89
"- Maintained Salesforce pipeline for $20M portfolio, ensuring accurate forecasting, opportunity tracking, and pipeline health reviews.",Treering Yearbooks,[ops],85.0,80.0,90.0,85.0,PASS,,original,0,,,2026-07-15 17:06:25,311
"- Maintained a portfolio of 2,000+ prospective accounts through audience research, segmentation, and customized variable logic.",Treering Yearbooks,[generalist],85.0,90.0,90.0,80.0,PASS,,original,0,,,2026-07-15 17:06:25,312
"- Maintained clean CRM data, performed QA on campaign logic, audience flow accuracy, and trigger timing across Salesforce and Outreach.io platforms",Treering Yearbooks,[ops],85.0,90.0,85.0,90.0,PASS,,original,0,,,2026-07-15 17:06:25,314
"- Maintained direct ownership of a $20M, 2,932-account portfolio to stay grounded in front-line rep challenges and inform enablement strategy with real-world customer insights.",Treering Yearbooks,[enablement],95.0,90.0,95.0,85.0,PASS,,original,0,,,2026-07-15 17:06:25,315
"- Maintained hygiene dashboards (no-next-step, stale opps, disqualify reasons) to protect meeting quality and momentum",Treering Yearbooks,[ops],85.0,90.0,95.0,80.0,PASS,,original,0,,,2026-07-15 17:06:25,316
"- Managed a $20M sales territory of 2,932 accounts, exceeding first-year quota by 17% and becoming the first SDR in company history to surpass the $1M sourced revenue milestone.",Treering Yearbooks,[mgmt][ops],95.0,90.0,95.0,90.0,PASS,,original,0,,,2026-07-15 17:06:25,320
"- Managed a 2,000+ account portfolio through segmented nurture tracks, reactivation flows, and automated campaigns.",Treering Yearbooks,[mgmt],85.0,90.0,95.0,80.0,PASS,,original,0,,,2026-07-15 17:06:25,178
"- Managed remote SDR team of 4–6; delivered hands-on training in Outreach workflows, Salesforce best practices, and advanced automation; reduced new hire ramp time by 30%",Treering Yearbooks,[mgmt][ops],85.0,90.0,95.0,90.0,PASS,,original,0,,,2026-07-15 17:06:25,335
- Mapped reference personas across the K–12 buying unit and maintained a living “reference map” by geography; used proximity proof (“nearby schools using Treering”) to boost credibility and accelerate first calls,Treering Yearbooks,[generalist],90.0,95.0,90.0,85.0,PASS,,original,0,,,2026-07-15 17:06:25,338
- Mentored 4–6 direct reports and led monthly messaging workshops with custom slide decks across the sales team.,Treering Yearbooks,[mgmt][design],85.0,90.0,95.0,70.0,PASS,,original,0,,,2026-07-15 17:06:25,339
"- Mentored 4–6 direct reports and led weekly 1:1s and monthly workshops on messaging, systems, and strategy.",Treering Yearbooks,[mgmt],85.0,90.0,95.0,70.0,PASS,,original,0,,,2026-07-15 17:06:25,340
"- Mentored a team of 4–6 remote SDRs; built training (workflow, objection handling, best practices) adopted by 20+ employees",Treering Yearbooks,[mgmt],85.0,90.0,95.0,80.0,PASS,,original,0,,,2026-07-15 17:06:25,342
"- Operationalized the lead management process by building the lead routing rules and lifecycle stage definitions in Salesforce, resulting in a 95% forecast accuracy and a 15% improvement in MQL-to-SQL conversion.",Treering Yearbooks,[ops][mgmt],95.0,90.0,95.0,90.0,PASS,,original,0,,,2026-07-15 17:06:25,347
"- Orchestrated full platform migration (PersistIQ → Outreach.io), configuring integrations, workflows, and training 20+ users on automation",Treering Yearbooks,[email][ops],95.0,95.0,95.0,90.0,PASS,,original,0,,,2026-07-15 17:06:25,26
"- Orchestrated messaging campaigns using behavioral triggers and segmentation logic, generating $1.5M+ in pipeline opportunities.",Treering Yearbooks,[ops],90.0,85.0,95.0,90.0,PASS,,original,0,,,2026-07-15 17:06:25,350
"- Overhauled CRM, surfacing $3M+ in pipeline value; designed reports, dashboards, and workflows to improve decision-making.",Treering Yearbooks,[ops][design],85.0,80.0,90.0,85.0,PASS,,original,0,,,2026-07-15 17:06:25,29
"- Oversaw a $20M portfolio of 2,900+ client accounts, surpassing first-year quota by 17% and sourcing $1M+ in new revenue.",Treering Yearbooks,[generalist],90.0,85.0,95.0,80.0,PASS,,original,0,,,2026-07-15 17:06:25,352
"- Owned a portfolio of 2,000+ accounts, leading prospect research, segmentation, email strategy, and cadence optimization",Treering Yearbooks,[email],85.0,90.0,95.0,80.0,PASS,,original,0,,,2026-07-15 17:06:25,354
"- Owned a portfolio of 2,000+ accounts, leading segmentation, prospect research, email strategy, and cadence optimization",Treering Yearbooks,[email],85.0,90.0,95.0,85.0,PASS,,original,0,,,2026-07-15 17:06:25,354
"- Packaged evaluation kits with Looms, ROI baselines, and exit criteria to shorten time-to-pilot and raise conversion to paid; used a simple discovery checklist (pain, roles, success metric, next step) to keep conversations focused",Treering Yearbooks,[generalist],85.0,90.0,85.0,80.0,PASS,,original,0,,,2026-07-15 17:06:25,357
"- Partnered with Marketing and Operations to streamline the Outreach.io and Salesforce workflow, cutting manual list pulls by 40% and enforcing brand-management consistency across email assets.",Treering Yearbooks,[ops][email],85.0,90.0,90.0,85.0,PASS,,original,0,,,2026-07-15 17:06:25,361
"- Partnered with sales and marketing to standardize 100+ email templates and sales assets, leading a cross-functional Content Committee that reduced review cycles by 20%.",Treering Yearbooks,[content],90.0,95.0,95.0,85.0,PASS,,original,0,,,2026-07-15 17:06:25,91
"- Piloted A/B-tested sequences across unique segments, doubling lead-to-meeting conversion in under 60 days.",Treering Yearbooks,[email],85.0,80.0,90.0,85.0,PASS,,original,0,,,2026-07-15 17:06:25,179
"- Promoted to Senior SDR and manager of a remote team of 4–6; led 1:1s, QA, call coaching, and monthly team training for 20+ reps",Treering Yearbooks,[mgmt][enablement],85.0,90.0,95.0,80.0,PASS,,original,0,,,2026-07-15 17:06:25,387
- Promoted to lead a 12-person team in six months after consistent Top Seller recognition.,Treering Yearbooks,[mgmt],85.0,80.0,95.0,70.0,PASS,,original,0,,,2026-07-15 17:06:25,255
"- Promoted to team lead managing 12 SDRs within six months; implemented Salesforce workflows and Outreach cadences, improving qualified lead conversion by 35%",Treering Yearbooks,[ops][mgmt],90.0,85.0,95.0,90.0,PASS,,original,0,,,2026-07-15 17:06:25,255
"- Promoted to team lead within 6 months, creating training materials and coaching protocols for 12-person SDR organization.",Treering Yearbooks,[mgmt][enablement],85.0,90.0,95.0,80.0,PASS,,original,0,,,2026-07-15 17:06:25,255
"- Promoted to team lead within 6 months, creating training materials and coaching protocols for 12-person SDR team.",Treering Yearbooks,[mgmt][enablement],85.0,90.0,95.0,80.0,PASS,,original,0,,,2026-07-15 17:06:25,255
"- Ran comprehensive CRM audit that surfaced $3M+ in untapped pipeline by resolving miscategorized records and refining filters, leading to creation of new role for direct report management.",Treering Yearbooks,[ops][mgmt],85.0,80.0,90.0,85.0,PASS,,original,0,,,2026-07-15 17:06:25,29
- Ranked in the company’s Top 10 sellers for the first two months and promoted in six months to lead a 12-person team.,Treering Yearbooks,[mgmt],85.0,80.0,95.0,70.0,PASS,,original,0,,,2026-07-15 17:06:25,255
- Reactivated high-fit accounts using pattern-interrupt subjects and micro-proof PS lines to overcome message fatigue,Treering Yearbooks,[generalist],85.0,90.0,95.0,80.0,PASS,,original,0,,,2026-07-15 17:06:25,395
"- Recognized as the first outbound employee to surpass $1M in sourced revenue, exceeding first-year target by 17%.",Treering Yearbooks,[generalist],90.0,85.0,95.0,80.0,PASS,,original,0,,,2026-07-15 17:06:25,25
- Recognized as the first outbound hire to surpass $1M in sourced revenue; exceeded first-year target by 17%.,Treering Yearbooks,[generalist],90.0,85.0,95.0,80.0,PASS,,original,0,,,2026-07-15 17:06:25,25
- Revenue Impact: First outbound hire to generate $1M+ in sourced closed-won (>$1.5M total contribution),Treering Yearbooks,[generalist],95.0,90.0,95.0,85.0,PASS,,original,0,,,2026-07-15 17:06:25,25
- Revenue Impact: First outbound hire; generated $1M+ in sourced closed-won (>$1.5M total contribution),Treering Yearbooks,[generalist],90.0,85.0,95.0,80.0,PASS,,original,0,,,2026-07-15 17:06:25,25
"- Selected to lead wrap-up of Treering’s client project, then directly recruited by Treering’s Head of Sales to join their in-house team.",Treering Yearbooks,[mgmt],85.0,90.0,95.0,60.0,PASS,,original,0,,,2026-07-15 17:06:25,90
"- Served as the de facto Salesforce administrator for a 20+ person revenue team, managing data flows, building custom reports & dashboards, troubleshooting system issues, and ensuring data governance.",Treering Yearbooks,[ops][content],85.0,90.0,95.0,90.0,PASS,,original,0,,,2026-07-15 17:06:25,415
- Shipped persona-split cadences with variable statements that drove 20–30%+ replies on top segments and 12–15 meetings in the first 30 days,Treering Yearbooks,[generalist],85.0,80.0,90.0,85.0,PASS,,original,0,,,2026-07-15 17:06:25,417
- Sourced $1M+ in revenue (first SDR in company history) through strategic content development and performance calibration enabling 17% quota overachievement.,Treering Yearbooks,[content],85.0,80.0,90.0,85.0,PASS,,original,0,,,2026-07-15 17:06:25,25
"- Sourced over $1M in new revenue (the first SDR in company history to do so), by drafting strategic messaging, content, and outreach cadences that made it possible to exceed first-year quota by 17%.",Treering Yearbooks,[content],85.0,80.0,90.0,85.0,PASS,,original,0,,,2026-07-15 17:06:25,25
"- Sourced over $1M in revenue, with email sequences later adopted as foundational templates for the entire 20+ person team.",Treering Yearbooks,[mgmt],85.0,90.0,95.0,80.0,PASS,,original,0,,,2026-07-15 17:06:25,85
- Spearheaded a CRM data cleanup and analytics project that identified $3M+ in additional pipeline opportunity.,Treering Yearbooks,[ops],85.0,80.0,90.0,85.0,PASS,,original,0,,,2026-07-15 17:06:25,29
"- Spearheaded a CRM data cleanup project while creating a new role for a direct report, uncovering $3M+ in untapped pipeline revenue through improved segmentation and reporting.",Treering Yearbooks,[ops][mgmt],85.0,80.0,90.0,85.0,PASS,,original,0,,,2026-07-15 17:06:25,29
"- Spearheaded a CRM data overhaul, uncovering $3M+ in untapped pipeline revenue through improved reporting.",Treering Yearbooks,[ops],85.0,80.0,90.0,85.0,PASS,,original,0,,,2026-07-15 17:06:25,29
"- Spearheaded outreach to K-12 districts and PTA Councils, facilitating a statewide promotion with the Georgia PTA (1,279 units).",Treering Yearbooks,[email],85.0,90.0,95.0,80.0,PASS,,original,0,,,2026-07-15 17:06:25,89
"- Streamlined 2,000+ account portfolio with behavioral segmentation and predictive triggers, ensuring 98%+ data accuracy",Treering Yearbooks,[ops],85.0,80.0,90.0,85.0,PASS,,original,0,,,2026-07-15 17:06:25,420
- Systems: Built a 15-point “personal CRM” tracking system in Google Sheets with two-way sync to Salesforce,Treering Yearbooks,[ops],95.0,90.0,95.0,85.0,PASS,,original,0,,,2026-07-15 17:06:25,433
- Systems: Salesforce + Outreach power user; surfaced $3M+ hidden/at-risk pipeline via CRM audit and hygiene dashboards,Treering Yearbooks,[ops],95.0,90.0,95.0,95.0,PASS,,original,0,,,2026-07-15 17:06:25,434
"- Top-Down Expansion: Formalized outreach process to district leaders and PTA councils, creating a scalable path into multi-school deals (e.g., presentations in large, key districts and statewide promotion with the Georgia State PTA)",Treering Yearbooks,[email],85.0,90.0,90.0,80.0,PASS,,original,0,,,2026-07-15 17:06:25,435
- Trained 20+ SDRs on Salesforce and Outreach.io using structured playbooks and development sessions.,Treering Yearbooks,[ops][enablement],85.0,90.0,95.0,85.0,PASS,,original,0,,,2026-07-15 17:06:25,87
- Trained 20+ team members on Outreach.io automation best practices and syncing logic for improved adoption.,Treering Yearbooks,[mgmt],85.0,90.0,95.0,80.0,PASS,,original,0,,,2026-07-15 17:06:25,87
"- Translated user feedback into strategic content shifts, including a 92% team preference for shorter emails, directly influencing product messaging strategy for subsequent campaigns.",Treering Yearbooks,[content][mgmt],85.0,80.0,90.0,75.0,PASS,,original,0,,,2026-07-15 17:06:25,440
"- Uncovered $3M+ in additional pipeline through advanced CRM segmentation, lead scoring, and data analysis.",Treering Yearbooks,[ops],85.0,80.0,90.0,85.0,PASS,,original,0,,,2026-07-15 17:06:25,29
"- Uncovered $3M+ in additional pipeline through advanced CRM segmentation, lead scoring, and data-driven reporting.",Treering Yearbooks,[ops],85.0,80.0,90.0,85.0,PASS,,original,0,,,2026-07-15 17:06:25,29
"- Uncovered $3M+ in dormant Salesforce pipeline, revitalizing outreach strategy and targeting efforts.",Treering Yearbooks,[ops],85.0,80.0,90.0,85.0,PASS,,original,0,,,2026-07-15 17:06:25,29
"- Uncovered $3M+ in hidden pipeline through CRM cleanup, field mapping, and report/dashboard development and analysis.",Treering Yearbooks,[ops],90.0,85.0,95.0,90.0,PASS,,original,0,,,2026-07-15 17:06:25,29
"- Uncovered $3M+ in out-of-date accounts in Salesforce, directly expanding the pipeline and revitalizing major sales opportunities.",Treering Yearbooks,[ops],85.0,80.0,90.0,85.0,PASS,,original,0,,,2026-07-15 17:06:25,29
"- Uncovered $3M+ in outdated CRM records during a data audit, expanding the sales pipeline and reviving key opportunities.",Treering Yearbooks,[ops],85.0,80.0,90.0,85.0,PASS,,original,0,,,2026-07-15 17:06:25,29
- Unearthed $3M+ in pipeline via CRM cleanup and field mapping; rebuilt reports/dashboards to sharpen ICP focus and Sales handoffs and improve funnel velocity.,Treering Yearbooks,[ops],85.0,80.0,85.0,90.0,PASS,,original,0,,,2026-07-15 17:06:25,29
"- Wrote a six-part nurture email campaign for SAP, blending technical accuracy with clear, approachable messaging.",Treering Yearbooks,[email],85.0,90.0,95.0,70.0,PASS,,original,0,,,2026-07-15 17:06:25,446
"- Advanced to team lead within 6 months, creating workflow documentation and training materials for 12-person engagement team.",Inside Sales Team,[mgmt],90.0,95.0,95.0,85.0,PASS,,original,0,,,2026-07-15 17:06:25,451
- Drove 8–10 first meetings/week at peak by combining persona-tiered outreach with structured call blocks,Inside Sales Team,[email],90.0,95.0,95.0,85.0,PASS,,original,0,,,2026-07-15 17:06:25,474
- Mapped 3–5 roles per logo to multi-thread discovery and qualify higher-value opportunities,Inside Sales Team,[generalist],85.0,90.0,95.0,80.0,PASS,,original,0,,,2026-07-15 17:06:25,486
- Promoted in six months to lead a 12-person outreach team for Treering Yearbooks after consistently meeting goals and contributing to process improvement; refined cadences and language for national K–12 engagement.,Inside Sales Team,[mgmt],85.0,90.0,85.0,80.0,PASS,,original,0,,,2026-07-15 17:06:25,490
"- Promoted to lead a 12-person team, training reps on prospecting, messaging, and Salesforce workflows.",Inside Sales Team,[mgmt][ops],85.0,90.0,95.0,80.0,PASS,,original,0,,,2026-07-15 17:06:25,255
"- Promoted to team lead within six months, training and managing a 12-person SDR organization.",Inside Sales Team,[mgmt],85.0,80.0,95.0,70.0,PASS,,original,0,,,2026-07-15 17:06:25,255
"- Proposed ABM-informed content strategy for Adobe eSign, leveraging CRM insights to deliver targeted, compliant messaging.",Inside Sales Team,[ops][content],85.0,90.0,95.0,80.0,PASS,,original,0,,,2026-07-15 17:06:25,149
- Raised replies 20%+ on fatigued lists with concise value-first openers and timing tests,Inside Sales Team,[generalist],85.0,80.0,90.0,75.0,PASS,,original,0,,,2026-07-15 17:06:25,495
"- Ranked Top 10 for outbound performance among 100+ reps and earned promotion to lead a 12-person team; coached messaging, objection handling, and proof-first outreach",Inside Sales Team,[mgmt],85.0,80.0,90.0,85.0,PASS,,original,0,,,2026-07-15 17:06:25,496
- Ranked Top 10 of 100+ SDRs; promoted to lead a 12-person team within six months,Inside Sales Team,[mgmt],90.0,85.0,95.0,80.0,PASS,,original,0,,,2026-07-15 17:06:25,255
- Ranked among the top 10 reps within two months; promoted to co-lead a 12-person team in six months.,Inside Sales Team,[mgmt],85.0,80.0,95.0,60.0,PASS,,original,0,,,2026-07-15 17:06:25,255
- Ranked in Top 10 sellers companywide within first two months; earned 2× Top Seller recognition.,Inside Sales Team,[generalist],85.0,80.0,95.0,70.0,PASS,,original,0,,,2026-07-15 17:06:25,15
- Ranked in the company's Top 10 reps within two months and promoted within six months to lead a 12-person outreach team.,Inside Sales Team,[mgmt],85.0,80.0,95.0,70.0,PASS,,original,0,,,2026-07-15 17:06:25,255
- Ranked in the company's Top 10 sellers for the first two months and promoted in six months to co-lead a 12-person team.,Inside Sales Team,[mgmt],85.0,80.0,90.0,70.0,PASS,,original,0,,,2026-07-15 17:06:25,255
- Recruited by Treering’s Head of Sales to build the in-house outbound engine as the first outbound hire,Inside Sales Team,[generalist],85.0,90.0,95.0,70.0,PASS,,original,0,,,2026-07-15 17:06:25,501
"- Streamlined daily shipping and online fulfillment for 200+ SKUs, achieving 100% on-time delivery in coordination with FedEx/UPS.",USitek,[generalist],85.0,80.0,95.0,80.0,PASS,,original,0,,,2026-07-15 17:06:25,516
"- Updated and reconciled over a year of bookkeeping records in QuickBooks, creating audit-ready files.",USitek,[generalist],90.0,95.0,95.0,85.0,PASS,,original,0,,,2026-07-15 17:06:25,517
"- Crafted Strategy’s brand identity from scratch, which they still use 15 years later",Element 8 / Strategy LLC,[brand],85.0,80.0,95.0,60.0,PASS,,original,0,,,2026-07-15 17:06:25,528
"- Designed apparel, signage, and print collateral using advanced techniques (spot gloss, UV coating) and Adobe Creative Suite.",Element 8 / Strategy LLC,[brand][design],85.0,90.0,95.0,80.0,PASS,,original,0,,,2026-07-15 17:06:25,533
"- Developed premium apparel and print designs using Adobe Creative Suite, collaborating with vendors and overseeing advanced print processes such as spot gloss and UV coatings.",Element 8 / Strategy LLC,[brand][design],85.0,90.0,95.0,80.0,PASS,,original,0,,,2026-07-15 17:06:25,533
"- Developed premium apparel and print designs with Adobe Creative Suite, collaborating with vendors and overseeing advanced print processes such as spot gloss and UV coatings.",Element 8 / Strategy LLC,[brand][design],85.0,90.0,95.0,80.0,PASS,,original,0,,,2026-07-15 17:06:25,533
"- Developed premium apparel and print materials using Adobe InDesign, Photoshop, and Illustrator, featuring advanced techniques like spot gloss and UV coating for high-impact, vendor-ready assets.",Element 8 / Strategy LLC,[design][content],90.0,95.0,95.0,85.0,PASS,,original,0,,,2026-07-15 17:06:25,533
"- Developed premium apparel and print materials using Adobe InDesign, Photoshop, and Illustrator, often applying advanced techniques like spot gloss and UV coating for high-impact, vendor-ready assets.",Element 8 / Strategy LLC,[design][content],85.0,90.0,95.0,80.0,PASS,,original,0,,,2026-07-15 17:06:25,533
- Handpicked by CEO to lead visual identity development for new startup; brand systems created remain in use 15+ years later,Element 8 / Strategy LLC,[brand],85.0,80.0,95.0,70.0,PASS,,original,0,,,2026-07-15 17:06:25,555
"- Handpicked by the CEO to brand a new venture from the ground up, delivering a visual identity system still in use a decade later.",Element 8 / Strategy LLC,[brand],85.0,80.0,90.0,60.0,PASS,,original,0,,,2026-07-15 17:06:25,555
- Personally recruited by the CEO of Element 8 to lead brand design at his next venture — a visual identity still in use 15 years later,Element 8 / Strategy LLC,[brand][design],85.0,80.0,95.0,60.0,PASS,,original,0,,,2026-07-15 17:06:25,555
"- Produced multi-format asset kits (print, web, signage) aligned to vendor specs to avoid costly reprints",Element 8 / Strategy LLC,[content],85.0,90.0,95.0,70.0,PASS,,original,0,,,2026-07-15 17:06:25,584
- Recruited by CEO of Element 8 to lead brand development for his new venture — a visual system still in use 15 years later.,Element 8 / Strategy LLC,[brand],90.0,85.0,95.0,70.0,PASS,,original,0,,,2026-07-15 17:06:25,555
"- Recruited by CEO to direct full rebrand, creating positioning, messaging, and visual identity systems still in use 10+ years later",Element 8 / Strategy LLC,[brand],85.0,80.0,95.0,70.0,PASS,,original,0,,,2026-07-15 17:06:25,587
"- Recruited by CEO to lead visual identity development for new venture, visual systems still in use more than a decade later.",Element 8 / Strategy LLC,[generalist],85.0,80.0,90.0,60.0,PASS,,original,0,,,2026-07-15 17:06:25,555
"- Recruited by Element 8 CEO to lead brand development, creating visual identity systems and editorial guidelines still in use today.",Element 8 / Strategy LLC,[brand],85.0,80.0,90.0,70.0,PASS,,original,0,,,2026-07-15 17:06:25,555
- Recruited by Element 8 CEO to lead branding and identity for new venture — visual systems still in use more than a decade later.,Element 8 / Strategy LLC,[brand],85.0,80.0,90.0,70.0,PASS,,original,0,,,2026-07-15 17:06:25,555
- Recruited by the CEO of Element 8 to lead brand design at his next venture — a visual identity still in use 15 years later.,Element 8 / Strategy LLC,[brand][design],95.0,90.0,95.0,60.0,PASS,,original,0,,,2026-07-15 17:06:25,555
- Recruited by the CEO of Element 8 to lead brand development for his next venture — a visual identity still in use 15 years later.,Element 8 / Strategy LLC,[brand],90.0,85.0,95.0,60.0,PASS,,original,0,,,2026-07-15 17:06:25,555
- Set up Google Ads creative variations and Analytics tagging; early A/B tests trimmed average CPC ≈10% without extra budget.,Element 8 / Strategy LLC,[brand],85.0,90.0,95.0,85.0,PASS,,original,0,,,2026-07-15 17:06:25,589
- Authored 200+ page digital strategy report for Carlson Hotels on conversion optimization and messaging strategy,VML,[writing],85.0,80.0,90.0,75.0,PASS,,original,0,,,2026-07-15 17:06:25,602
"- Authored 6-email lifecycle journeys for SAP, demonstrating expertise in complex technical messaging and customer communications.",VML,[writing],85.0,90.0,95.0,80.0,PASS,,original,0,,,2026-07-15 17:06:25,446
"- Authored 6-email nurture sequence for SAP, demonstrating lifecycle communication and technical messaging skills",VML,[writing],85.0,90.0,95.0,80.0,PASS,,original,0,,,2026-07-15 17:06:25,446
- Authored a 200+ page conversion report for Carlson Hotels; created a deck that received direct praise from VML's CEO.,VML,[writing][design],85.0,80.0,90.0,70.0,PASS,,original,0,,,2026-07-15 17:06:25,183
"- Authored a 200+ page digital strategy report for Carlson Hotels, shaping web conversion and cross-channel messaging.",VML,[writing],85.0,80.0,90.0,75.0,PASS,,original,0,,,2026-07-15 17:06:25,602
- Authored a 200+-page digital strategy report for Carlson Hotels that informed site conversion and content planning,VML,[content][writing],85.0,80.0,90.0,75.0,PASS,,original,0,,,2026-07-15 17:06:25,602
- Authored a 200+-page ditigal strategy report for Carlson Hotels that informed site conversion and content planning,VML,[content][writing],85.0,80.0,90.0,75.0,PASS,,original,0,,,2026-07-15 17:06:25,602
"- Authored a 200+-page strategy report for Carlson Hotels, synthesizing competitive analysis, audience segmentation, and channel recommendations used in planning",VML,[writing],85.0,80.0,90.0,75.0,PASS,,original,0,,,2026-07-15 17:06:25,603
- Collaborated with creatives on cross-platform pitches; created a Carlson Hotels deck that received direct praise from VML's CEO.,VML,[brand][design],85.0,80.0,90.0,70.0,PASS,,original,0,,,2026-07-15 17:06:25,183
"- Compiled and published 200+ page customer journey and conversion strategy report for Carlson Hotels, mapping touchpoints and identifying optimization opportunities across digital channels",VML,[generalist],85.0,80.0,90.0,85.0,PASS,,original,0,,,2026-07-15 17:06:25,602
"- Designed a 200+ page insights and strategy report in InDesign for Carlson Hotels, focused on increasing website conversions.",VML,[design],85.0,90.0,95.0,70.0,PASS,,original,0,,,2026-07-15 17:06:25,602
- Designed and presented a pitch deck for Carlson Hotels that received direct praise from VML's CEO for branding and design.,VML,[design][brand],85.0,80.0,95.0,70.0,PASS,,original,0,,,2026-07-15 17:06:25,183
- Developed a 200+ page conversion report for Carlson Hotels that shaped the brand's campaign roadmap.,VML,[brand],85.0,80.0,90.0,75.0,PASS,,original,0,,,2026-07-15 17:06:25,602
- Developed a 200+ page research report for Carlson Hotels on improving website conversions through messaging and design.,VML,[design],85.0,90.0,95.0,70.0,PASS,,original,0,,,2026-07-15 17:06:25,602
"- Developed a comprehensive 200+ page digital strategy report for Carlson Hotels using Adobe InDesign, shaping multi-channel messaging and conversion strategies.",VML,[design],85.0,80.0,90.0,85.0,PASS,,original,0,,,2026-07-15 17:06:25,602
- Drafted a six-email SAP nurture aligned to technical buyer journeys that shipped as-written,VML,[email],85.0,90.0,95.0,80.0,PASS,,original,0,,,2026-07-15 17:06:25,446
"- Produced 200+ page digital strategy report for Carlson Hotels, shaping website optimization and cross-channel messaging operations.",VML,[generalist],85.0,80.0,90.0,75.0,PASS,,original,0,,,2026-07-15 17:06:25,602
"- Wrote a 6-email nurture campaign for SAP, translating complex technical details into clear, persuasive lifecycle messaging.",VML,[email],85.0,90.0,95.0,80.0,PASS,,original,0,,,2026-07-15 17:06:25,446
"- Wrote copy for 30+ projects across print, digital, social, and live events — shaping tone, voice, and concept from first line to final CTA.",VML,[brand][writing],85.0,90.0,95.0,80.0,PASS,,original,0,,,2026-07-15 17:06:25,636
"- Wrote for print, radio, web (including PPC advertising), and outdoor, delivering up to 10 assets/week under tight timelines.",Callahan Creek,[content],85.0,90.0,95.0,70.0,PASS,,original,0,,,2026-07-15 17:06:25,684
- Selected for a concept-intensive educational program led by Bernstein-Rein's executive creative team.,Bernstein Rein,[mgmt][brand],85.0,90.0,95.0,60.0,PASS,,original,0,,,2026-07-15 17:06:25,703
- Selected for a concept-intensive portfolio program led by executive creative leadership at Bernstein-Rein.,Bernstein Rein,[brand],85.0,90.0,95.0,60.0,PASS,,original,0,,,2026-07-15 17:06:25,703
"- Digitized legacy payroll records into electronic systems, reducing retrieval time by 75%.",University of Kansas,[generalist],85.0,90.0,95.0,70.0,PASS,,original,0,,,2026-07-15 17:06:25,712
"- Staffed payroll office front desk, resolving 95% of inquiries on the spot regarding paychecks, W-2s, and new hire paperwork.",University of Kansas,[generalist],85.0,90.0,95.0,70.0,PASS,,original,0,,,2026-07-15 17:06:25,717
- Assembled and mailed 500+ client tax organizer packets with 100% delivery accuracy.,DeJoy,[generalist],90.0,95.0,100.0,60.0,PASS,,original,0,,,2026-07-15 17:06:25,756
"Audited 100+ sales and marketing assets for brand voice compliance and technical accuracy, establishing the editorial standard for the team's sequence library",Mercor,[content],95.0,95.0,95.0,90.0,PASS,None significant; the bullet is highly specific and demonstrates both operational rigor and strategic impact.,rewrite,1,,,2026-07-15 20:24:35,0
"Audited 2,933+ accounts and 565 districts to reconcile CRM data, surfacing $3M+ in stale pipeline for targeted re-engagement",Mercor,[writing],100.0,95.0,100.0,95.0,PASS,None; the bullet is highly specific and demonstrates both technical CRM proficiency and revenue-focused impact.,rewrite,1,,,2026-07-15 20:25:19,1
"Architected a Salesforce-synced territory management system for 1,578 schools, enabling data-driven pipeline analysis and territory prioritization across 100+ districts",Mercor,[ops],95.0,90.0,95.0,90.0,PASS,"The term 'Architected' is slightly high-level; ensure the interview can clarify the specific technical implementation (e.g., custom objects, flow automation, or third-party integration).",rewrite,1,,,2026-07-15 20:26:00,2
Architected a 14-category sequence QA checklist and rebuilt 16 persona-based Outreach sequences using VOC data from 181 pages of survey responses to standardize team messaging quality,Mercor,[ops],100.0,95.0,95.0,90.0,PASS,None; the bullet is highly specific and demonstrates a clear methodology.,rewrite,1,,,2026-07-15 20:26:42,3
"Audited 181 pages of VOC survey responses to rebuild 16 sequences, ensuring all content aligned with brand voice and performance benchmarks",Mercor,[ops][content],95.0,95.0,95.0,90.0,PASS,None significant; the bullet is highly specific and demonstrates a clear methodology.,rewrite,1,,,2026-07-15 20:27:24,4
"Architected an 8-step SDR onboarding website to standardize remote training workflows, reducing manual enablement effort for 20+ employees",Mercor,[mgmt],100.0,95.0,95.0,90.0,PASS,None; the bullet is highly specific and verifiable.,rewrite,1,,,2026-07-15 20:28:05,5
"Architected a Salesforce-synced account prioritization system using G-Connector to automate territory analysis for 1,578 schools across 100+ districts",Mercor,[ops][mgmt],95.0,95.0,95.0,90.0,PASS,None; the bullet is highly specific and demonstrates technical proficiency with a clear outcome.,rewrite,1,,,2026-07-15 20:28:45,6
"Architected a 14-category QA checklist and sequence review program, standardizing content governance for 16+ campaigns",Mercor,[ops],95.0,90.0,95.0,90.0,PASS,"The term 'Architected' is slightly high-level, but the specific detail of a 14-category checklist provides enough grounding to make it credible.",rewrite,1,,,2026-07-15 20:29:27,7
"Authored 100+ email campaigns and established team-wide voice guidelines, setting the editorial standard for niche audience engagement and technical accuracy across the sequence library",Mercor,[content],95.0,90.0,95.0,90.0,PASS,The bullet is strong but could be further improved by naming the specific platform or tool used to manage the sequence library to provide more concrete context.,rewrite,2,,,2026-07-15 20:30:54,8
"Authored 100+ email campaigns across niche segments, integrating conditional logic and persona-based messaging into Outreach.io to drive engagement and brand consistency",Mercor,[content],95.0,90.0,95.0,90.0,PASS,"The bullet is strong but could be improved by specifying the outcome of the engagement (e.g., open/reply rates) to move from 'activity' to 'impact'.",rewrite,1,,,2026-07-15 20:31:35,9
"Authored comprehensive onboarding playbooks, interview guides, and campaign frameworks that standardized training for 20+ remote employees and established the team's official messaging benchmark",Mercor,[content][enablement],95.0,90.0,95.0,90.0,PASS,"The bullet is strong but could be further improved by naming the specific platform or tool used to host these playbooks (e.g., Notion, Guru, or a company wiki).",rewrite,1,,,2026-07-15 20:32:17,10
"Authored 100+ email campaigns across niche segments, establishing the team's brand voice and sequence library as the official benchmark for quality and performance",Mercor,[content],95.0,90.0,95.0,90.0,PASS,"The bullet is strong but could be further improved by specifying the platform used or the specific performance metric (e.g., open/reply rates) that defined the 'benchmark' status.",rewrite,1,,,2026-07-15 20:33:01,11
"Audited 2,933+ accounts across 565 districts to reconcile CRM data, surfacing $3M in stale pipeline and establishing standardized reporting protocols",Mercor,[ops],100.0,95.0,95.0,90.0,PASS,None; the bullet is highly specific and demonstrates both technical execution and business impact.,rewrite,2,,,2026-07-15 20:34:32,12
"Architected a Salesforce-synced account prioritization system that identified $3M+ in stale pipeline across 2,933 accounts to drive territory strategy and CRM data hygiene",Mercor,[ops],95.0,95.0,95.0,90.0,PASS,"None; the bullet is highly specific, outcome-oriented, and aligns perfectly with the target persona.",rewrite,1,,,2026-07-15 20:35:15,13
Architected a Salesforce-synced account prioritization system that identified $3M in stale pipeline and standardized territory management across 565 districts,Mercor,[ops],95.0,90.0,95.0,90.0,PASS,"The term 'Architected' is slightly high-level, though acceptable given the scope of the project.",rewrite,1,,,2026-07-15 20:35:58,14
Architected an 11-step Outreach.io sequence using advanced conditional logic to achieve a 34% reply rate on in-contract accounts,Treering Yearbooks,[generalist],95.0,95.0,95.0,90.0,PASS,None; the bullet is highly specific and demonstrates both technical skill and measurable impact.,rewrite,2,,,2026-07-15 20:37:26,16
Exceeded Year 1 revenue targets by 17% as the first outbound hire to surpass $1M in sourced revenue at Treering Yearbooks,Treering Yearbooks,[generalist],100.0,95.0,95.0,90.0,PASS,"The bullet is slightly dense, but the specificity of the achievement and the company context makes it highly effective.",rewrite,1,,,2026-07-15 20:38:08,17
"Generated $1M+ in sourced revenue by architecting 129+ Outreach sequences, achieving 83% open and 38% reply rates on persona-based campaigns",Treering Yearbooks,[email][ops],95.0,90.0,95.0,90.0,PASS,"The term 'architecting' is slightly buzzword-heavy, though acceptable in a RevOps context; the bullet could be improved by specifying the timeframe or the specific persona segments targeted.",rewrite,1,,,2026-07-15 20:38:50,18
Achieved a 74% open rate and 22% reply rate on a 299-contact PTA Council outreach campaign by integrating personalized Thnks gifting and Facebook group research,Treering Yearbooks,[email][brand],100.0,95.0,95.0,90.0,PASS,None; the bullet is highly specific and well-anchored.,rewrite,1,,,2026-07-15 20:39:30,21
Achieved a 74% open rate and 22% reply rate on PTA Council outreach campaigns by integrating Thnks gifting and Facebook group research to personalize engagement for hard-to-reach audiences,Treering Yearbooks,[email],100.0,95.0,95.0,90.0,PASS,None; the bullet is highly specific and well-anchored.,rewrite,1,,,2026-07-15 20:40:13,20
Architected an 8-step SDR onboarding website that standardized team training and improved handoff quality for 20+ remote employees,Treering Yearbooks,[generalist],100.0,95.0,95.0,90.0,PASS,None; the bullet is highly specific and verifiable.,rewrite,1,,,2026-07-15 20:43:06,24
"Authored 100+ email campaigns and established team-wide voice guidelines, resulting in a 34% reply rate on core sequences and consistent engagement across niche segments",Treering Yearbooks,[content],90.0,95.0,95.0,90.0,PASS,The term 'niche segments' is slightly vague and could be improved by specifying the audience or industry vertical.,rewrite,1,,,2026-07-15 20:43:47,27
"Founded and chaired the Content Committee, unifying Sales and Marketing to govern brand voice and rebuild 16 sequences based on 181 pages of VOC research",Treering Yearbooks,[brand],100.0,95.0,95.0,90.0,PASS,None; the bullet is highly specific and demonstrates both leadership and data-driven execution.,rewrite,1,,,2026-07-15 20:44:29,28
"Optimized multi-touch email sequences by analyzing campaign performance, achieving 85% open and 39% reply rates on 89-contact Hot Zone prospecting campaigns",Treering Yearbooks,[email][ops],95.0,95.0,95.0,90.0,PASS,None; the bullet is highly specific and provides clear context for the metrics.,rewrite,1,,,2026-07-15 20:45:10,30
"Audited CRM data and campaign performance to identify conversion bottlenecks, informing A/B testing that increased lead-to-meeting rates across 6 sequences in the January 2022 launch",Treering Yearbooks,[ops],95.0,90.0,95.0,90.0,PASS,"The bullet lacks the specific percentage increase in lead-to-meeting rates, which would strengthen the outcome.",rewrite,1,,,2026-07-15 20:45:52,31
Automated campaign performance reporting in Salesforce and Outreach.io to identify $3M in stale pipeline for targeted re-engagement,Treering Yearbooks,[ops],100.0,95.0,95.0,90.0,PASS,None; the bullet is highly specific and aligns perfectly with the provided source material.,rewrite,1,,,2026-07-15 20:46:35,32
"Engineered custom Salesforce dashboards to track campaign performance, translating email engagement metrics into actionable sequence optimizations that increased reply rates by 34%",Treering Yearbooks,[ops],95.0,90.0,95.0,90.0,PASS,"The bullet is strong, but could be further improved by specifying the volume of campaigns or the timeframe to provide even more context for the 34% increase.",rewrite,1,,,2026-07-15 20:47:17,33
"Designed and executed a VOC research program, collecting 181 pages of feedback to rebuild 16 sequences and optimize content governance across the SDR team",Treering Yearbooks,[generalist],95.0,90.0,95.0,85.0,PASS,"The term 'optimize' is slightly generic, though it is well-supported by the specific output of 16 sequences.",rewrite,1,,,2026-07-15 20:48:00,34
"Optimized sequence messaging through systematic A/B testing and VOC research, achieving a 63% average open rate across 3,337 prospects in the January 2022 launch",Treering Yearbooks,[generalist],100.0,95.0,95.0,90.0,PASS,None; the bullet is highly specific and well-structured.,rewrite,1,,,2026-07-15 20:48:44,35
"Optimized sequence performance by applying cohort analysis and A/B testing to 16 rebuilt personas, achieving a 63% average open rate across 3,337 prospects",Treering Yearbooks,[generalist],95.0,95.0,95.0,90.0,PASS,None; the bullet is highly specific and provides clear context for the metrics.,rewrite,1,,,2026-07-15 20:49:28,36
"Architected high-performing email sequences for niche segments, achieving a 74% open rate and 22% reply rate across PTA Council campaigns by leveraging personalized, empathy-driven messaging",Treering Yearbooks,[email],95.0,90.0,95.0,85.0,PASS,"The phrase 'leveraging' is a moderate-risk AI pattern that could be replaced with a more direct verb, and 'high-performing' is slightly generic.",rewrite,1,,,2026-07-15 20:50:10,40
"Authored 129 Outreach sequences using conditional logic and UX-focused copy, achieving an 83% open rate and 38% reply rate across a 751-contact persona segment",Treering Yearbooks,[writing][email],100.0,95.0,100.0,95.0,PASS,None; the bullet is highly specific and well-structured.,rewrite,1,,,2026-07-15 20:50:54,42
"Authored 14-step ABM outreach sequences for Adobe eSign and education clients, achieving a 74% open rate and 22% reply rate",Treering Yearbooks,[writing],100.0,95.0,95.0,90.0,PASS,None; the bullet is highly specific and provides clear context for the metrics.,rewrite,2,,,2026-07-15 20:52:21,43
Authored 129 Outreach.io sequences using conditional variable logic and a 14-category QA checklist to ensure brand voice consistency across all persona-based campaigns,Treering Yearbooks,[writing],100.0,95.0,95.0,90.0,PASS,None; the bullet is highly specific and demonstrates both technical skill and process-oriented thinking.,rewrite,1,,,2026-07-15 20:53:03,44
"Architected a 14-category QA checklist and messaging calendar that standardized the sequence review cycle for 16+ campaigns, ensuring brand voice consistency and operational precision",Treering Yearbooks,[writing][content],95.0,90.0,95.0,90.0,PASS,"The term 'operational precision' is slightly abstract, though it is well-supported by the concrete mention of the 14-category checklist.",rewrite,1,,,2026-07-15 20:53:44,45
"Authored high-intent nurture sequences for engaged prospects, achieving a 70% reply rate across a 23-contact sample set",Treering Yearbooks,[email][writing],95.0,90.0,95.0,85.0,PASS,"The sample size is small, which could be perceived as statistically insignificant if not framed carefully, though the transparency here is a strength.",rewrite,1,,,2026-07-15 20:54:25,46
"Authored 21 niche sequences for Outreach.io, achieving a 63% average open rate across 3,337 prospects during the January 2022 launch program",Treering Yearbooks,[email][writing],100.0,100.0,100.0,95.0,PASS,,rewrite,1,,,2026-07-15 20:55:07,47
"Authored 60+ email sequences using behavioral triggers and segmentation logic, achieving 34% reply rates and 98% deliverability",Treering Yearbooks,[email][content],95.0,90.0,95.0,90.0,PASS,"The bullet lacks a specific tool mention (e.g., Outreach.io, HubSpot) which would further anchor the technical execution.",rewrite,1,,,2026-07-15 21:00:18,52
"Architected a 14-category QA checklist and sequence review program that governed 129 Outreach.io campaigns, ensuring brand voice consistency and high-performance engagement tracking across all SDR sequences",Treering Yearbooks,[email],95.0,95.0,95.0,90.0,PASS,None significant; the bullet is highly specific and demonstrates both systems-thinking and operational rigor.,rewrite,1,,,2026-07-15 21:01:01,55
"Architected a specialized research role and Salesforce dashboarding system that surfaced $3M+ in dormant pipeline across 2,933 accounts to revitalize outbound revenue generation",Treering Yearbooks,[ops],95.0,90.0,95.0,90.0,PASS,"The term 'architected' is slightly high-level, but the specific mention of Salesforce dashboarding and the precise account count provides sufficient grounding to avoid a hard fail.",rewrite,1,,,2026-07-15 21:01:46,58
"Architected Outreach.io sequence logic and Salesforce segmentation to drive a 63% average open rate across 3,337 prospects during the January 2022 campaign launch",Treering Yearbooks,[email][ops],100.0,95.0,95.0,90.0,PASS,None; the bullet is highly specific and well-structured.,rewrite,1,,,2026-07-15 21:02:30,59
"Engineered Outreach.io and Salesforce workflows to automate audience segmentation, driving a 34% reply rate on high-value sequences across 11-step nurture programs",Treering Yearbooks,[ops],95.0,90.0,95.0,90.0,PASS,"The term 'engineered' is slightly ambitious for workflow configuration, though acceptable in a RevOps context.",rewrite,1,,,2026-07-15 21:03:14,60
"Architected an 8-step SDR onboarding website and objection library that standardized training, reducing ramp time for 20+ remote hires by providing immediate access to playbooks and sequence logic",Treering Yearbooks,[content],95.0,95.0,95.0,90.0,PASS,The bullet is slightly heavy on internal sales terminology which may require minor translation for a pure content marketing audience.,rewrite,1,,,2026-07-15 21:03:58,61
"Designed and delivered live and asynchronous training programs for 20+ employees on messaging, QA best practices, and platform workflows",Treering Yearbooks,[mgmt],95.0,90.0,95.0,85.0,PASS,"The bullet is slightly generic; adding the specific platform or the impact of the training (e.g., reduced onboarding time) would make it even stronger.",rewrite,1,,,2026-07-15 21:04:39,62
"Architected a Salesforce-synced account prioritization system that identified $3M+ in stale pipeline across 2,933+ accounts by automating territory-specific data hygiene and reporting workflows",Treering Yearbooks,[ops],95.0,95.0,95.0,90.0,PASS,"None; the bullet is highly specific, quantifies the impact, and names the relevant systems.",rewrite,1,,,2026-07-15 21:05:23,63
"Optimized lifecycle email campaigns across 2,933 B2B accounts, achieving a 74% open rate on PTA Council sequences by leveraging segmented audience research and personalized gifting workflows",Treering Yearbooks,[email],95.0,90.0,95.0,90.0,PASS,The term 'leveraging' is a moderate-risk buzzword that could be replaced with a more direct verb like 'applying' or 'integrating'.,rewrite,1,,,2026-07-15 21:06:16,68
"Segmented 3,300+ prospects in Outreach.io based on behavioral attributes, driving a 63% average open rate across six sequences",Treering Yearbooks,[generalist],100.0,95.0,95.0,90.0,PASS,"None; this is a high-quality, evidence-backed bullet.",rewrite,1,,,2026-07-15 21:07:00,69
"Automated lifecycle nurture and win-back sequences in Outreach.io using behavioral segmentation, increasing average open rates by 20% across 3,300+ prospects",Treering Yearbooks,[email],95.0,95.0,95.0,90.0,PASS,None; the bullet is highly specific and aligns perfectly with the persona.,rewrite,2,,,2026-07-15 21:08:30,70
"Engineered a Salesforce-synced CRM prioritization system using G-Connector to automate account monitoring, surfacing $3M+ in stale pipeline for targeted recovery",Treering Yearbooks,[ops],95.0,95.0,95.0,90.0,PASS,"None; the bullet is highly specific, names the tools, and provides a clear business outcome.",rewrite,1,,,2026-07-15 21:09:11,71
"Built Salesforce dashboards to track SDR performance and sequence quality, providing real-time visibility into 74,000+ activities and 16,000+ calls across the team",Treering Yearbooks,[mgmt],95.0,90.0,95.0,90.0,PASS,None significant; the bullet is highly specific and demonstrates both technical skill and operational impact.,rewrite,1,,,2026-07-15 21:09:54,74
"Engineered Salesforce dashboards to visualize pipeline health, surfacing $3M in stale accounts and enabling data-driven territory prioritization for Sales and Marketing teams",Treering Yearbooks,[ops],95.0,90.0,95.0,90.0,PASS,None significant; the bullet is strong and well-aligned with the target persona.,rewrite,1,,,2026-07-15 21:10:35,75
"Architected Outreach persona sequences for technical audiences, achieving a 38% reply rate across 751 contacts in the 2020-21 season",Treering Yearbooks,[email],100.0,95.0,95.0,90.0,PASS,None; the bullet is highly specific and well-anchored.,rewrite,1,,,2026-07-15 21:11:17,76
"Identified $3M+ in stale pipeline by architecting a Salesforce-synced CRM audit system to prioritize 2,933+ accounts across 565 districts",Treering Yearbooks,[ops],100.0,95.0,95.0,90.0,PASS,None; the bullet is highly specific and aligns perfectly with the provided source material.,rewrite,1,,,2026-07-15 21:12:00,79
"Architected Salesforce-driven segmentation strategies to personalize outreach by lifecycle stage and school demographics, increasing engagement across 2,933+ accounts",Treering Yearbooks,[ops],95.0,90.0,95.0,90.0,PASS,"The term 'Architected' is slightly high-level for a tactical CRM task, though acceptable in a RevOps context.",rewrite,1,,,2026-07-15 21:12:43,80
"Designed a 14-step district-level ABM outreach strategy for PTA Councils, achieving a 74% open rate and 22% reply rate by pairing personalized messaging with Thnks gifting and Facebook research",Treering Yearbooks,[email],100.0,95.0,95.0,90.0,PASS,None; the bullet is highly specific and provides clear context for the metrics.,rewrite,1,,,2026-07-15 21:13:25,81
"Authored comprehensive SDR training infrastructure and process documentation to translate complex platform workflows into clear, actionable team resources",Treering Yearbooks,[content],95.0,90.0,95.0,85.0,PASS,The bullet is slightly generic in its phrasing of 'complex platform workflows' and 'actionable team resources' without naming the specific tool or the tangible impact on onboarding time or team performance.,rewrite,1,,,2026-07-15 21:14:06,82
"Authored high-performing sequences for 20-21 SDR personas, achieving 83% open and 32% reply rates across 804 prospects",Treering Yearbooks,[email],95.0,90.0,95.0,90.0,PASS,"The term 'high-performing' is slightly subjective, though the specific metrics provided immediately mitigate this concern.",rewrite,1,,,2026-07-15 21:27:07,83
"Orchestrated multi-touch lifecycle campaigns across the full school year, achieving 83% open and 43% reply rates through advanced audience segmentation and personalized variable logic",Treering Yearbooks,[email],95.0,90.0,95.0,90.0,PASS,"The term 'orchestrated' is slightly generic, and while the metrics are impressive, they could be further anchored by specifying the audience size or the specific ESP/CRM tool used to execute the variable logic.",rewrite,1,,,2026-07-15 21:27:47,84
"Managed a 1,578-school Hot Zone territory across 100+ districts, utilizing a self-built CRM prioritization system to drive territory strategy and account engagement",Treering Yearbooks,[mgmt],95.0,90.0,95.0,90.0,PASS,"The word 'utilizing' is a moderate-risk AI pattern; 'leveraging' or 'applying' would be stronger. The bullet could be improved by briefly stating the outcome of the prioritization system (e.g., increased engagement rate or time saved).",rewrite,3,,,2026-07-15 21:32:13,93
"Founded and chaired a 9-member cross-departmental Content Committee to unify brand voice, govern sequence libraries, and execute VOC-driven campaign rebuilds based on 181 pages of survey data",Treering Yearbooks,[generalist],95.0,90.0,95.0,90.0,PASS,The phrase 'cross-departmental' is a moderate-risk buzzword that could be tightened to be more specific about the departments involved.,rewrite,1,,,2026-07-15 21:32:53,94
Architected a cross-departmental Content Committee to unify brand voice and ensure all 100+ sequence assets accurately reflected evolving platform capabilities and product updates,Treering Yearbooks,[content][mgmt],95.0,90.0,95.0,90.0,PASS,The phrase 'cross-departmental' is a moderate-risk buzzword that could be replaced with more specific department names to increase impact.,rewrite,1,,,2026-07-15 21:33:35,95
"Authored brand voice guidelines and a 100+ asset sequence library, standardizing messaging across lifecycle stages to ensure consistent audience engagement",Treering Yearbooks,[content][brand],95.0,90.0,95.0,90.0,PASS,The phrase 'ensure consistent audience engagement' is slightly generic and borders on a buzzword-heavy outcome; it could be strengthened by mentioning a specific metric or a tangible improvement in brand alignment.,rewrite,1,,,2026-07-15 21:34:20,96
"Launched 16-sequence nurture program across 6 personas in Outreach.io, achieving a 63% average open rate and 8.7% reply rate for 3,337 prospects",Treering Yearbooks,[email],100.0,100.0,100.0,95.0,PASS,,rewrite,1,,,2026-07-15 21:35:14,97
"Founded and chaired the Content Committee, a cross-departmental governance body that unified brand voice, managed a 100+ asset sequence library, and executed a 14-category QA process for all campaigns",Treering Yearbooks,[content][mgmt],95.0,90.0,95.0,90.0,PASS,The phrase 'cross-departmental' is a moderate-risk buzzword that could be tightened to be more specific about which departments were involved.,rewrite,1,,,2026-07-15 21:35:58,99
"Founded and chaired the Content Committee, unifying Sales and Marketing through 181 pages of VOC research to govern brand voice and rebuild 16 sequences across 6 personas",Treering Yearbooks,[brand],100.0,95.0,95.0,90.0,PASS,None; the bullet is highly specific and demonstrates both leadership and tangible output.,rewrite,1,,,2026-07-15 21:36:41,100
"Founded and chaired the Content Committee, unifying Sales and Marketing through a 100+ asset sequence library, standardized brand voice guidelines, and a 14-category QA process for all outbound messaging",Treering Yearbooks,[content],100.0,95.0,95.0,90.0,PASS,None; the bullet is highly specific and demonstrates both leadership and operational rigor.,rewrite,1,,,2026-07-15 21:37:24,101
"Authored team-wide voice and tone guidelines, establishing the benchmark for 100+ email campaigns and ensuring brand consistency across all outbound messaging touchpoints",Treering Yearbooks,[content],95.0,90.0,95.0,90.0,PASS,"The phrase 'establishing the benchmark' is slightly abstract; it could be strengthened by mentioning the specific outcome of these guidelines (e.g., improved engagement rates or reduced editing time).",rewrite,1,,,2026-07-15 21:38:07,102
"Authored 100+ educator-focused email campaigns and training assets that translated complex SaaS features into actionable value propositions, driving team-wide adoption",Treering Yearbooks,[generalist],90.0,95.0,95.0,90.0,PASS,The phrase 'driving team-wide adoption' is slightly vague regarding the specific scale or percentage of adoption achieved.,rewrite,1,,,2026-07-15 21:38:48,103
"Founded and chaired a cross-departmental Content Committee to unify Sales and Marketing messaging, resulting in a 16-sequence program rebuild informed by 181 pages of VOC research",Treering Yearbooks,[mgmt],95.0,90.0,95.0,90.0,PASS,The phrase 'cross-departmental' is a moderate-risk buzzword that could be tightened to be more specific.,rewrite,1,,,2026-07-15 21:39:29,104
"Authored 14-category creative briefs to guide design execution for 16-sequence campaign rebuilds, ensuring brand voice consistency across all assets",Treering Yearbooks,[brand][writing],95.0,90.0,95.0,85.0,PASS,The bullet is strong but could be improved by specifying the platform or the specific brand voice guidelines used to ensure consistency.,rewrite,1,,,2026-07-15 21:40:10,105
"Integrated Outreach.io with Salesforce to automate campaign workflows, synchronize data, and ensure operational continuity during a major CRM infrastructure migration",Treering Yearbooks,[ops],95.0,90.0,95.0,90.0,PASS,"The bullet lacks a specific outcome or metric (e.g., time saved, data accuracy percentage, or number of workflows automated) to fully demonstrate the impact of the integration.",rewrite,1,,,2026-07-15 21:40:51,106
"Designed a comprehensive brand identity system for Strategy LLC, creating a visual language that remains in active use 15 years after launch",Treering Yearbooks,[mgmt][design],100.0,95.0,95.0,90.0,PASS,"The bullet is slightly passive in its construction; it could be strengthened by explicitly naming the core components of the 'brand identity system' (e.g., logo, typography, design guidelines) to provide more concrete evidence of the scope.",rewrite,1,,,2026-07-15 21:41:33,107
"Founded and chaired a 9-member Content Committee to unify sales and marketing messaging, resulting in a 16-sequence program rebuild informed by 181 pages of VOC research",Treering Yearbooks,[mgmt],100.0,95.0,95.0,90.0,PASS,None; the bullet is highly specific and provides clear evidence of leadership and output.,rewrite,1,,,2026-07-15 21:42:14,109
"Architected 16 persona-based sequences under the Content Committee, utilizing VOC survey data to drive a 63% average open rate across 3,337 prospects",Treering Yearbooks,[email],95.0,95.0,95.0,90.0,PASS,None; the bullet is highly specific and well-structured.,rewrite,1,,,2026-07-15 21:42:56,110
"Architected a 16-sequence campaign program for 6 personas, applying a 14-category QA checklist to drive 63% average open rates across 3,337 prospects",Treering Yearbooks,[email],100.0,95.0,95.0,90.0,PASS,None; the bullet is highly specific and demonstrates both technical process and measurable outcome.,rewrite,1,,,2026-07-15 21:43:41,111
"Optimized campaign performance by systematically A/B testing subject lines, CTAs, and send windows across 129 Outreach sequences, driving a 63% average open rate on the January 2022 launch",Treering Yearbooks,[email],95.0,90.0,95.0,90.0,PASS,"The bullet is strong, but could be slightly improved by specifying the total volume of recipients or the specific industry context to further anchor the 63% open rate.",rewrite,1,,,2026-07-15 21:44:20,112
"Optimized email campaign performance by A/B testing subject lines and CTAs across 129 sequences, achieving a 63% average open rate on the January 2022 launch",Treering Yearbooks,[brand],95.0,90.0,95.0,90.0,PASS,"The bullet is strong, but could be slightly improved by specifying the audience size or the specific tool used for the A/B testing to further anchor the 63% metric.",rewrite,1,,,2026-07-15 21:45:05,113
"Audited 2,933+ CRM records to identify $3M in stale pipeline, building custom Salesforce dashboards to streamline territory reporting and forecasting for leadership",Treering Yearbooks,[ops],100.0,95.0,95.0,90.0,PASS,"None; the bullet is highly specific, quantifies the impact, and names the relevant tools.",rewrite,1,,,2026-07-15 21:45:47,114
"Audited 2,933+ CRM records to identify $3M in stale pipeline, building custom Salesforce dashboards to track territory performance and prioritize high-value accounts",Treering Yearbooks,[ops],100.0,95.0,95.0,90.0,PASS,None; the bullet is highly specific and demonstrates both technical skill and business impact.,rewrite,1,,,2026-07-15 21:46:29,115
"Authored 100+ personalized email campaigns using Outreach.io, achieving a 74% open rate and 22% reply rate with PTA Council segments through targeted research and behavioral segmentation",Treering Yearbooks,[email],100.0,95.0,95.0,90.0,PASS,None; the bullet is highly specific and aligns perfectly with the persona.,rewrite,1,,,2026-07-15 21:47:11,117
"Personalized outreach at scale by integrating Vidyard video prospecting and Thnks gifting into PTA Council sequences, achieving a 74% open rate and 22% reply rate across 299 contacts",Treering Yearbooks,[email],100.0,95.0,95.0,90.0,PASS,None; the bullet is highly specific and well-anchored.,rewrite,1,,,2026-07-15 21:47:53,118
"Authored 100+ email campaigns and established team-wide voice guidelines, resulting in a 74% open rate and 22% reply rate on PTA Council sequences",Treering Yearbooks,[content],95.0,90.0,95.0,90.0,PASS,"The bullet is strong, but could be slightly improved by specifying the timeframe or the size of the audience to further contextualize the high engagement rates.",rewrite,2,,,2026-07-15 21:49:19,120
"Founded and chaired the Content Committee, growing it to 9 members and managing the governance of 100+ sequences to ensure brand voice consistency and high-performing messaging across the team",Treering Yearbooks,[mgmt][brand],95.0,90.0,95.0,85.0,PASS,The phrase 'high-performing messaging' is slightly vague and borders on buzzword territory; it would be stronger if it referenced a specific metric or outcome achieved by that messaging.,rewrite,1,,,2026-07-15 21:50:01,122
"Engineered ABM pilot messaging for Adobe eSign, leveraging Salesforce tracking to attribute a 25% pipeline increase within 60 days of launch",Treering Yearbooks,[ops],95.0,90.0,95.0,90.0,PASS,The term 'leveraging' is a moderate-risk AI pattern that could be replaced with a more direct verb like 'using' or 'utilizing' to improve impact.,rewrite,2,,,2026-07-15 21:51:30,123
Authored a 200-page digital strategy report for Carlson Hotels that earned direct praise from the VML CEO for its professional quality and strategic depth,Treering Yearbooks,[brand],95.0,90.0,95.0,85.0,PASS,The bullet is strong but could be improved by specifying the timeframe or the specific impact of the strategy on the client's business beyond the praise received.,rewrite,1,,,2026-07-15 21:52:12,124
"Generated $874,622 in sourced revenue by architecting a multi-stakeholder territory management system for 1,578 schools across 100+ districts using Salesforce and Outreach.io",Treering Yearbooks,[generalist],100.0,95.0,95.0,90.0,PASS,"The term 'multi-stakeholder' is slightly buzzword-heavy, though it is contextually grounded here by the specific scale of the territory management system.",rewrite,1,,,2026-07-15 21:52:52,125
"Authored and governed brand voice guidelines across 100+ email campaigns, ensuring consistent messaging and editorial standards for a 20-person remote team",Treering Yearbooks,[content],95.0,90.0,95.0,90.0,PASS,"The term 'governed' is slightly abstract; adding a specific tool or platform used to enforce these guidelines (e.g., a style guide, Notion, or CMS) would further strengthen the claim.",rewrite,1,,,2026-07-15 21:53:33,126
"Founded and chaired the Content Committee, unifying sales and marketing messaging through a 14-category QA checklist and a 100+ asset sequence library that standardized brand voice across all outbound channels",Treering Yearbooks,[mgmt][brand],100.0,95.0,95.0,90.0,PASS,None; the bullet is highly specific and demonstrates both leadership and operational impact.,rewrite,1,,,2026-07-15 21:54:16,127
"Architected a specialized research role and built the supporting Salesforce reporting infrastructure to systematize account segmentation and territory prioritization for 2,000+ accounts",Treering Yearbooks,[ops][mgmt],95.0,95.0,95.0,90.0,PASS,None significant; the bullet is highly specific and demonstrates both strategic and technical contributions.,rewrite,1,,,2026-07-15 21:54:59,128
Designed a 14-step PTA channel outreach strategy that secured partnerships with 400+ schools by combining top-down ABM mapping with personalized email sequences and Thnks gifting,Treering Yearbooks,[email][writing],95.0,90.0,95.0,90.0,PASS,"The bullet is strong, but could be slightly improved by specifying the timeframe or the specific email platform used to execute the sequences.",rewrite,1,,,2026-07-15 21:55:39,129
Standardized brand voice and campaign execution across a 20-member team by implementing a 14-category QA checklist and sequence governance program that unified messaging standards,Treering Yearbooks,[mgmt],95.0,90.0,95.0,90.0,PASS,"The phrase 'unified messaging standards' is slightly abstract, though the context of the QA checklist and governance program provides sufficient grounding.",rewrite,1,,,2026-07-15 21:56:20,130
"Architected a centralized SDR training infrastructure, including a 129-sequence library and a live 8-step process website, to standardize brand voice and workflow execution across 20+ remote team members",Treering Yearbooks,[ops][content],100.0,95.0,95.0,90.0,PASS,None; the bullet is highly specific and verifiable.,rewrite,1,,,2026-07-15 21:57:04,132
"Designed and delivered live training workshops and async documentation for 20+ remote employees, standardizing onboarding workflows and team performance metrics",Treering Yearbooks,[generalist],90.0,95.0,95.0,85.0,PASS,"The bullet is strong but could be further improved by naming the specific platform or tool used for the async documentation (e.g., Notion, Confluence, or a custom site).",rewrite,1,,,2026-07-15 21:59:59,136
"Authored and governed company-wide voice and tone guidelines, establishing the editorial benchmark for 100+ outbound sequences and all marketing collateral to ensure brand consistency across the organization",Treering Yearbooks,[content][brand],95.0,90.0,95.0,90.0,PASS,"The bullet is strong but could be further improved by naming the specific platform or tool used to host or distribute these guidelines (e.g., Notion, internal wiki, or brand portal).",rewrite,2,,,2026-07-15 22:01:26,137
"Authored and designed 100+ sales assets, including pitch decks and email templates, that standardized brand voice across a $15.1M account portfolio",Treering Yearbooks,[brand][design],90.0,95.0,95.0,90.0,PASS,"The bullet is strong, but could be further improved by specifying the primary tool used for design (e.g., Adobe Creative Suite, Figma, or Canva) to better align with the target persona's technical expectations.",rewrite,2,,,2026-07-15 22:02:52,139
