Full Path,Name,File ID,Type,MIME Type,Parent Folder,Link,Possible Duplicate?,Skip?,Review Status,TR Reference,Evidence Summary,Priority
Root,Treering Archive Coverage Tracker,148rc5AxMJuQ4lF5_0OWQaUPzyupwsuu6_haWNhliYLQ,File,application/vnd.google-apps.spreadsheet,_Drive,https://docs.google.com/spreadsheets/d/148rc5AxMJuQ4lF5_0OWQaUPzyupwsuu6_haWNhliYLQ/edit?usp=drivesdk,,,Skip — not reviewable,,This tracker spreadsheet itself — not a career artifact.,
Root,file_list_2026-05-04,1wxHt3XNMKfCvPG5Au_ydFsFIQSsgaf_4e0EQxLLfoBI,File,application/vnd.google-apps.document,_Drive,https://docs.google.com/document/d/1wxHt3XNMKfCvPG5Au_ydFsFIQSsgaf_4e0EQxLLfoBI/edit?usp=drivesdk,,,Reviewed,TR-0672,"Old file_list.txt — original Drive inventory, superseded by CSV. No career evidence.",Medium
,,,,,,,,,,,,
Root/Messages (Google Chat?),messages.json,1LRzlKEU8T6SKDhRuSWJ2CDDqUda6vnV6,File,application/json,Messages (Google Chat?),https://drive.google.com/file/d/1LRzlKEU8T6SKDhRuSWJ2CDDqUda6vnV6/view?usp=drivesdk,,YES,Skip — not reviewable,,,
Root/Messages (Google Chat?),messages.json,12Btxf3BeDBJ9lWhs97G4gcRx3UG11yy2,File,application/json,Messages (Google Chat?),https://drive.google.com/file/d/12Btxf3BeDBJ9lWhs97G4gcRx3UG11yy2/view?usp=drivesdk,,YES,Skip — not reviewable,,,
Root/Messages (Google Chat?),messages.json,1Z60B2ilG0EDGQUPQoKmT9uIgg7z03UUT,File,application/json,Messages (Google Chat?),https://drive.google.com/file/d/1Z60B2ilG0EDGQUPQoKmT9uIgg7z03UUT/view?usp=drivesdk,Yes,YES,Skip — not reviewable,,,
Root/Messages (Google Chat?),messages.json,1tIm9kyroWBKg6eu9zLtHSrQpX5vH1RtN,File,application/json,Messages (Google Chat?),https://drive.google.com/file/d/1tIm9kyroWBKg6eu9zLtHSrQpX5vH1RtN/view?usp=drivesdk,,YES,Skip — not reviewable,,,
Root/Messages (Google Chat?),messages.json,1l9ZMWMwuGvn55bR_PtO5BCjptr4f6521,File,application/json,Messages (Google Chat?),https://drive.google.com/file/d/1l9ZMWMwuGvn55bR_PtO5BCjptr4f6521/view?usp=drivesdk,,YES,Skip — not reviewable,,,
Root/Messages (Google Chat?),messages.json,14JBDzo3nWAwVFsOnWMAq8BQrpPmlip8P,File,application/json,Messages (Google Chat?),https://drive.google.com/file/d/14JBDzo3nWAwVFsOnWMAq8BQrpPmlip8P/view?usp=drivesdk,,YES,Skip — not reviewable,,,
Root/Messages (Google Chat?),messages.json,1Ysm_jLaF6PLCO59WNUP30C6lzDV6ouNx,File,application/json,Messages (Google Chat?),https://drive.google.com/file/d/1Ysm_jLaF6PLCO59WNUP30C6lzDV6ouNx/view?usp=drivesdk,,YES,Skip — not reviewable,,,
Root/Messages (Google Chat?),messages.json,1Gn1ST0tf60uhhfvoHnKIQu8PsIlFRHy_,File,application/json,Messages (Google Chat?),https://drive.google.com/file/d/1Gn1ST0tf60uhhfvoHnKIQu8PsIlFRHy_/view?usp=drivesdk,,YES,Skip — not reviewable,,,
Root/Messages (Google Chat?),messages.json,1oIjenyYaxatWck5tZ-xz_ykgaXu0AGQ6,File,application/json,Messages (Google Chat?),https://drive.google.com/file/d/1oIjenyYaxatWck5tZ-xz_ykgaXu0AGQ6/view?usp=drivesdk,,YES,Skip — not reviewable,,,
Root/Messages (Google Chat?),messages.json,16d0zwdMjBPvFUChelCe8JhCZB7j96QSn,File,application/json,Messages (Google Chat?),https://drive.google.com/file/d/16d0zwdMjBPvFUChelCe8JhCZB7j96QSn/view?usp=drivesdk,,YES,Skip — not reviewable,,,
Root/Messages (Google Chat?),messages.json,1uCsIa-vqcTXD0IZ_57Tttzm7iiTB9sZq,File,application/json,Messages (Google Chat?),https://drive.google.com/file/d/1uCsIa-vqcTXD0IZ_57Tttzm7iiTB9sZq/view?usp=drivesdk,,YES,Skip — not reviewable,,,
Root/Messages (Google Chat?),messages.json,1SddPhQ4z10fVh7BuVa5efz6wKO0_4UC7,File,application/json,Messages (Google Chat?),https://drive.google.com/file/d/1SddPhQ4z10fVh7BuVa5efz6wKO0_4UC7/view?usp=drivesdk,,YES,Skip — not reviewable,,,
Root/Messages (Google Chat?),messages.json,17oIq-XlHZk7qRBZJlQuvw9TZYolZXQxb,File,application/json,Messages (Google Chat?),https://drive.google.com/file/d/17oIq-XlHZk7qRBZJlQuvw9TZYolZXQxb/view?usp=drivesdk,,YES,Skip — not reviewable,,,
Root/Messages (Google Chat?),messages.json,1khDi8GkKrB2XJrY_1UT5kUATEE0176nH,File,application/json,Messages (Google Chat?),https://drive.google.com/file/d/1khDi8GkKrB2XJrY_1UT5kUATEE0176nH/view?usp=drivesdk,,YES,Skip — not reviewable,,,
Root/Messages (Google Chat?),messages.json,1ireCytE1AOG1aqkxIJu_3VLFbU7x1_JU,File,application/json,Messages (Google Chat?),https://drive.google.com/file/d/1ireCytE1AOG1aqkxIJu_3VLFbU7x1_JU/view?usp=drivesdk,,YES,Skip — not reviewable,,,
Root/Messages (Google Chat?),messages.json,1agXV9KfodRaIkRU_B1RISyC599oQ9WAh,File,application/json,Messages (Google Chat?),https://drive.google.com/file/d/1agXV9KfodRaIkRU_B1RISyC599oQ9WAh/view?usp=drivesdk,,YES,Skip — not reviewable,,,
Root/Messages (Google Chat?),messages.json,1U12bzyH761D01syXF72tutcNw7cztde2,File,application/json,Messages (Google Chat?),https://drive.google.com/file/d/1U12bzyH761D01syXF72tutcNw7cztde2/view?usp=drivesdk,,YES,Skip — not reviewable,,,
Root/Messages (Google Chat?),messages.json,1MjGtq1WmpSq944ddnjGdbBkfg_uZfVUu,File,application/json,Messages (Google Chat?),https://drive.google.com/file/d/1MjGtq1WmpSq944ddnjGdbBkfg_uZfVUu/view?usp=drivesdk,,YES,Skip — not reviewable,,,
Root/Messages (Google Chat?),messages.json,1joqbtToxbhJjbHLsvFfB1T0a9JTR_LIW,File,application/json,Messages (Google Chat?),https://drive.google.com/file/d/1joqbtToxbhJjbHLsvFfB1T0a9JTR_LIW/view?usp=drivesdk,,YES,Skip — not reviewable,,,
Root/Messages (Google Chat?),messages.json,19rdODugnRWxKupu2dajKn0PW_4QdcKYd,File,application/json,Messages (Google Chat?),https://drive.google.com/file/d/19rdODugnRWxKupu2dajKn0PW_4QdcKYd/view?usp=drivesdk,,YES,Skip — not reviewable,,,
Root/Messages (Google Chat?),messages.json,1J5_giJ-prCZohtq8lKOmTrQUtogUnop2,File,application/json,Messages (Google Chat?),https://drive.google.com/file/d/1J5_giJ-prCZohtq8lKOmTrQUtogUnop2/view?usp=drivesdk,,YES,Skip — not reviewable,,,
Root/Messages (Google Chat?),messages.json,1JiJ9bFO9WjsNtXNXdl7DrGJ462MsgaXL,File,application/json,Messages (Google Chat?),https://drive.google.com/file/d/1JiJ9bFO9WjsNtXNXdl7DrGJ462MsgaXL/view?usp=drivesdk,,YES,Skip — not reviewable,,,
Root/Messages (Google Chat?),messages.json,1gxEDP-dO3Lm_yr97v-ku7TsBrQ-Eq8_W,File,application/json,Messages (Google Chat?),https://drive.google.com/file/d/1gxEDP-dO3Lm_yr97v-ku7TsBrQ-Eq8_W/view?usp=drivesdk,,YES,Skip — not reviewable,,,
Root/Messages (Google Chat?),messages.json,1kfifCg1MIMGTKz2Gx5CurvOomPAcMcLA,File,application/json,Messages (Google Chat?),https://drive.google.com/file/d/1kfifCg1MIMGTKz2Gx5CurvOomPAcMcLA/view?usp=drivesdk,,YES,Skip — not reviewable,,,
Root/Messages (Google Chat?),messages.json,1aqrcXz0KpCEGBMDtxz5PlujIWkvcjqNa,File,application/json,Messages (Google Chat?),https://drive.google.com/file/d/1aqrcXz0KpCEGBMDtxz5PlujIWkvcjqNa/view?usp=drivesdk,,YES,Skip — not reviewable,,,
Root/Messages (Google Chat?),messages.json,17SvnNg5ZiCI0qehen5YdtwSOCIZ6WVy3,File,application/json,Messages (Google Chat?),https://drive.google.com/file/d/17SvnNg5ZiCI0qehen5YdtwSOCIZ6WVy3/view?usp=drivesdk,,YES,Skip — not reviewable,,,
Root/Messages (Google Chat?),messages.json,1tvBCeCEZ5cSubfhaTCYPW4_Jn9yVsYk8,File,application/json,Messages (Google Chat?),https://drive.google.com/file/d/1tvBCeCEZ5cSubfhaTCYPW4_Jn9yVsYk8/view?usp=drivesdk,,YES,Skip — not reviewable,,,
Root/Messages (Google Chat?),messages.json,1xLbfPQHMwnjXIYhqZX89orVjEhAUi_n8,File,application/json,Messages (Google Chat?),https://drive.google.com/file/d/1xLbfPQHMwnjXIYhqZX89orVjEhAUi_n8/view?usp=drivesdk,,YES,Skip — not reviewable,,,
Root/Messages (Google Chat?),messages.json,1VafCTawUlyZJxdkeoI9hQTCJr2IrYdDH,File,application/json,Messages (Google Chat?),https://drive.google.com/file/d/1VafCTawUlyZJxdkeoI9hQTCJr2IrYdDH/view?usp=drivesdk,,YES,Skip — not reviewable,,,
Root/Messages (Google Chat?),messages.json,1lGwvI2tEAD-qrlUMCvw7Cw7soKoXMbp5,File,application/json,Messages (Google Chat?),https://drive.google.com/file/d/1lGwvI2tEAD-qrlUMCvw7Cw7soKoXMbp5/view?usp=drivesdk,,YES,Skip — not reviewable,,,
Root/Messages (Google Chat?),messages.json,1tZSdTvxclDKTU_eFoPIGH-KQEsJRykU-,File,application/json,Messages (Google Chat?),https://drive.google.com/file/d/1tZSdTvxclDKTU_eFoPIGH-KQEsJRykU-/view?usp=drivesdk,,YES,Skip — not reviewable,,,
Root/Messages (Google Chat?),messages.json,1XeAEOOixgr-a_FP5_3WsA6wUcrlxr9PJ,File,application/json,Messages (Google Chat?),https://drive.google.com/file/d/1XeAEOOixgr-a_FP5_3WsA6wUcrlxr9PJ/view?usp=drivesdk,,YES,Skip — not reviewable,,,
Root/Messages (Google Chat?),messages.json,1ETSC0dSns8OeMzHC7phe8xTizgb-7EBE,File,application/json,Messages (Google Chat?),https://drive.google.com/file/d/1ETSC0dSns8OeMzHC7phe8xTizgb-7EBE/view?usp=drivesdk,,YES,Skip — not reviewable,,,
Root/Messages (Google Chat?),messages.json,1Sevw3nvxfiAHZ3sYjwV57kXkUGisbvK3,File,application/json,Messages (Google Chat?),https://drive.google.com/file/d/1Sevw3nvxfiAHZ3sYjwV57kXkUGisbvK3/view?usp=drivesdk,,YES,Skip — not reviewable,,,
Root/Messages (Google Chat?),messages.json,10cOMfnGH0z_wt0ckHK4J4qgrgJ6grev4,File,application/json,Messages (Google Chat?),https://drive.google.com/file/d/10cOMfnGH0z_wt0ckHK4J4qgrgJ6grev4/view?usp=drivesdk,,YES,Skip — not reviewable,,,
Root/Messages (Google Chat?),messages.json,1Akt8vRDzoglXvSLoXf57U9AWqpenF-Mn,File,application/json,Messages (Google Chat?),https://drive.google.com/file/d/1Akt8vRDzoglXvSLoXf57U9AWqpenF-Mn/view?usp=drivesdk,,YES,Skip — not reviewable,,,
Root/Messages (Google Chat?),messages.json,1bv9gI_1H3jGhcUuaUVO0DUqbAr6YmWUV,File,application/json,Messages (Google Chat?),https://drive.google.com/file/d/1bv9gI_1H3jGhcUuaUVO0DUqbAr6YmWUV/view?usp=drivesdk,,YES,Skip — not reviewable,,,
Root/Messages (Google Chat?),messages.json,14aJrGpmD2lZPxl26U0dPASmEk-Opp--z,File,application/json,Messages (Google Chat?),https://drive.google.com/file/d/14aJrGpmD2lZPxl26U0dPASmEk-Opp--z/view?usp=drivesdk,,YES,Skip — not reviewable,,,
Root/Messages (Google Chat?),messages.json,1U41PrtsKtfzKWP0mZ0VhXqvM3E1hPL7o,File,application/json,Messages (Google Chat?),https://drive.google.com/file/d/1U41PrtsKtfzKWP0mZ0VhXqvM3E1hPL7o/view?usp=drivesdk,,YES,Skip — not reviewable,,,
Root/Messages (Google Chat?),messages.json,1aimYu1YR6WvpcQFpseidpDyqeeaCjTLJ,File,application/json,Messages (Google Chat?),https://drive.google.com/file/d/1aimYu1YR6WvpcQFpseidpDyqeeaCjTLJ/view?usp=drivesdk,,YES,Skip — not reviewable,,,
Root/Messages (Google Chat?),messages.json,1rA1LUmBznCyxAe5UAVR2WPJ2GhE0anHk,File,application/json,Messages (Google Chat?),https://drive.google.com/file/d/1rA1LUmBznCyxAe5UAVR2WPJ2GhE0anHk/view?usp=drivesdk,,YES,Skip — not reviewable,,,
Root/Messages (Google Chat?),messages.json,14wv3kCKV53dTYwbLKh0MAfmGfa-EyxXL,File,application/json,Messages (Google Chat?),https://drive.google.com/file/d/14wv3kCKV53dTYwbLKh0MAfmGfa-EyxXL/view?usp=drivesdk,,YES,Skip — not reviewable,,,
Root/Messages (Google Chat?),messages.json,1NFNBiHbOLaAEg1QV2JYFAcEzh15UCGeM,File,application/json,Messages (Google Chat?),https://drive.google.com/file/d/1NFNBiHbOLaAEg1QV2JYFAcEzh15UCGeM/view?usp=drivesdk,,YES,Skip — not reviewable,,,
Root/Messages (Google Chat?),messages.json,1q-CF2k0YNjsUdYVuDF1h0mb5sywtDrZY,File,application/json,Messages (Google Chat?),https://drive.google.com/file/d/1q-CF2k0YNjsUdYVuDF1h0mb5sywtDrZY/view?usp=drivesdk,,YES,Skip — not reviewable,,,
Root/Messages (Google Chat?),messages.json,1am1mzLDFKGK9JpgwfOhCUfeAmVGtwsLb,File,application/json,Messages (Google Chat?),https://drive.google.com/file/d/1am1mzLDFKGK9JpgwfOhCUfeAmVGtwsLb/view?usp=drivesdk,,YES,Skip — not reviewable,,,
Root/Messages (Google Chat?),messages.json,124EYg6C3fW1nz5aE9RYCArG_cUiqgj0s,File,application/json,Messages (Google Chat?),https://drive.google.com/file/d/124EYg6C3fW1nz5aE9RYCArG_cUiqgj0s/view?usp=drivesdk,,YES,Skip — not reviewable,,,
Root/Messages (Google Chat?),messages.json,1LCMY11ByWww8pltP2HDdY31WKAtfyoE6,File,application/json,Messages (Google Chat?),https://drive.google.com/file/d/1LCMY11ByWww8pltP2HDdY31WKAtfyoE6/view?usp=drivesdk,,YES,Skip — not reviewable,,,
Root/Messages (Google Chat?),messages.json,10yArg0GCxBa-Mn_6FNQjlme_Ae7d_sgO,File,application/json,Messages (Google Chat?),https://drive.google.com/file/d/10yArg0GCxBa-Mn_6FNQjlme_Ae7d_sgO/view?usp=drivesdk,,YES,Skip — not reviewable,,,
Root/Messages (Google Chat?),messages.json,1sFKszApbclP2KM0kLPAH6n2r9JiXx90j,File,application/json,Messages (Google Chat?),https://drive.google.com/file/d/1sFKszApbclP2KM0kLPAH6n2r9JiXx90j/view?usp=drivesdk,,YES,Skip — not reviewable,,,
Root/Messages (Google Chat?),messages.json,1_QJ_XRJXz0NwBB1BQKbTlQ9ig9NMecPq,File,application/json,Messages (Google Chat?),https://drive.google.com/file/d/1_QJ_XRJXz0NwBB1BQKbTlQ9ig9NMecPq/view?usp=drivesdk,,YES,Skip — not reviewable,,,
Root/Messages (Google Chat?),messages.json,1uG1rbLgSjLQkNmU4My8JVEW5RP4GwaiX,File,application/json,Messages (Google Chat?),https://drive.google.com/file/d/1uG1rbLgSjLQkNmU4My8JVEW5RP4GwaiX/view?usp=drivesdk,,YES,Skip — not reviewable,,,
Root/Messages (Google Chat?),messages.json,1jaS-VcKDlGWdafOXcDtxVicUAk1b5m9w,File,application/json,Messages (Google Chat?),https://drive.google.com/file/d/1jaS-VcKDlGWdafOXcDtxVicUAk1b5m9w/view?usp=drivesdk,,YES,Skip — not reviewable,,,
Root/Messages (Google Chat?),messages.json,1YqudX3ha0xlj7p1rqRmVCuLZK6ysrXGH,File,application/json,Messages (Google Chat?),https://drive.google.com/file/d/1YqudX3ha0xlj7p1rqRmVCuLZK6ysrXGH/view?usp=drivesdk,,YES,Skip — not reviewable,,,
Root/Messages (Google Chat?),messages.json,1vqS-_TiqMhxHo4A_5SzpSLf7aFYh_ta7,File,application/json,Messages (Google Chat?),https://drive.google.com/file/d/1vqS-_TiqMhxHo4A_5SzpSLf7aFYh_ta7/view?usp=drivesdk,,YES,Skip — not reviewable,,,
Root/Messages (Google Chat?),messages.json,19xPYakoEcGVt175SrsGBfOe1hUBhKnxP,File,application/json,Messages (Google Chat?),https://drive.google.com/file/d/19xPYakoEcGVt175SrsGBfOe1hUBhKnxP/view?usp=drivesdk,,YES,Skip — not reviewable,,,
Root/Messages (Google Chat?),messages.json,1VY-F8cE_GJG7rTwqNAOwkQW5UTyz7dN8,File,application/json,Messages (Google Chat?),https://drive.google.com/file/d/1VY-F8cE_GJG7rTwqNAOwkQW5UTyz7dN8/view?usp=drivesdk,,YES,Skip — not reviewable,,,
Root/Messages (Google Chat?),messages.json,1MXH0rDrs8XdK2zCw5OpqFcd-GOR-U_z4,File,application/json,Messages (Google Chat?),https://drive.google.com/file/d/1MXH0rDrs8XdK2zCw5OpqFcd-GOR-U_z4/view?usp=drivesdk,,YES,Skip — not reviewable,,,
Root/Messages (Google Chat?),messages.json,1b3F74Yln5VhIhZ3W4L_P-c1RlOVcdfhW,File,application/json,Messages (Google Chat?),https://drive.google.com/file/d/1b3F74Yln5VhIhZ3W4L_P-c1RlOVcdfhW/view?usp=drivesdk,,YES,Skip — not reviewable,,,
Root/Messages (Google Chat?),messages.json,1O0M9uNMTpw_Q8ZvW9GSubsNtjJRGiNuz,File,application/json,Messages (Google Chat?),https://drive.google.com/file/d/1O0M9uNMTpw_Q8ZvW9GSubsNtjJRGiNuz/view?usp=drivesdk,,YES,Skip — not reviewable,,,
Root/Messages (Google Chat?),messages.json,1O0QHleObHapPBKEhk_ZiobFdDffMeoes,File,application/json,Messages (Google Chat?),https://drive.google.com/file/d/1O0QHleObHapPBKEhk_ZiobFdDffMeoes/view?usp=drivesdk,,YES,Skip — not reviewable,,,
Root/Messages (Google Chat?),messages.json,1w9MFH-P9voPwLhoCO_Tji1g0_tYk12C9,File,application/json,Messages (Google Chat?),https://drive.google.com/file/d/1w9MFH-P9voPwLhoCO_Tji1g0_tYk12C9/view?usp=drivesdk,,YES,Skip — not reviewable,,,
Root/Messages (Google Chat?),messages.json,1AHNsaeAdkNU75QBBCKv8bL8ccnYdLgqA,File,application/json,Messages (Google Chat?),https://drive.google.com/file/d/1AHNsaeAdkNU75QBBCKv8bL8ccnYdLgqA/view?usp=drivesdk,,YES,Skip — not reviewable,,,
Root/Messages (Google Chat?),messages.json,1nxE1KvO6BerI_GWKiJGe7Ra7JlylnDWx,File,application/json,Messages (Google Chat?),https://drive.google.com/file/d/1nxE1KvO6BerI_GWKiJGe7Ra7JlylnDWx/view?usp=drivesdk,,YES,Skip — not reviewable,,,
Root/Messages (Google Chat?),messages.json,1zfEoNHGhKuuFQ-ItSHaB_lDuawBqSgXj,File,application/json,Messages (Google Chat?),https://drive.google.com/file/d/1zfEoNHGhKuuFQ-ItSHaB_lDuawBqSgXj/view?usp=drivesdk,,YES,Skip — not reviewable,,,
Root/Messages (Google Chat?),messages.json,1OlpSSM__N37ShmKAzRopnC1BwYDeuuNM,File,application/json,Messages (Google Chat?),https://drive.google.com/file/d/1OlpSSM__N37ShmKAzRopnC1BwYDeuuNM/view?usp=drivesdk,,YES,Skip — not reviewable,,,
Root/Messages (Google Chat?),messages.json,1IDCbEmGA8OAQLxNGpArchTh9GV3s85mD,File,application/json,Messages (Google Chat?),https://drive.google.com/file/d/1IDCbEmGA8OAQLxNGpArchTh9GV3s85mD/view?usp=drivesdk,,YES,Skip — not reviewable,,,
Root/Messages (Google Chat?),messages.json,1v4oBCSt8cK1Ykjuk-vngr37VXPo4Qmln,File,application/json,Messages (Google Chat?),https://drive.google.com/file/d/1v4oBCSt8cK1Ykjuk-vngr37VXPo4Qmln/view?usp=drivesdk,,YES,Skip — not reviewable,,,
Root/Messages (Google Chat?),messages.json,1zbkemkYwXAU6c4geAJ7W-rM3PNBQQnZg,File,application/json,Messages (Google Chat?),https://drive.google.com/file/d/1zbkemkYwXAU6c4geAJ7W-rM3PNBQQnZg/view?usp=drivesdk,,YES,Skip — not reviewable,,,
Root/Messages (Google Chat?),messages.json,1jObYOp1cgHjlueMcC9bEHlJL6Lk83w2A,File,application/json,Messages (Google Chat?),https://drive.google.com/file/d/1jObYOp1cgHjlueMcC9bEHlJL6Lk83w2A/view?usp=drivesdk,,YES,Skip — not reviewable,,,
Root/Messages (Google Chat?),messages.json,1aigMTl0jBQW1YNkUxRk6l_xDXrInzufs,File,application/json,Messages (Google Chat?),https://drive.google.com/file/d/1aigMTl0jBQW1YNkUxRk6l_xDXrInzufs/view?usp=drivesdk,,YES,Skip — not reviewable,,,
Root/Messages (Google Chat?),messages.json,1tzr0eNWnRt9QBYbbxjSGKdvafZmpeido,File,application/json,Messages (Google Chat?),https://drive.google.com/file/d/1tzr0eNWnRt9QBYbbxjSGKdvafZmpeido/view?usp=drivesdk,,YES,Skip — not reviewable,,,
Root/Messages (Google Chat?),messages.json,1QmOHw1SiaAqwfgVHLaedcRXr9DBe7dJX,File,application/json,Messages (Google Chat?),https://drive.google.com/file/d/1QmOHw1SiaAqwfgVHLaedcRXr9DBe7dJX/view?usp=drivesdk,,YES,Skip — not reviewable,,,
Root/Messages (Google Chat?),messages.json,1m7W6fxiCEw1Y5NrotR3Vxddi3CTyhIFD,File,application/json,Messages (Google Chat?),https://drive.google.com/file/d/1m7W6fxiCEw1Y5NrotR3Vxddi3CTyhIFD/view?usp=drivesdk,,YES,Skip — not reviewable,,,
Root/Messages (Google Chat?),messages.json,1VBUsHD0p8gwPCoqfSru-BiPgv1kUHq6c,File,application/json,Messages (Google Chat?),https://drive.google.com/file/d/1VBUsHD0p8gwPCoqfSru-BiPgv1kUHq6c/view?usp=drivesdk,,YES,Skip — not reviewable,,,
Root/Messages (Google Chat?),messages.json,1vzgugOE6DCyf1G4mzJnwU-NMXDveebx5,File,application/json,Messages (Google Chat?),https://drive.google.com/file/d/1vzgugOE6DCyf1G4mzJnwU-NMXDveebx5/view?usp=drivesdk,,YES,Skip — not reviewable,,,
Root/Messages (Google Chat?),messages.json,1tqTWUafi5PdxnX28AeBClPj7HmZUuPvN,File,application/json,Messages (Google Chat?),https://drive.google.com/file/d/1tqTWUafi5PdxnX28AeBClPj7HmZUuPvN/view?usp=drivesdk,,YES,Skip — not reviewable,,,
Root/Messages (Google Chat?),messages.json,1Y_EvBTzDPfiBW33dzzlRVQmAA_k4vBY6,File,application/json,Messages (Google Chat?),https://drive.google.com/file/d/1Y_EvBTzDPfiBW33dzzlRVQmAA_k4vBY6/view?usp=drivesdk,,YES,Skip — not reviewable,,,
Root/Messages (Google Chat?),messages.json,1SAwcdEe5g_ci64jzy34HdSoKv7d0FgnU,File,application/json,Messages (Google Chat?),https://drive.google.com/file/d/1SAwcdEe5g_ci64jzy34HdSoKv7d0FgnU/view?usp=drivesdk,,YES,Skip — not reviewable,,,
Root/Messages (Google Chat?),messages.json,1ifaNE4xYiY5zP0gGQtgWfH64nm1Ufeb_,File,application/json,Messages (Google Chat?),https://drive.google.com/file/d/1ifaNE4xYiY5zP0gGQtgWfH64nm1Ufeb_/view?usp=drivesdk,,YES,Skip — not reviewable,,,
Root/Messages (Google Chat?),messages.json,15zF0Qsqo5A8QtdV_bbxoTSLGEvCWUlLI,File,application/json,Messages (Google Chat?),https://drive.google.com/file/d/15zF0Qsqo5A8QtdV_bbxoTSLGEvCWUlLI/view?usp=drivesdk,,YES,Skip — not reviewable,,,
Root/Messages (Google Chat?),messages.json,1EoRH3l73J7QzLT6d_1j-OrX1HBn9gBwr,File,application/json,Messages (Google Chat?),https://drive.google.com/file/d/1EoRH3l73J7QzLT6d_1j-OrX1HBn9gBwr/view?usp=drivesdk,,YES,Skip — not reviewable,,,
Root/Messages (Google Chat?),messages.json,1jfQT8_piTuA8VWZsjS_SVtjl3rac1tzA,File,application/json,Messages (Google Chat?),https://drive.google.com/file/d/1jfQT8_piTuA8VWZsjS_SVtjl3rac1tzA/view?usp=drivesdk,,YES,Skip — not reviewable,,,
Root/Messages (Google Chat?),messages.json,13WUS2AOaWfc8huDg0W1FJFFcV4-gpwuP,File,application/json,Messages (Google Chat?),https://drive.google.com/file/d/13WUS2AOaWfc8huDg0W1FJFFcV4-gpwuP/view?usp=drivesdk,,YES,Skip — not reviewable,,,
Root/Messages (Google Chat?),messages.json,1P7V9sNRE2T-ZP8K8nzub7_56-quhmVry,File,application/json,Messages (Google Chat?),https://drive.google.com/file/d/1P7V9sNRE2T-ZP8K8nzub7_56-quhmVry/view?usp=drivesdk,,YES,Skip — not reviewable,,,
Root/Messages (Google Chat?),messages.json,1begAYA9JhSli9qANbuEv6pbrbdEmFmoa,File,application/json,Messages (Google Chat?),https://drive.google.com/file/d/1begAYA9JhSli9qANbuEv6pbrbdEmFmoa/view?usp=drivesdk,,YES,Skip — not reviewable,,,
Root/Messages (Google Chat?),messages.json,1ltB9M5oQmr9a9-VFoRsN-RMhSBnJPV0S,File,application/json,Messages (Google Chat?),https://drive.google.com/file/d/1ltB9M5oQmr9a9-VFoRsN-RMhSBnJPV0S/view?usp=drivesdk,,YES,Skip — not reviewable,,,
Root/Messages (Google Chat?),messages.json,1nyX1gdsWQcPerp2Uxd5PYY3xhtZGKj9y,File,application/json,Messages (Google Chat?),https://drive.google.com/file/d/1nyX1gdsWQcPerp2Uxd5PYY3xhtZGKj9y/view?usp=drivesdk,,YES,Skip — not reviewable,,,
Root/Messages (Google Chat?),messages.json,1mYkIxZeqC2xX7Z5OiSnyujbDScsnXM6O,File,application/json,Messages (Google Chat?),https://drive.google.com/file/d/1mYkIxZeqC2xX7Z5OiSnyujbDScsnXM6O/view?usp=drivesdk,,YES,Skip — not reviewable,,,
Root/Messages (Google Chat?),messages.json,10lbPEyU69nLn2Vi8iOrEcBPvnBv5Tp6K,File,application/json,Messages (Google Chat?),https://drive.google.com/file/d/10lbPEyU69nLn2Vi8iOrEcBPvnBv5Tp6K/view?usp=drivesdk,,YES,Skip — not reviewable,,,
Root/Messages (Google Chat?),messages.json,1XAv3xu-cdDdXt9xEDxmH21jDcgHDA1fp,File,application/json,Messages (Google Chat?),https://drive.google.com/file/d/1XAv3xu-cdDdXt9xEDxmH21jDcgHDA1fp/view?usp=drivesdk,,YES,Skip — not reviewable,,,
Root/Messages (Google Chat?),messages.json,1HzKLcfKnFxRk_Pemfh4j6nEPC4FZwF-n,File,application/json,Messages (Google Chat?),https://drive.google.com/file/d/1HzKLcfKnFxRk_Pemfh4j6nEPC4FZwF-n/view?usp=drivesdk,,YES,Skip — not reviewable,,,
Root/Messages (Google Chat?),messages.json,1jMgVLkfZAo6Rej2PBH5UwCUj9JXiQFvp,File,application/json,Messages (Google Chat?),https://drive.google.com/file/d/1jMgVLkfZAo6Rej2PBH5UwCUj9JXiQFvp/view?usp=drivesdk,,YES,Skip — not reviewable,,,
Root/Messages (Google Chat?),messages.json,1yPlKcvLGUvENFMf_rqFnrg2t4si9FYZH,File,application/json,Messages (Google Chat?),https://drive.google.com/file/d/1yPlKcvLGUvENFMf_rqFnrg2t4si9FYZH/view?usp=drivesdk,,YES,Skip — not reviewable,,,
Root/Messages (Google Chat?),messages.json,1Ypl50v_6rokahmnQP-wRniXdl6X8sz65,File,application/json,Messages (Google Chat?),https://drive.google.com/file/d/1Ypl50v_6rokahmnQP-wRniXdl6X8sz65/view?usp=drivesdk,,YES,Skip — not reviewable,,,
Root/Messages (Google Chat?),messages.json,1j1SJYfVnuijVuR0m6y1hUQU_wwurJXVr,File,application/json,Messages (Google Chat?),https://drive.google.com/file/d/1j1SJYfVnuijVuR0m6y1hUQU_wwurJXVr/view?usp=drivesdk,,YES,Skip — not reviewable,,,
Root/Messages (Google Chat?),messages.json,1ygHSCEIotDeeCZMn0gU5-YvlFfUot7oo,File,application/json,Messages (Google Chat?),https://drive.google.com/file/d/1ygHSCEIotDeeCZMn0gU5-YvlFfUot7oo/view?usp=drivesdk,,YES,Skip — not reviewable,,,
Root/Messages (Google Chat?),messages.json,1EA41fzXISY5wB0sGfcyL0oPERmvrXKeE,File,application/json,Messages (Google Chat?),https://drive.google.com/file/d/1EA41fzXISY5wB0sGfcyL0oPERmvrXKeE/view?usp=drivesdk,,YES,Skip — not reviewable,,,
Root/Messages (Google Chat?),messages.json,1fAQ4WtpMDVDefGLlbEi6cYd_FyKZ_g2u,File,application/json,Messages (Google Chat?),https://drive.google.com/file/d/1fAQ4WtpMDVDefGLlbEi6cYd_FyKZ_g2u/view?usp=drivesdk,,YES,Skip — not reviewable,,,
Root/Messages (Google Chat?),messages.json,1gROGJiQjR04bFBqoedmxvMjiFfT_Vz2j,File,application/json,Messages (Google Chat?),https://drive.google.com/file/d/1gROGJiQjR04bFBqoedmxvMjiFfT_Vz2j/view?usp=drivesdk,,YES,Skip — not reviewable,,,
Root/Messages (Google Chat?),messages.json,1NJWgGVsbA8RWmMTDajUFszE3lILK-bB9,File,application/json,Messages (Google Chat?),https://drive.google.com/file/d/1NJWgGVsbA8RWmMTDajUFszE3lILK-bB9/view?usp=drivesdk,,YES,Skip — not reviewable,,,
Root/Messages (Google Chat?),messages.json,1i3YfZO4CgLkj-mNyTY3m50RadS5Cvc-8,File,application/json,Messages (Google Chat?),https://drive.google.com/file/d/1i3YfZO4CgLkj-mNyTY3m50RadS5Cvc-8/view?usp=drivesdk,,YES,Skip — not reviewable,,,
Root/Messages (Google Chat?),messages.json,14rI_UN_Kum6K2frLgYW07NESzzhpWREH,File,application/json,Messages (Google Chat?),https://drive.google.com/file/d/14rI_UN_Kum6K2frLgYW07NESzzhpWREH/view?usp=drivesdk,,YES,Skip — not reviewable,,,
Root/Messages (Google Chat?),messages.json,1Jf22ji33Rl2vpru_CuO0x6k8WIH5TLCz,File,application/json,Messages (Google Chat?),https://drive.google.com/file/d/1Jf22ji33Rl2vpru_CuO0x6k8WIH5TLCz/view?usp=drivesdk,,YES,Skip — not reviewable,,,
Root/Messages (Google Chat?),messages.json,1F8V75Mdkkd9VIFi63QqNcbvKYweJVdDu,File,application/json,Messages (Google Chat?),https://drive.google.com/file/d/1F8V75Mdkkd9VIFi63QqNcbvKYweJVdDu/view?usp=drivesdk,,YES,Skip — not reviewable,,,
Root/Messages (Google Chat?),messages.json,1WhEwtPZk70yAjyD0UJGj87E8QhC_ix7R,File,application/json,Messages (Google Chat?),https://drive.google.com/file/d/1WhEwtPZk70yAjyD0UJGj87E8QhC_ix7R/view?usp=drivesdk,,YES,Skip — not reviewable,,,
Root/Messages (Google Chat?),messages.json,1pfXQO9OUP2W1vjvGo8ovkRc06X3o0RnC,File,application/json,Messages (Google Chat?),https://drive.google.com/file/d/1pfXQO9OUP2W1vjvGo8ovkRc06X3o0RnC/view?usp=drivesdk,,YES,Skip — not reviewable,,,
Root/Messages (Google Chat?),messages.json,1lgRdO73b0Jl0vyCwDV1fI0Y4DJRko3Yn,File,application/json,Messages (Google Chat?),https://drive.google.com/file/d/1lgRdO73b0Jl0vyCwDV1fI0Y4DJRko3Yn/view?usp=drivesdk,,YES,Skip — not reviewable,,,
Root/Messages (Google Chat?),messages.json,1G9K68koV7oL-01ec8lDLaI44Q-XotXkD,File,application/json,Messages (Google Chat?),https://drive.google.com/file/d/1G9K68koV7oL-01ec8lDLaI44Q-XotXkD/view?usp=drivesdk,,YES,Skip — not reviewable,,,
Root/Messages (Google Chat?),messages.json,1FfPuaZXm2GLqfQ7427Oj3NAMmgDkVUPV,File,application/json,Messages (Google Chat?),https://drive.google.com/file/d/1FfPuaZXm2GLqfQ7427Oj3NAMmgDkVUPV/view?usp=drivesdk,,YES,Skip — not reviewable,,,
Root/Messages (Google Chat?),messages.json,1Hka7-JKblFfwd8UNZLukKtQhujn8FouC,File,application/json,Messages (Google Chat?),https://drive.google.com/file/d/1Hka7-JKblFfwd8UNZLukKtQhujn8FouC/view?usp=drivesdk,,YES,Skip — not reviewable,,,
Root/Messages (Google Chat?),messages.json,1LkSrXj41DB93QnahytVksckioAxHviy9,File,application/json,Messages (Google Chat?),https://drive.google.com/file/d/1LkSrXj41DB93QnahytVksckioAxHviy9/view?usp=drivesdk,,YES,Skip — not reviewable,,,
Root/Messages (Google Chat?),messages.json,1oC7zbZZ5RY2g6feD0iHCqCKPFQ40aWPm,File,application/json,Messages (Google Chat?),https://drive.google.com/file/d/1oC7zbZZ5RY2g6feD0iHCqCKPFQ40aWPm/view?usp=drivesdk,,YES,Skip — not reviewable,,,
Root/Messages (Google Chat?),messages.json,1YlBP7X2z4teZhtAlDQ4nZjd9Oc8n4ZFy,File,application/json,Messages (Google Chat?),https://drive.google.com/file/d/1YlBP7X2z4teZhtAlDQ4nZjd9Oc8n4ZFy/view?usp=drivesdk,,YES,Skip — not reviewable,,,
Root/Messages (Google Chat?),messages.json,1WlCWoPQI4tGi-yapYmy3JO2rWyWDkdYl,File,application/json,Messages (Google Chat?),https://drive.google.com/file/d/1WlCWoPQI4tGi-yapYmy3JO2rWyWDkdYl/view?usp=drivesdk,,YES,Skip — not reviewable,,,
Root/Messages (Google Chat?),messages.json,1g1RFFc3soywZrGEywX47P-3YuIDkNWaZ,File,application/json,Messages (Google Chat?),https://drive.google.com/file/d/1g1RFFc3soywZrGEywX47P-3YuIDkNWaZ/view?usp=drivesdk,,YES,Skip — not reviewable,,,
Root/Messages (Google Chat?),messages.json,1VEyz2R_5sRUhx5Tn81CbRBMKKynCMZNC,File,application/json,Messages (Google Chat?),https://drive.google.com/file/d/1VEyz2R_5sRUhx5Tn81CbRBMKKynCMZNC/view?usp=drivesdk,,YES,Skip — not reviewable,,,
Root/Messages (Google Chat?),messages.json,1gs958WlwQ8JT9ptrviWWPiO9-4ebBzGR,File,application/json,Messages (Google Chat?),https://drive.google.com/file/d/1gs958WlwQ8JT9ptrviWWPiO9-4ebBzGR/view?usp=drivesdk,,YES,Skip — not reviewable,,,
Root/Messages (Google Chat?),messages.json,1ngYhtY-CO00Pmsv9gmvUoe5FutEwu-AE,File,application/json,Messages (Google Chat?),https://drive.google.com/file/d/1ngYhtY-CO00Pmsv9gmvUoe5FutEwu-AE/view?usp=drivesdk,,YES,Skip — not reviewable,,,
Root/Messages (Google Chat?),messages.json,1IXw8nH-aNeqf3JMYl_Ir-6fHcj87V4Mf,File,application/json,Messages (Google Chat?),https://drive.google.com/file/d/1IXw8nH-aNeqf3JMYl_Ir-6fHcj87V4Mf/view?usp=drivesdk,,YES,Skip — not reviewable,,,
Root/Messages (Google Chat?),messages.json,1VUGaAARbybJBKOIAKbbhgVgCd_PUl-iv,File,application/json,Messages (Google Chat?),https://drive.google.com/file/d/1VUGaAARbybJBKOIAKbbhgVgCd_PUl-iv/view?usp=drivesdk,,YES,Skip — not reviewable,,,
Root/Messages (Google Chat?),messages.json,1ar-_bKxFrWkizTsXFHMLBhX7nkK_HVQA,File,application/json,Messages (Google Chat?),https://drive.google.com/file/d/1ar-_bKxFrWkizTsXFHMLBhX7nkK_HVQA/view?usp=drivesdk,,YES,Skip — not reviewable,,,
Root/Messages (Google Chat?),messages.json,1zV8kIC9bVfk4pndAOpF1PzXVuuWqOc1Y,File,application/json,Messages (Google Chat?),https://drive.google.com/file/d/1zV8kIC9bVfk4pndAOpF1PzXVuuWqOc1Y/view?usp=drivesdk,,YES,Skip — not reviewable,,,
Root/Messages (Google Chat?),messages.json,1IxycqHRcrV_cF0pIQQNXk1aMpeZtIwRG,File,application/json,Messages (Google Chat?),https://drive.google.com/file/d/1IxycqHRcrV_cF0pIQQNXk1aMpeZtIwRG/view?usp=drivesdk,,YES,Skip — not reviewable,,,
Root/Messages (Google Chat?),messages.json,10mLV6w61n9cOrNdiMXR8VYIA2X8LEvuM,File,application/json,Messages (Google Chat?),https://drive.google.com/file/d/10mLV6w61n9cOrNdiMXR8VYIA2X8LEvuM/view?usp=drivesdk,,YES,Skip — not reviewable,,,
Root/Messages (Google Chat?),messages.json,10JJvT9wW0SObTgu5Pw-kEP51gt9M4uvq,File,application/json,Messages (Google Chat?),https://drive.google.com/file/d/10JJvT9wW0SObTgu5Pw-kEP51gt9M4uvq/view?usp=drivesdk,,YES,Skip — not reviewable,,,
Root/Messages (Google Chat?),messages.json,1FodQvjVSBjcbH7mY5yRDA2yUlRlfTpze,File,application/json,Messages (Google Chat?),https://drive.google.com/file/d/1FodQvjVSBjcbH7mY5yRDA2yUlRlfTpze/view?usp=drivesdk,,YES,Skip — not reviewable,,,
Root/Messages (Google Chat?),messages.json,1QsKioKOx12r9pfD34ypoa1lxnEu4TfkZ,File,application/json,Messages (Google Chat?),https://drive.google.com/file/d/1QsKioKOx12r9pfD34ypoa1lxnEu4TfkZ/view?usp=drivesdk,,YES,Skip — not reviewable,,,
Root/Messages (Google Chat?),messages.json,1jOw-xzNNqhgyztqntPRsyGhp1ggVD87K,File,application/json,Messages (Google Chat?),https://drive.google.com/file/d/1jOw-xzNNqhgyztqntPRsyGhp1ggVD87K/view?usp=drivesdk,,YES,Skip — not reviewable,,,
Root/Messages (Google Chat?),messages.json,1qTGrurg1Fxt6I0o7Vo4wkMvYijL5qgqU,File,application/json,Messages (Google Chat?),https://drive.google.com/file/d/1qTGrurg1Fxt6I0o7Vo4wkMvYijL5qgqU/view?usp=drivesdk,,YES,Skip — not reviewable,,,
Root/Messages (Google Chat?),messages.json,1JGw6tf18A-NrXCxvE27fwn16QajD7uKu,File,application/json,Messages (Google Chat?),https://drive.google.com/file/d/1JGw6tf18A-NrXCxvE27fwn16QajD7uKu/view?usp=drivesdk,,YES,Skip — not reviewable,,,
Root/Messages (Google Chat?),messages.json,1tTF9kMRyaB8LLmillbC-XlrpyynKzmBF,File,application/json,Messages (Google Chat?),https://drive.google.com/file/d/1tTF9kMRyaB8LLmillbC-XlrpyynKzmBF/view?usp=drivesdk,,YES,Skip — not reviewable,,,
Root/Messages (Google Chat?),messages.json,19_mHRqmgAwPGXQlQMf_Fcn-XTNZsUhtN,File,application/json,Messages (Google Chat?),https://drive.google.com/file/d/19_mHRqmgAwPGXQlQMf_Fcn-XTNZsUhtN/view?usp=drivesdk,,YES,Skip — not reviewable,,,
Root/Messages (Google Chat?),messages.json,1I_dCdRvpTL-D2ad-v5VFI4JkvBn1vghV,File,application/json,Messages (Google Chat?),https://drive.google.com/file/d/1I_dCdRvpTL-D2ad-v5VFI4JkvBn1vghV/view?usp=drivesdk,,YES,Skip — not reviewable,,,
Root/Messages (Google Chat?),messages.json,1rxBPH36_HkIzFghVE973UqaOX794ax3a,File,application/json,Messages (Google Chat?),https://drive.google.com/file/d/1rxBPH36_HkIzFghVE973UqaOX794ax3a/view?usp=drivesdk,,YES,Skip — not reviewable,,,
Root/Messages (Google Chat?),messages.json,1ArY9E6dd65H0vqBc3QjNRgAhRXS78Qwf,File,application/json,Messages (Google Chat?),https://drive.google.com/file/d/1ArY9E6dd65H0vqBc3QjNRgAhRXS78Qwf/view?usp=drivesdk,,YES,Skip — not reviewable,,,
Root/Messages (Google Chat?),messages.json,1kNQkH_7u1NdR5dyGJW4im2cgbIfvujG5,File,application/json,Messages (Google Chat?),https://drive.google.com/file/d/1kNQkH_7u1NdR5dyGJW4im2cgbIfvujG5/view?usp=drivesdk,,YES,Skip — not reviewable,,,
Root/Messages (Google Chat?),messages.json,1RzzT8VEWslQaY8N8_BGedZHaDQDKXh4t,File,application/json,Messages (Google Chat?),https://drive.google.com/file/d/1RzzT8VEWslQaY8N8_BGedZHaDQDKXh4t/view?usp=drivesdk,,YES,Skip — not reviewable,,,
Root/Messages (Google Chat?),messages.json,1ItUGvmsRUv9vLUhlp7qQawwciZoU63NG,File,application/json,Messages (Google Chat?),https://drive.google.com/file/d/1ItUGvmsRUv9vLUhlp7qQawwciZoU63NG/view?usp=drivesdk,,YES,Skip — not reviewable,,,
Root/Messages (Google Chat?),messages.json,1HiZJ6lj0GV51PS5O3PkVgOPaOk_ZAnZg,File,application/json,Messages (Google Chat?),https://drive.google.com/file/d/1HiZJ6lj0GV51PS5O3PkVgOPaOk_ZAnZg/view?usp=drivesdk,,YES,Skip — not reviewable,,,
Root/Messages (Google Chat?),messages.json,1a5vFWE7vs0eBcvCRnxXvDPPAH-_eHL_x,File,application/json,Messages (Google Chat?),https://drive.google.com/file/d/1a5vFWE7vs0eBcvCRnxXvDPPAH-_eHL_x/view?usp=drivesdk,,YES,Skip — not reviewable,,,
Root/Messages (Google Chat?),messages.json,1bt1NUfH9E_6TNxsc-dGyondYE8JCkBak,File,application/json,Messages (Google Chat?),https://drive.google.com/file/d/1bt1NUfH9E_6TNxsc-dGyondYE8JCkBak/view?usp=drivesdk,,YES,Skip — not reviewable,,,
Root/Messages (Google Chat?),messages.json,1pGRYLRnFb6S21PaEwUf6B2PFs3j-oAPt,File,application/json,Messages (Google Chat?),https://drive.google.com/file/d/1pGRYLRnFb6S21PaEwUf6B2PFs3j-oAPt/view?usp=drivesdk,,YES,Skip — not reviewable,,,
Root/Messages (Google Chat?),messages.json,13zPvXoU23559Afjx0F4zKLmpVUzf73kv,File,application/json,Messages (Google Chat?),https://drive.google.com/file/d/13zPvXoU23559Afjx0F4zKLmpVUzf73kv/view?usp=drivesdk,,YES,Skip — not reviewable,,,
Root/Messages (Google Chat?),messages.json,1uF9PpbFLfilty-IE4RNaRnaWCicC2hy1,File,application/json,Messages (Google Chat?),https://drive.google.com/file/d/1uF9PpbFLfilty-IE4RNaRnaWCicC2hy1/view?usp=drivesdk,,YES,Skip — not reviewable,,,
Root/Messages (Google Chat?),messages.json,1zAQsXkuOpl0rRaDIgmWYb3hInXtlE-xS,File,application/json,Messages (Google Chat?),https://drive.google.com/file/d/1zAQsXkuOpl0rRaDIgmWYb3hInXtlE-xS/view?usp=drivesdk,,YES,Skip — not reviewable,,,
Root/Messages (Google Chat?),messages.json,1d11M5HOlyAPFCifIn9MH-YNNFYiT9OGk,File,application/json,Messages (Google Chat?),https://drive.google.com/file/d/1d11M5HOlyAPFCifIn9MH-YNNFYiT9OGk/view?usp=drivesdk,,YES,Skip — not reviewable,,,
Root/Messages (Google Chat?),messages.json,1AsrFxna1e2ph4wfboHViaBDcWDSeaJEm,File,application/json,Messages (Google Chat?),https://drive.google.com/file/d/1AsrFxna1e2ph4wfboHViaBDcWDSeaJEm/view?usp=drivesdk,,YES,Skip — not reviewable,,,
Root/Messages (Google Chat?),messages.json,1l0WYtznG8QyFl6VXpDQlFSYJt0KVNW5w,File,application/json,Messages (Google Chat?),https://drive.google.com/file/d/1l0WYtznG8QyFl6VXpDQlFSYJt0KVNW5w/view?usp=drivesdk,,YES,Skip — not reviewable,,,
Root/Messages (Google Chat?),messages.json,1W0ZASXabXrMXFMXvSjcFCX9Y3q87cG-w,File,application/json,Messages (Google Chat?),https://drive.google.com/file/d/1W0ZASXabXrMXFMXvSjcFCX9Y3q87cG-w/view?usp=drivesdk,,YES,Skip — not reviewable,,,
Root/Messages (Google Chat?),messages.json,15z-Q_yZqy5OFZ_UHbOiQ41YRnwHJSF9l,File,application/json,Messages (Google Chat?),https://drive.google.com/file/d/15z-Q_yZqy5OFZ_UHbOiQ41YRnwHJSF9l/view?usp=drivesdk,,YES,Skip — not reviewable,,,
Root/Messages (Google Chat?),messages.json,1hgo9HoDPggR27xsu-cy9dJ1tD1a8pv2F,File,application/json,Messages (Google Chat?),https://drive.google.com/file/d/1hgo9HoDPggR27xsu-cy9dJ1tD1a8pv2F/view?usp=drivesdk,,YES,Skip — not reviewable,,,
Root/Messages (Google Chat?),messages.json,116wJafrb2opVC-_bmvcH9zYLmKnU6R_O,File,application/json,Messages (Google Chat?),https://drive.google.com/file/d/116wJafrb2opVC-_bmvcH9zYLmKnU6R_O/view?usp=drivesdk,,YES,Skip — not reviewable,,,
Root/Messages (Google Chat?),messages.json,1cJwoQ6dIAkiqSf-NEfn-31qEEiK6PMwp,File,application/json,Messages (Google Chat?),https://drive.google.com/file/d/1cJwoQ6dIAkiqSf-NEfn-31qEEiK6PMwp/view?usp=drivesdk,,YES,Skip — not reviewable,,,
Root/Messages (Google Chat?),messages.json,1VQTOWi7fTjOPRM40Bu4rZdyymrrlwrwC,File,application/json,Messages (Google Chat?),https://drive.google.com/file/d/1VQTOWi7fTjOPRM40Bu4rZdyymrrlwrwC/view?usp=drivesdk,,YES,Skip — not reviewable,,,
Root/Messages (Google Chat?),messages.json,1vr3vOT7iPlfg05gncR0vBiJzFRdwe_Pi,File,application/json,Messages (Google Chat?),https://drive.google.com/file/d/1vr3vOT7iPlfg05gncR0vBiJzFRdwe_Pi/view?usp=drivesdk,,YES,Skip — not reviewable,,,
Root/Messages (Google Chat?),messages.json,1GHysFpNoPGTgaqv_MPLlBS7d_CSFrN4S,File,application/json,Messages (Google Chat?),https://drive.google.com/file/d/1GHysFpNoPGTgaqv_MPLlBS7d_CSFrN4S/view?usp=drivesdk,,YES,Skip — not reviewable,,,
Root/Messages (Google Chat?),messages.json,1I21BmVjnOomYuQWPZBb-iZ-Wf9vJs7AN,File,application/json,Messages (Google Chat?),https://drive.google.com/file/d/1I21BmVjnOomYuQWPZBb-iZ-Wf9vJs7AN/view?usp=drivesdk,,YES,Skip — not reviewable,,,
Root/Messages (Google Chat?),messages.json,14eeok4tB9p59kR3o7L19h9QpVun32RL8,File,application/json,Messages (Google Chat?),https://drive.google.com/file/d/14eeok4tB9p59kR3o7L19h9QpVun32RL8/view?usp=drivesdk,,YES,Skip — not reviewable,,,
Root/Messages (Google Chat?),messages.json,13F1NLY16qaWqlq2CN9ScdGbNAWE-58io,File,application/json,Messages (Google Chat?),https://drive.google.com/file/d/13F1NLY16qaWqlq2CN9ScdGbNAWE-58io/view?usp=drivesdk,,YES,Skip — not reviewable,,,
Root/Messages (Google Chat?),messages.json,18jV5LmfTTxJ7TAYFzHYPE2qxjJEIZXEE,File,application/json,Messages (Google Chat?),https://drive.google.com/file/d/18jV5LmfTTxJ7TAYFzHYPE2qxjJEIZXEE/view?usp=drivesdk,,YES,Skip — not reviewable,,,
Root/Messages (Google Chat?),messages.json,1O9kXMh-kousnZCJut9lGeetMIEHiV4u6,File,application/json,Messages (Google Chat?),https://drive.google.com/file/d/1O9kXMh-kousnZCJut9lGeetMIEHiV4u6/view?usp=drivesdk,,YES,Skip — not reviewable,,,
Root/Messages (Google Chat?),messages.json,1EkYII5ZcJtMyTdOm43uKGMKTjit6IFmL,File,application/json,Messages (Google Chat?),https://drive.google.com/file/d/1EkYII5ZcJtMyTdOm43uKGMKTjit6IFmL/view?usp=drivesdk,,YES,Skip — not reviewable,,,
Root/Messages (Google Chat?),messages.json,1eQf-_XaF4X8GcFLoqt8V-k0kbIkH58Me,File,application/json,Messages (Google Chat?),https://drive.google.com/file/d/1eQf-_XaF4X8GcFLoqt8V-k0kbIkH58Me/view?usp=drivesdk,,YES,Skip — not reviewable,,,
Root/Messages (Google Chat?),messages.json,1fAiIT262zSVdOAmRKyDzs97ket_TrhPM,File,application/json,Messages (Google Chat?),https://drive.google.com/file/d/1fAiIT262zSVdOAmRKyDzs97ket_TrhPM/view?usp=drivesdk,,YES,Skip — not reviewable,,,
Root/Messages (Google Chat?),messages.json,17Am5lvMODqYC9oVcJZJfwqcNOabaBK9Y,File,application/json,Messages (Google Chat?),https://drive.google.com/file/d/17Am5lvMODqYC9oVcJZJfwqcNOabaBK9Y/view?usp=drivesdk,,YES,Skip — not reviewable,,,
Root/Messages (Google Chat?),messages.json,1vm-GJedF0nV0gdS04ayFBx0_qW6n_SQS,File,application/json,Messages (Google Chat?),https://drive.google.com/file/d/1vm-GJedF0nV0gdS04ayFBx0_qW6n_SQS/view?usp=drivesdk,,YES,Skip — not reviewable,,,
Root/Messages (Google Chat?),messages.json,1mdamx6TZBb78prrA6sXzN-ZKTGazWhtz,File,application/json,Messages (Google Chat?),https://drive.google.com/file/d/1mdamx6TZBb78prrA6sXzN-ZKTGazWhtz/view?usp=drivesdk,,YES,Skip — not reviewable,,,
Root/Messages (Google Chat?),messages.json,1wDoJJ8Mtnz3FIo2ZmOLT9LMyw9LT2U-l,File,application/json,Messages (Google Chat?),https://drive.google.com/file/d/1wDoJJ8Mtnz3FIo2ZmOLT9LMyw9LT2U-l/view?usp=drivesdk,,YES,Skip — not reviewable,,,
Root/Messages (Google Chat?),messages.json,1JLwxbxh99ZVlNsmqBQUKe90IRxkZkKuu,File,application/json,Messages (Google Chat?),https://drive.google.com/file/d/1JLwxbxh99ZVlNsmqBQUKe90IRxkZkKuu/view?usp=drivesdk,,YES,Skip — not reviewable,,,
Root/Messages (Google Chat?),messages.json,1L0a79nRn-7yCWjEaVdXPOWKXJcMROK-8,File,application/json,Messages (Google Chat?),https://drive.google.com/file/d/1L0a79nRn-7yCWjEaVdXPOWKXJcMROK-8/view?usp=drivesdk,,YES,Skip — not reviewable,,,
Root/Messages (Google Chat?),messages.json,1eFrqNqoF1bBn0eCySYuYYaq0Td7XzHw1,File,application/json,Messages (Google Chat?),https://drive.google.com/file/d/1eFrqNqoF1bBn0eCySYuYYaq0Td7XzHw1/view?usp=drivesdk,,YES,Skip — not reviewable,,,
Root/Messages (Google Chat?),messages.json,1I3P2POUUpBZQ7gul59iDuOEgA2zpQ1ZT,File,application/json,Messages (Google Chat?),https://drive.google.com/file/d/1I3P2POUUpBZQ7gul59iDuOEgA2zpQ1ZT/view?usp=drivesdk,,YES,Skip — not reviewable,,,
Root/Messages (Google Chat?),messages.json,1H1zxUmjwAO81vdgzeNFEAuV2V_MdMz5N,File,application/json,Messages (Google Chat?),https://drive.google.com/file/d/1H1zxUmjwAO81vdgzeNFEAuV2V_MdMz5N/view?usp=drivesdk,,YES,Skip — not reviewable,,,
Root/VideoFiles,File-48928fba-1879-4002-b189-af0bae8c1100.mp4,1PvkNEd6JBKzi75bXJyQOhTxdoYhxbg_V,File,video/mp4,VideoFiles,https://drive.google.com/file/d/1PvkNEd6JBKzi75bXJyQOhTxdoYhxbg_V/view?usp=drivesdk,Yes,YES,Skip — not reviewable,,,
Root/VideoFiles,File-Video_20210810_102105.MOV,1xulO3Eqyfy6QNekID5_gawIkY-lgWjmc,File,video/quicktime,VideoFiles,https://drive.google.com/file/d/1xulO3Eqyfy6QNekID5_gawIkY-lgWjmc/view?usp=drivesdk,Yes,YES,Skip — not reviewable,,,
Root/VideoFiles,File-How much business did Treering win today.mp4,1XUVO-YBgIuErj37yG3F0lPIYF7IIVYLm,File,video/mp4,VideoFiles,https://drive.google.com/file/d/1XUVO-YBgIuErj37yG3F0lPIYF7IIVYLm/view?usp=drivesdk,Yes,YES,Skip — not reviewable,,,
Root/VideoFiles,File-Video_20220512_161131.MOV,1eUqIRelzIK_PI2HGCt5zBNQBv5UY1v48,File,video/quicktime,VideoFiles,https://drive.google.com/file/d/1eUqIRelzIK_PI2HGCt5zBNQBv5UY1v48/view?usp=drivesdk,Yes,YES,Skip — not reviewable,,,
Root/VideoFiles,File-Video_20210408_143208.MOV,1X0WPyGu4J-yJ2GkmBxT5FqEyXuGjSFLi,File,video/quicktime,VideoFiles,https://drive.google.com/file/d/1X0WPyGu4J-yJ2GkmBxT5FqEyXuGjSFLi/view?usp=drivesdk,Yes,YES,Skip — not reviewable,,,
Root/VideoFiles,File-IMG_1363.mov,1ytXemsGXT58j4zAupXJIa2bR6scvMArH,File,video/quicktime,VideoFiles,https://drive.google.com/file/d/1ytXemsGXT58j4zAupXJIa2bR6scvMArH/view?usp=drivesdk,Yes,YES,Skip — not reviewable,,,
Root/VideoFiles,File-Video_20220121_135205.MOV,1etgdDS7S2mmgys85cSDwTzBTeQ6o1_i7,File,video/quicktime,VideoFiles,https://drive.google.com/file/d/1etgdDS7S2mmgys85cSDwTzBTeQ6o1_i7/view?usp=drivesdk,Yes,YES,Skip — not reviewable,,,
Root/VideoFiles,File-Video_20220125_135133.MOV,1rRwteuAvjzfyFz9JH1uk5zN828yap5YX,File,video/quicktime,VideoFiles,https://drive.google.com/file/d/1rRwteuAvjzfyFz9JH1uk5zN828yap5YX/view?usp=drivesdk,Yes,YES,Skip — not reviewable,,,
Root/VideoFiles,File-Video_20210521_101826.MOV,1LKoqsFEEWozwAkLR62n-J9tthl3omMtV,File,video/quicktime,VideoFiles,https://drive.google.com/file/d/1LKoqsFEEWozwAkLR62n-J9tthl3omMtV/view?usp=drivesdk,Yes,YES,Skip — not reviewable,,,
Root/VideoFiles,File-Video_20220512_114908.MOV,1MTIpysYq0RMuJ7MJkJoSyzxLfMLef9Oh,File,video/quicktime,VideoFiles,https://drive.google.com/file/d/1MTIpysYq0RMuJ7MJkJoSyzxLfMLef9Oh/view?usp=drivesdk,Yes,YES,Skip — not reviewable,,,
Root/VideoFiles,File-Video_20220512_114925.MOV,1SCC5TOn86u3-ODCSBnjAcalQ7Q2-2Ld-,File,video/quicktime,VideoFiles,https://drive.google.com/file/d/1SCC5TOn86u3-ODCSBnjAcalQ7Q2-2Ld-/view?usp=drivesdk,Yes,YES,Skip — not reviewable,,,
Root/VideoFiles,File-Video_20210216_212816.MOV,12vDcS39guRpKGWSv4GfWC7SL9-hwKd4D,File,video/quicktime,VideoFiles,https://drive.google.com/file/d/12vDcS39guRpKGWSv4GfWC7SL9-hwKd4D/view?usp=drivesdk,Yes,YES,Skip — not reviewable,,,
Root/VideoFiles,File-Video_20220512_114948.MOV,1GF3I9aHesWg2Ru-dGuk6a6Z-I9h7NQMY,File,video/quicktime,VideoFiles,https://drive.google.com/file/d/1GF3I9aHesWg2Ru-dGuk6a6Z-I9h7NQMY/view?usp=drivesdk,Yes,YES,Skip — not reviewable,,,
Root/VideoFiles,File-Video_20220104_135552.MOV,1ba5F1nyCX0UvnIqqCbHc3TWBoO9wLpuy,File,video/quicktime,VideoFiles,https://drive.google.com/file/d/1ba5F1nyCX0UvnIqqCbHc3TWBoO9wLpuy/view?usp=drivesdk,Yes,YES,Skip — not reviewable,,,
Root/VideoFiles,File-Video_20210307_180905.MOV,1EktDe8pmb_OsrM9CTcJGAAGPmJvxOrNg,File,video/quicktime,VideoFiles,https://drive.google.com/file/d/1EktDe8pmb_OsrM9CTcJGAAGPmJvxOrNg/view?usp=drivesdk,Yes,YES,Skip — not reviewable,,,
Root/VideoFiles,File-Video_20220116_151914.MOV,1uPiWBjmOvnZyeCtiqncF7nV_fo6v4Ayq,File,video/quicktime,VideoFiles,https://drive.google.com/file/d/1uPiWBjmOvnZyeCtiqncF7nV_fo6v4Ayq/view?usp=drivesdk,Yes,YES,Skip — not reviewable,,,
Root/VideoFiles,File-IMG_2359.MOV,1q_vdOyRwblI9SwYnxdLhO_SlQ3woffwU,File,video/quicktime,VideoFiles,https://drive.google.com/file/d/1q_vdOyRwblI9SwYnxdLhO_SlQ3woffwU/view?usp=drivesdk,Yes,YES,Skip — not reviewable,,,
Root/VideoFiles,File-Video_20210727_112623.MOV,1LVFMw0z3fsj_i0-8dVgSqCzD1hFugXKF,File,video/quicktime,VideoFiles,https://drive.google.com/file/d/1LVFMw0z3fsj_i0-8dVgSqCzD1hFugXKF/view?usp=drivesdk,Yes,YES,Skip — not reviewable,,,
Root/VideoFiles,File-Video_20210720_232339.MOV,1REdOLCNax47NRie5J-tTPzoVchhQaw3o,File,video/quicktime,VideoFiles,https://drive.google.com/file/d/1REdOLCNax47NRie5J-tTPzoVchhQaw3o/view?usp=drivesdk,Yes,YES,Skip — not reviewable,,,
Root/VideoFiles,File-EmailForm_RoughDraft.mp4,1_jG3xMPkEyxf5JWX7Lek2JpaeEUWhPu4,File,video/mp4,VideoFiles,https://drive.google.com/file/d/1_jG3xMPkEyxf5JWX7Lek2JpaeEUWhPu4/view?usp=drivesdk,Yes,YES,Skip — not reviewable,,,
Root/VideoFiles,File-Video_20200930_143231.MOV,18oDakLruDygIIjny1OHnKZLT0TYB175X,File,video/quicktime,VideoFiles,https://drive.google.com/file/d/18oDakLruDygIIjny1OHnKZLT0TYB175X/view?usp=drivesdk,Yes,YES,Skip — not reviewable,,,
Root/VideoFiles,File-Video_20220901_093409_605.mp4,1L-F0jwD1Gzf5NZPMsuPBjuvHAHKdsmQ9,File,video/mp4,VideoFiles,https://drive.google.com/file/d/1L-F0jwD1Gzf5NZPMsuPBjuvHAHKdsmQ9/view?usp=drivesdk,Yes,YES,Skip — not reviewable,,,
Root/VideoFiles,File-Video_20220901_092004.MOV,1ZuGBNMlUdNWY8D9pnsI2hRRmL7ZFNzSP,File,video/quicktime,VideoFiles,https://drive.google.com/file/d/1ZuGBNMlUdNWY8D9pnsI2hRRmL7ZFNzSP/view?usp=drivesdk,Yes,YES,Skip — not reviewable,,,
Root/VideoFiles,File-Video_20210924_094920.MOV,1-zL8HWxa7h3p3kDv7HMtIfpnk7UjG1Ik,File,video/quicktime,VideoFiles,https://drive.google.com/file/d/1-zL8HWxa7h3p3kDv7HMtIfpnk7UjG1Ik/view?usp=drivesdk,Yes,YES,Skip — not reviewable,,,
Root/VideoFiles,File-Screen Recording 2021-06-30 at 6.02.11 PM.mov,1TklTwCFd-AfrHbaFdrwRG0YMj9xa3Uxl,File,video/quicktime,VideoFiles,https://drive.google.com/file/d/1TklTwCFd-AfrHbaFdrwRG0YMj9xa3Uxl/view?usp=drivesdk,Yes,YES,Skip — not reviewable,,,
Root/VideoFiles,File-Video_20210518_133556.MOV,1x_ReWN15vgU4GxTEF9AkJFv6rincRSZL,File,video/quicktime,VideoFiles,https://drive.google.com/file/d/1x_ReWN15vgU4GxTEF9AkJFv6rincRSZL/view?usp=drivesdk,Yes,YES,Skip — not reviewable,,,
Root/VideoFiles,File-Video_20201202_085551.MOV,1mBjVtxU73O4bPK4_fBM4F1a2mm4cYkzW,File,video/quicktime,VideoFiles,https://drive.google.com/file/d/1mBjVtxU73O4bPK4_fBM4F1a2mm4cYkzW/view?usp=drivesdk,Yes,YES,Skip — not reviewable,,,
Root/VideoFiles,File-IMG_2216.MOV,1moHx9HiNXv5JlwQ5XBfhWCN7kGRSnvya,File,video/quicktime,VideoFiles,https://drive.google.com/file/d/1moHx9HiNXv5JlwQ5XBfhWCN7kGRSnvya/view?usp=drivesdk,,YES,Skip — not reviewable,,,
Root/VideoFiles,MPP_ Pod Meeting! 💥 👾 🛸 (2024-02-15 12_34 GMT-5.mp4,1k-zbq29MGaCLwfjG9OPtOZ3s4VC0xGg2,File,video/mp4,VideoFiles,https://drive.google.com/file/d/1k-zbq29MGaCLwfjG9OPtOZ3s4VC0xGg2/view?usp=drivesdk,Yes,YES,Skip — not reviewable,,,
Root/VideoFiles,MPP_ Pod Meeting! 💥 👾 🛸 (2024-01-25 12_35 GMT-5.mp4,1CntPKYVjCLRVBDuI5S740dYzNZhHhPqy,File,video/mp4,VideoFiles,https://drive.google.com/file/d/1CntPKYVjCLRVBDuI5S740dYzNZhHhPqy/view?usp=drivesdk,Yes,YES,Skip — not reviewable,,,
Root/VideoFiles,MPP_ Pod Meeting! 💥 👾 🛸 (2023-11-16 12_40 GMT-5.mp4,1F_S5FnOL0r9SOXwGGZT_girABxwIOG1G,File,video/mp4,VideoFiles,https://drive.google.com/file/d/1F_S5FnOL0r9SOXwGGZT_girABxwIOG1G/view?usp=drivesdk,Yes,YES,Skip — not reviewable,,,
Root/VideoFiles,Bobby + MPP_ Quick Meeting! 🔥 (2023-09-15 13_03 G.mp4,1HrK6a0df6xIjayw1DH5vuIBMCB0icK6i,File,video/mp4,VideoFiles,https://drive.google.com/file/d/1HrK6a0df6xIjayw1DH5vuIBMCB0icK6i/view?usp=drivesdk,Yes,YES,Skip — not reviewable,,,
Root/VideoFiles,MPP_ Pod Meeting! 💥 👾 🛸 (2023-08-17 12_11 GMT-4.mp4,1GMTuxy71hYUXqEDRysB2yMBRtj6tVYN_,File,video/mp4,VideoFiles,https://drive.google.com/file/d/1GMTuxy71hYUXqEDRysB2yMBRtj6tVYN_/view?usp=drivesdk,Yes,YES,Skip — not reviewable,,,
Root/VideoFiles,MPP_ Pod Meeting! 💥 👾 🛸 (2023-07-20 12_05 GMT-4.mp4,1xFMMEafvoj4kS5fta0Fk1I_WbZRtlqjn,File,video/mp4,VideoFiles,https://drive.google.com/file/d/1xFMMEafvoj4kS5fta0Fk1I_WbZRtlqjn/view?usp=drivesdk,Yes,YES,Skip — not reviewable,,,
Root/VideoFiles,MPP_ Pod Meeting! 💥 👾 🛸 (2023-06-14 12_03 GMT-4.mp4,1XwAWem6DT9uwthJlz20pufnmiheOJZ2u,File,video/mp4,VideoFiles,https://drive.google.com/file/d/1XwAWem6DT9uwthJlz20pufnmiheOJZ2u/view?usp=drivesdk,Yes,YES,Skip — not reviewable,,,
Root/VideoFiles,MPP_ Pod Meeting! 💥 👾 🛸 (2023-05-18 12_02 GMT-4.mp4,13FyPRIYLudSkMOHjzLlaN8SP_fWCwRAW,File,video/mp4,VideoFiles,https://drive.google.com/file/d/13FyPRIYLudSkMOHjzLlaN8SP_fWCwRAW/view?usp=drivesdk,Yes,YES,Skip — not reviewable,,,
Root/VideoFiles,MPP_ Pod Meeting! 💥 👾 🛸 (2023-04-20 12_04 GMT-4.mp4,1w2xWlZVeb8U4XbHcw-GsYay8L-Okb0bE,File,video/mp4,VideoFiles,https://drive.google.com/file/d/1w2xWlZVeb8U4XbHcw-GsYay8L-Okb0bE/view?usp=drivesdk,Yes,YES,Skip — not reviewable,,,
Root/VideoFiles,MPP_ Pod Meeting! 💥 👾 🛸 (2023-03-23 12_03 GMT-4.mp4,1Befck3zfA91A5SsoQTEo35KP2nN4Ua_i,File,video/mp4,VideoFiles,https://drive.google.com/file/d/1Befck3zfA91A5SsoQTEo35KP2nN4Ua_i/view?usp=drivesdk,Yes,YES,Skip — not reviewable,,,
Root/VideoFiles,MPP_ Pod Meeting! 💥 👾 🛸 (2023-02-16 12_04 GMT-5.mp4,10D2AjemMkJhOrgTIgmnHycvvtUTTZhIw,File,video/mp4,VideoFiles,https://drive.google.com/file/d/10D2AjemMkJhOrgTIgmnHycvvtUTTZhIw/view?usp=drivesdk,Yes,YES,Skip — not reviewable,,,
Root/VideoFiles,MPP_ Pod Meeting! 💥 👾 🛸 (2023-01-19 12_07 GMT-5.mp4,1pxEFpaIiDf4FgjqlOQgsbMPto-vGtZeb,File,video/mp4,VideoFiles,https://drive.google.com/file/d/1pxEFpaIiDf4FgjqlOQgsbMPto-vGtZeb/view?usp=drivesdk,Yes,YES,Skip — not reviewable,,,
Root/VideoFiles,MPP_ Pod Meeting! 💥 👾 🛸 (2022-11-17 11_49 GMT-5.mp4,1ByVkIxY5qpHn8hg-3PDhglHig8oUoZwf,File,video/mp4,VideoFiles,https://drive.google.com/file/d/1ByVkIxY5qpHn8hg-3PDhglHig8oUoZwf/view?usp=drivesdk,Yes,YES,Skip — not reviewable,,,
Root/VideoFiles,MPP_ Pod Meeting! 💥 👾 🛸 (2022-10-20 12_07 GMT-4.mp4,1odrn0n7EAVKlcaZo99xksF6047e7aHyn,File,video/mp4,VideoFiles,https://drive.google.com/file/d/1odrn0n7EAVKlcaZo99xksF6047e7aHyn/view?usp=drivesdk,Yes,YES,Skip — not reviewable,,,
Root/VideoFiles,MPP_ Pod Meeting! 💥 👾 🛸 (2022-09-15 12_05 GMT-4.mp4,1Aq6XEp-HvrU1AURs_tYXjkbPd5CeKneP,File,video/mp4,VideoFiles,https://drive.google.com/file/d/1Aq6XEp-HvrU1AURs_tYXjkbPd5CeKneP/view?usp=drivesdk,Yes,YES,Skip — not reviewable,,,
Root/VideoFiles,vjo-fewt-kdc (2022-09-15 12_05 GMT-4).mp4,1aneiTtfX1_Gj-QSPaWJfPj0HDPL_Iyx9,File,video/mp4,VideoFiles,https://drive.google.com/file/d/1aneiTtfX1_Gj-QSPaWJfPj0HDPL_Iyx9/view?usp=drivesdk,Yes,YES,Skip — not reviewable,,,
Root/VideoFiles,MPP_ Pod Meeting! 💥 👾 🛸 (2022-08-18 12_07 GMT-4.mp4,1DhhUZUjLeZuCm1pYGK3d4JZHxrO4clND,File,video/mp4,VideoFiles,https://drive.google.com/file/d/1DhhUZUjLeZuCm1pYGK3d4JZHxrO4clND/view?usp=drivesdk,Yes,YES,Skip — not reviewable,,,
Root/VideoFiles,MPP_ Pod Meeting! 💥 👾 🛸 (2022-05-19 09_22 GMT-7.mp4,1tMCJPnenxS7-PHDEiGtnAY27volzKenv,File,video/mp4,VideoFiles,https://drive.google.com/file/d/1tMCJPnenxS7-PHDEiGtnAY27volzKenv/view?usp=drivesdk,Yes,YES,Skip — not reviewable,,,
Root/VideoFiles,MPP_ Pod Meeting! 💥 👾 🛸 (2022-03-17 09_15 GMT-7.mp4,1lkMQZ-X-HcL_BwHCja2Ci1Tu5-JXwPC1,File,video/mp4,VideoFiles,https://drive.google.com/file/d/1lkMQZ-X-HcL_BwHCja2Ci1Tu5-JXwPC1/view?usp=drivesdk,Yes,YES,Skip — not reviewable,,,
Root/VideoFiles,MPP_ Pod Meeting! 💥 👾 🛸 (2022-02-17 09_14 GMT-8.mp4,1wSA_JsfhY29GpjkDV_TzMV6xGFqwHLOQ,File,video/mp4,VideoFiles,https://drive.google.com/file/d/1wSA_JsfhY29GpjkDV_TzMV6xGFqwHLOQ/view?usp=drivesdk,Yes,YES,Skip — not reviewable,,,
Root/VideoFiles,Vidyard Issues 1-21-22.mp4,1Fjh7yxrHEYYoQ3XMr6-Y1zQfJ8IVudJg,File,video/mp4,VideoFiles,https://drive.google.com/file/d/1Fjh7yxrHEYYoQ3XMr6-Y1zQfJ8IVudJg/view?usp=drivesdk,Yes,YES,Skip — not reviewable,,,
Root/VideoFiles,Vidyard Intros as Outreach Variables!.mp4,1SMpJVfMiLV9kaqUuyP3PlZwkSHYYjsyx,File,video/mp4,VideoFiles,https://drive.google.com/file/d/1SMpJVfMiLV9kaqUuyP3PlZwkSHYYjsyx/view?usp=drivesdk,Yes,YES,Skip — not reviewable,,,
Root/VideoFiles,Optional_ Morgan_s Break Out Room!! (2021-06-17 at.mp4,1VmExc2HA7rUyt8INFbBW6-5HPbLFpGmO,File,video/mp4,VideoFiles,https://drive.google.com/file/d/1VmExc2HA7rUyt8INFbBW6-5HPbLFpGmO/view?usp=drivesdk,Yes,YES,Skip — not reviewable,,,
Root/VideoFiles,Favoriting a Dashboard in Salesforce!.mp4,1s6cYTtxKlIn1Wi9q3gqq0iT7pzVm41rq,File,video/mp4,VideoFiles,https://drive.google.com/file/d/1s6cYTtxKlIn1Wi9q3gqq0iT7pzVm41rq/view?usp=drivesdk,Yes,YES,Skip — not reviewable,,,
Root/VideoFiles,_Office_ Hours (2021-03-19 at 15_51 GMT-7).mp4,1Ot9CoXQXROs-5JB274WeQ36F_DyI2te7,File,video/mp4,VideoFiles,https://drive.google.com/file/d/1Ot9CoXQXROs-5JB274WeQ36F_DyI2te7/view?usp=drivesdk,Yes,YES,Skip — not reviewable,,,
Root/VideoFiles,First Content Committee Meeting!! _3 (2021-01-26 a.mp4,1fc7Me5yn6xzhgyzh4H64w9H7eTj1suEu,File,video/mp4,VideoFiles,https://drive.google.com/file/d/1fc7Me5yn6xzhgyzh4H64w9H7eTj1suEu/view?usp=drivesdk,,YES,Skip — not reviewable,,,
Root/Content Committee,Content Creation Team_ Process Doc.docx,1OnlJD-xqSk291iSxqApSf_jEL6oofXgS,File,application/vnd.openxmlformats-officedocument.wordprocessingml.document,Content Committee,https://docs.google.com/document/d/1OnlJD-xqSk291iSxqApSf_jEL6oofXgS/edit?usp=drivesdk&ouid=117877075857315698786&rtpof=true&sd=true,,,Reviewed,TR-0454,"Official CC onboarding/process doc Morgan created; 6 functional areas, meeting cadence, template review pipeline, onboarding task list",High
Root/Content Committee,Content Team 06.01.22.pptx,1LN-XLqOL0GbT_P3LzBBSlQiVlaYSNOD7,File,application/vnd.openxmlformats-officedocument.presentationml.presentation,Content Committee,https://docs.google.com/presentation/d/1LN-XLqOL0GbT_P3LzBBSlQiVlaYSNOD7/edit?usp=drivesdk&ouid=117877075857315698786&rtpof=true&sd=true,,,Reviewed,TR-0294,"July 19 2022 company training. Morgan’s segment: Awareness-Trust-Timing model, SDR process overview,",
Root/Content Committee,Content Creation Team ✍️.html,1MBQFAkODYwKModyUCjKdc1tFmhWtqY_b,File,text/html,Content Committee,https://drive.google.com/file/d/1MBQFAkODYwKModyUCjKdc1tFmhWtqY_b/view?usp=drivesdk,,,Skip — not reviewable,,Content Creation Team HTML — not readable.,High
Root/Content Committee,Content Team 05.25.22.pptx,1Uz6EJP9Z1L2SLCNnkA6246yRlYvmjkUY,File,application/vnd.openxmlformats-officedocument.presentationml.presentation,Content Committee,https://docs.google.com/presentation/d/1Uz6EJP9Z1L2SLCNnkA6246yRlYvmjkUY/edit?usp=drivesdk&ouid=117877075857315698786&rtpof=true&sd=true,,,Reviewed,TR-0131,Survey launched and emailed by May 25; 7 responses; data project with Melanie in progress; End of Ye,
Root/Content Committee,Content Team 05.18.22.pptx,1Z1R3BWR2f-u3X7wNCcqk5HrG-glSS-oX,File,application/vnd.openxmlformats-officedocument.presentationml.presentation,Content Committee,https://docs.google.com/presentation/d/1Z1R3BWR2f-u3X7wNCcqk5HrG-glSS-oX/edit?usp=drivesdk&ouid=117877075857315698786&rtpof=true&sd=true,,,Reviewed,TR-0130,Content Survey: Review Morgan’s draft’ - confirms Morgan authored the Content Feedback Survey instru,
Root/Content Committee,Content Team 05.11.22.pptx,1lWfSbJW8ptQN9__fLRYB01nrM-AEEQ72,File,application/vnd.openxmlformats-officedocument.presentationml.presentation,Content Committee,https://docs.google.com/presentation/d/1lWfSbJW8ptQN9__fLRYB01nrM-AEEQ72/edit?usp=drivesdk&ouid=117877075857315698786&rtpof=true&sd=true,,,Reviewed,TR-0299,"May 11 2022 CC meeting. Agenda: pricing snippets/summer sign-off, subteams check-in, survey review, ",
Root/Content Committee,CC Notes_ Spring 2022 - Google Docs.png,1haSgrzTw6pRQjGGor_8NtlH3--vcPYSN,File,image/png,Content Committee,https://drive.google.com/file/d/1haSgrzTw6pRQjGGor_8NtlH3--vcPYSN/view?usp=drivesdk,,,Reviewed,TR-0377,Screenshot of CC Notes Spring 2022; no additional evidence beyond TR-0376; deprioritize.,
Root/Content Committee,Content Committee 21-22 Goals & Action Items (As o.docx,15_IqurVcLOqpjVTf-gSkN1w6pUunOinB,File,application/vnd.openxmlformats-officedocument.wordprocessingml.document,Content Committee,https://docs.google.com/document/d/15_IqurVcLOqpjVTf-gSkN1w6pUunOinB/edit?usp=drivesdk&ouid=117877075857315698786&rtpof=true&sd=true,,,Reviewed,TR-0270,Morgan is shown as Author. CC 2020-21 session notes. Morgan ran the meetings. Not yet tied to a specif,
Root/Content Committee,Content Committee 21-22 Goals & Action Items (As o.html,1D8OmACtgEkJrXllRytZhdZoes8_EQ9fh,File,text/html,Content Committee,https://drive.google.com/file/d/1D8OmACtgEkJrXllRytZhdZoes8_EQ9fh/view?usp=drivesdk,,,Skip — not reviewable,,CC 21-22 Goals HTML — companion to reviewed docx version.,High
Root/Content Committee,Content Committe Project List.docx,1gebdrCtuKBgFoBOXeUpOfebCqoiJTYY-,File,application/vnd.openxmlformats-officedocument.wordprocessingml.document,Content Committee,https://docs.google.com/document/d/1gebdrCtuKBgFoBOXeUpOfebCqoiJTYY-/edit?usp=drivesdk&ouid=117877075857315698786&rtpof=true&sd=true,,,Reviewed,TR-0455,"CC action items & meeting notes; Morgan directing projects to Megan, Erika, Jen; sequences kickoff, awards, variables training",High
Root/Content Committee,March Award.docx,1V-AyIAWgf4DjWrOv_QW_XHn9CvTHYteh,File,application/vnd.openxmlformats-officedocument.wordprocessingml.document,Content Committee,https://docs.google.com/document/d/1V-AyIAWgf4DjWrOv_QW_XHn9CvTHYteh/edit?usp=drivesdk&ouid=117877075857315698786&rtpof=true&sd=true,,,Reviewed,TR-0456,CC Awards: Top 10 Sender Ranking by deliveries vs. unsubscribes; Morgan selecting winner by data methodology,High
Root/Content Committee,Content Committee - Recent Topics.docx,1O0dzX_4qHDWLyWTN4B9R9pKda4PD1ber,File,application/vnd.openxmlformats-officedocument.wordprocessingml.document,Content Committee,https://docs.google.com/document/d/1O0dzX_4qHDWLyWTN4B9R9pKda4PD1ber/edit?usp=drivesdk&ouid=117877075857315698786&rtpof=true&sd=true,,,Reviewed,TR-0295,"Content call: SDR hiring funnel, Soapbox automation rollout, content-to-ops handoff. Morgan’s context",
Root/Treering Slide-Presentation Decks,Content Team 05.11.22.pptx,1o23VxCdgLT6rQSR_TNUBpip8di-JRrIT,File,application/vnd.openxmlformats-officedocument.presentationml.presentation,Treering Slide-Presentation Decks,https://docs.google.com/presentation/d/1o23VxCdgLT6rQSR_TNUBpip8di-JRrIT/edit?usp=drivesdk&ouid=117877075857315698786&rtpof=true&sd=true,,,Reviewed,TR-0666,CC agenda 05.11.22 — pricing snippets shipped; '22-23 Sequences: Talking to Bobby after this meeting'.,Medium
Root/Treering Slide-Presentation Decks,File-Onboarding Project Kickoff (1).pptx,1oTHt4nqyphS82f5w6hYrwdQF_AXy_S-y,File,application/vnd.openxmlformats-officedocument.presentationml.presentation,Treering Slide-Presentation Decks,https://docs.google.com/presentation/d/1oTHt4nqyphS82f5w6hYrwdQF_AXy_S-y/edit?usp=drivesdk&ouid=117877075857315698786&rtpof=true&sd=true,,,Reviewed,TR-0667,Customer Onboarding Project Kickoff Aug 2021 — Sales Dev (Anna Matheny) on cross-functional team.,Medium
Root/Treering Slide-Presentation Decks,SDR Monthly Training_ Common Objections_Replie.2023(1).pptx,1G152XI566618cRJE4HTrMBFA9lXFZLAz,File,application/vnd.openxmlformats-officedocument.presentationml.presentation,Treering Slide-Presentation Decks,https://docs.google.com/presentation/d/1G152XI566618cRJE4HTrMBFA9lXFZLAz/edit?usp=drivesdk&ouid=117877075857315698786&rtpof=true&sd=true,,,Reviewed,TR-0657,"SDR Monthly Training Nov 2023 — objection breakouts, sequence links, 'Pumpkin Pies and KPIs'.",Medium
Root/Treering Slide-Presentation Decks,SDR Variable Training.pptx,1QVLLMr_glXhxl_VacovIOG13uIMEuyYA,File,application/vnd.openxmlformats-officedocument.presentationml.presentation,Treering Slide-Presentation Decks,https://docs.google.com/presentation/d/1QVLLMr_glXhxl_VacovIOG13uIMEuyYA/edit?usp=drivesdk&ouid=117877075857315698786&rtpof=true&sd=true,Yes,,Duplicate — defer,,,
Root/Treering Slide-Presentation Decks,Content Team 06.01.22.pptx,1ZXq911XTK3DILdjRAWZeuCkCE33qt35-,File,application/vnd.openxmlformats-officedocument.presentationml.presentation,Treering Slide-Presentation Decks,https://docs.google.com/presentation/d/1ZXq911XTK3DILdjRAWZeuCkCE33qt35-/edit?usp=drivesdk&ouid=117877075857315698786&rtpof=true&sd=true,,,Reviewed,TR-0668,Morgan’s Take on SDR Role' — dedicated training section; AT&T Model; 5→25+ SDRs. Score: 9.,Medium
Root/Treering Slide-Presentation Decks,Morgan Copy - Outbound Content Performance Review.pptx,1a6hxwyqxkmXq_--VfQbgdLvt7N6Vl9fk,File,application/vnd.openxmlformats-officedocument.presentationml.presentation,Treering Slide-Presentation Decks,https://docs.google.com/presentation/d/1a6hxwyqxkmXq_--VfQbgdLvt7N6Vl9fk/edit?usp=drivesdk&ouid=117877075857315698786&rtpof=true&sd=true,Yes,,Duplicate — defer,,,
Root/Treering Slide-Presentation Decks,Content Team 05.25.22.pptx,1G7Rm0i-w3Eswpr3D4Tnh4A1ShnpQ5ByF,File,application/vnd.openxmlformats-officedocument.presentationml.presentation,Treering Slide-Presentation Decks,https://docs.google.com/presentation/d/1G7Rm0i-w3Eswpr3D4Tnh4A1ShnpQ5ByF/edit?usp=drivesdk&ouid=117877075857315698786&rtpof=true&sd=true,Yes,,Duplicate — defer,,,
Root/Treering Slide-Presentation Decks,Content Team 05.18.22.pptx,1bCMAuBSdpJ47654OHOtdeekERvolo9NU,File,application/vnd.openxmlformats-officedocument.presentationml.presentation,Treering Slide-Presentation Decks,https://docs.google.com/presentation/d/1bCMAuBSdpJ47654OHOtdeekERvolo9NU/edit?usp=drivesdk&ouid=117877075857315698786&rtpof=true&sd=true,,,Reviewed,TR-0669,CC agenda 05.18.22 — 'Review Morgan’s draft'; 22-23 sequences confirmed as CC responsibility.,Medium
Root/Treering Slide-Presentation Decks,PTA Councils.pptx,1SOY4xxF5lW3xLk5B-TAPcHxXTJufmQRv,File,application/vnd.openxmlformats-officedocument.presentationml.presentation,Treering Slide-Presentation Decks,https://docs.google.com/presentation/d/1SOY4xxF5lW3xLk5B-TAPcHxXTJufmQRv/edit?usp=drivesdk&ouid=117877075857315698786&rtpof=true&sd=true,,,Reviewed,TR-0670,Morgan’s PTA Council training — 74% open / 22% reply / NO opt-outs; her own results in 1 month. Score: 9.,Medium
Root/Treering Slide-Presentation Decks,"Training_ Research, Contacts, Prospects, & Sequenc 2.pptx",12P9Mp1GzK6yokPHUuQ_qRCzz3Uf3OPIx,File,application/vnd.openxmlformats-officedocument.presentationml.presentation,Treering Slide-Presentation Decks,https://docs.google.com/presentation/d/12P9Mp1GzK6yokPHUuQ_qRCzz3Uf3OPIx/edit?usp=drivesdk&ouid=117877075857315698786&rtpof=true&sd=true,Yes,,Duplicate — defer,,,
Root/Treering Slide-Presentation Decks,"Training_ Research, Contacts, Prospects, & Sequenc.pptx",1mhTiBBo5rMEcbwVE1RdrMwlF3UDjQSKt,File,application/vnd.openxmlformats-officedocument.presentationml.presentation,Treering Slide-Presentation Decks,https://docs.google.com/presentation/d/1mhTiBBo5rMEcbwVE1RdrMwlF3UDjQSKt/edit?usp=drivesdk&ouid=117877075857315698786&rtpof=true&sd=true,,,Reviewed,TR-0283,Training Research Contacts Prospects & Sequences pptx — SDR training slide (see TR-0283).,Medium
Root/Treering Slide-Presentation Decks,Content Feedback June 2021.pptx,1gYlAtZLlcWZ6pfVNnkcmosEaKHyzVh0A,File,application/vnd.openxmlformats-officedocument.presentationml.presentation,Treering Slide-Presentation Decks,https://docs.google.com/presentation/d/1gYlAtZLlcWZ6pfVNnkcmosEaKHyzVh0A/edit?usp=drivesdk&ouid=117877075857315698786&rtpof=true&sd=true,,,Reviewed,TR-0659,CC Content Feedback Jun 2021 — survey results; 'emails that show we are human and done our homework'.,Medium
Root/Treering Slide-Presentation Decks,Content Committee.pptx,1fVR4syokbgdjnDy2aVhbsCf9oZ6pL4H9,File,application/vnd.openxmlformats-officedocument.presentationml.presentation,Treering Slide-Presentation Decks,https://docs.google.com/presentation/d/1fVR4syokbgdjnDy2aVhbsCf9oZ6pL4H9/edit?usp=drivesdk&ouid=117877075857315698786&rtpof=true&sd=true,,,Reviewed,TR-0671,Morgan & Jen’s CC proposal — 'Jen and I have 10 years' / 'OG’s' / advocated for CC authority. Score: 9.,Medium
Root/Treering Slide-Presentation Decks,Social Media Presentation.pptx,1pv8mryTqbUm8QV7aKGujuHae_E1tLk4B,File,application/vnd.openxmlformats-officedocument.presentationml.presentation,Treering Slide-Presentation Decks,https://docs.google.com/presentation/d/1pv8mryTqbUm8QV7aKGujuHae_E1tLk4B/edit?usp=drivesdk&ouid=117877075857315698786&rtpof=true&sd=true,,,Reviewed,TR-0153,Early career pitch for SDRs to manage TreeRing social media; supervisor Leo (Head of Marketing); data-backed with educational value prop,Medium
Root/Treering Slide-Presentation Decks,TreeRingSlides 2.pptx,1-eOekiYGldoCBFMhcRHZCaqDsKBqAMcY,File,application/vnd.openxmlformats-officedocument.presentationml.presentation,Treering Slide-Presentation Decks,https://docs.google.com/presentation/d/1-eOekiYGldoCBFMhcRHZCaqDsKBqAMcY/edit?usp=drivesdk&ouid=117877075857315698786&rtpof=true&sd=true,Yes,,Duplicate — defer,,,
Root/Treering Slide-Presentation Decks,TreeRingSlides.pptx,1815h-mvpt21jJ5i77z_yL1d_JXl_4S_J,File,application/vnd.openxmlformats-officedocument.presentationml.presentation,Treering Slide-Presentation Decks,https://docs.google.com/presentation/d/1815h-mvpt21jJ5i77z_yL1d_JXl_4S_J/edit?usp=drivesdk&ouid=117877075857315698786&rtpof=true&sd=true,,,Reviewed,TR-0149,"Custom pages 300%, digital signatures 4000% (COVID); $5M fundraising",Medium
Root/Treering Slide-Presentation Decks,TreeRingSlides_ Georgia.pptx,166NmRLfLFBqwfSiHlSFNSPqyB_tX48_W,File,application/vnd.openxmlformats-officedocument.presentationml.presentation,Treering Slide-Presentation Decks,https://docs.google.com/presentation/d/166NmRLfLFBqwfSiHlSFNSPqyB_tX48_W/edit?usp=drivesdk&ouid=117877075857315698786&rtpof=true&sd=true,,,Reviewed,TR-0147,Google Slides version of TreeRingSlides_GwinnettArea1_PowerPoint.pptx (DF-0092),Medium
Root/Treering Slide-Presentation Decks,TreeRingSlides_GwinnettArea1_PowerPoint.pptx,1c5Eax7dkativLdk-TE9KdDRnw_hwBQXn,File,application/vnd.openxmlformats-officedocument.presentationml.presentation,Treering Slide-Presentation Decks,https://docs.google.com/presentation/d/1c5Eax7dkativLdk-TE9KdDRnw_hwBQXn/edit?usp=drivesdk&ouid=117877075857315698786&rtpof=true&sd=true,,,Reviewed,TR-0147,Google Slides version of TreeRingSlides_GwinnettArea1_PowerPoint.pptx (DF-0092),Medium
Root/Treering Slide-Presentation Decks,TreeRingSlides_Gwinnett_Area1.pptx,10uYx8eakwTLX4X1o1NOFkpTlBWLEHyiO,File,application/vnd.openxmlformats-officedocument.presentationml.presentation,Treering Slide-Presentation Decks,https://docs.google.com/presentation/d/10uYx8eakwTLX4X1o1NOFkpTlBWLEHyiO/edit?usp=drivesdk&ouid=117877075857315698786&rtpof=true&sd=true,,,Reviewed,TR-0147,Google Slides version of TreeRingSlides_GwinnettArea1_PowerPoint.pptx (DF-0092),Medium
"Root/UntitledDocs (Call Notes, etc.)",Untitled document.docx,1mC4yv1UE06K61NXv3TVPwPq44WGqRA7F,File,application/vnd.openxmlformats-officedocument.wordprocessingml.document,"UntitledDocs (Call Notes, etc.)",https://docs.google.com/document/d/1mC4yv1UE06K61NXv3TVPwPq44WGqRA7F/edit?usp=drivesdk&ouid=117877075857315698786&rtpof=true&sd=true,,,Reviewed,TR-0405,Google Drive document created by mescott@treering.com. No metrics found in previewed content. Eviden,
"Root/UntitledDocs (Call Notes, etc.)",Untitled document(1).docx,1BW7Ygdnk7tR9iQnR91_nWQgTHh5FXcP8,File,application/vnd.openxmlformats-officedocument.wordprocessingml.document,"UntitledDocs (Call Notes, etc.)",https://docs.google.com/document/d/1BW7Ygdnk7tR9iQnR91_nWQgTHh5FXcP8/edit?usp=drivesdk&ouid=117877075857315698786&rtpof=true&sd=true,,,Reviewed,TR-0406,Google Drive document created by mescott@treering.com. Contains template or example email copy; part,
"Root/UntitledDocs (Call Notes, etc.)",Untitled document(8).docx,11bxSwtZEBCmd7Th0HoQC0E5s8MnBVqVU,File,application/vnd.openxmlformats-officedocument.wordprocessingml.document,"UntitledDocs (Call Notes, etc.)",https://docs.google.com/document/d/11bxSwtZEBCmd7Th0HoQC0E5s8MnBVqVU/edit?usp=drivesdk&ouid=117877075857315698786&rtpof=true&sd=true,,,Reviewed,TR-0404,Google Drive document created by mescott@treering.com. File verified: ‘For Teams - Template for Google,
"Root/UntitledDocs (Call Notes, etc.)",Untitled document(9).docx,1dyj7KkixingIeSr-fwjU00JV5s45oap5,File,application/vnd.openxmlformats-officedocument.wordprocessingml.document,"UntitledDocs (Call Notes, etc.)",https://docs.google.com/document/d/1dyj7KkixingIeSr-fwjU00JV5s45oap5/edit?usp=drivesdk&ouid=117877075857315698786&rtpof=true&sd=true,,,Reviewed,TR-0490,Outreach boolean search query; no standalone evidence,High
"Root/UntitledDocs (Call Notes, etc.)",Untitled document(10).docx,1pZ-B6vwXR5BETmT9ABcJQZ7AWLtV6yVb,File,application/vnd.openxmlformats-officedocument.wordprocessingml.document,"UntitledDocs (Call Notes, etc.)",https://docs.google.com/document/d/1pZ-B6vwXR5BETmT9ABcJQZ7AWLtV6yVb/edit?usp=drivesdk&ouid=117877075857315698786&rtpof=true&sd=true,,,Reviewed,TR-0407,Google Drive document created by mescott@treering.com. Contains a list or reference resource for SDR,
"Root/UntitledDocs (Call Notes, etc.)",Untitled document(11).docx,1hZ8rucdyYS9ahmycR9wsiSgQ2IyxgQPV,File,application/vnd.openxmlformats-officedocument.wordprocessingml.document,"UntitledDocs (Call Notes, etc.)",https://docs.google.com/document/d/1hZ8rucdyYS9ahmycR9wsiSgQ2IyxgQPV/edit?usp=drivesdk&ouid=117877075857315698786&rtpof=true&sd=true,,,Reviewed,TR-0411,Google Drive document created by mescott@treering.com. Contains structured training or reference conte,
"Root/UntitledDocs (Call Notes, etc.)",Untitled document(12).docx,1QlG0qxifvCqiPOCSMdDHqstxWKLrdZcH,File,application/vnd.openxmlformats-officedocument.wordprocessingml.document,"UntitledDocs (Call Notes, etc.)",https://docs.google.com/document/d/1QlG0qxifvCqiPOCSMdDHqstxWKLrdZcH/edit?usp=drivesdk&ouid=117877075857315698786&rtpof=true&sd=true,,,Reviewed,TR-0412,Google Drive document created by mescott@treering.com. Contains structured training or reference conte,
"Root/UntitledDocs (Call Notes, etc.)",Untitled document(13).docx,1rtimHeDxKO7i4KxHdCuUsjVlaMv6Udne,File,application/vnd.openxmlformats-officedocument.wordprocessingml.document,"UntitledDocs (Call Notes, etc.)",https://docs.google.com/document/d/1rtimHeDxKO7i4KxHdCuUsjVlaMv6Udne/edit?usp=drivesdk&ouid=117877075857315698786&rtpof=true&sd=true,,,Reviewed,TR-0402,Google Drive document created by mescott@treering.com. Contains structured training or reference conte,
"Root/UntitledDocs (Call Notes, etc.)",Untitled document(14).docx,12HOIBaJ-KrOSmML0pMhN-uKAHcR1pdip,File,application/vnd.openxmlformats-officedocument.wordprocessingml.document,"UntitledDocs (Call Notes, etc.)",https://docs.google.com/document/d/12HOIBaJ-KrOSmML0pMhN-uKAHcR1pdip/edit?usp=drivesdk&ouid=117877075857315698786&rtpof=true&sd=true,,,Reviewed,TR-0423,Google Drive document created by mescott@treering.com. Template or reference doc. No metrics. Evidenc,
"Root/UntitledDocs (Call Notes, etc.)",Untitled document(15).docx,1t_VLeocdfUAZczSHKjXrVJuJP-GvQYmn,File,application/vnd.openxmlformats-officedocument.wordprocessingml.document,"UntitledDocs (Call Notes, etc.)",https://docs.google.com/document/d/1t_VLeocdfUAZczSHKjXrVJuJP-GvQYmn/edit?usp=drivesdk&ouid=117877075857315698786&rtpof=true&sd=true,,,Reviewed,TR-0421,Google Drive document created by mescott@treering.com. Template or reference doc. No metrics. Evidenc,
"Root/UntitledDocs (Call Notes, etc.)",Untitled document(16).docx,1LSBFd4gZX9UH0a5dVbEOSeCT9tYDTITX,File,application/vnd.openxmlformats-officedocument.wordprocessingml.document,"UntitledDocs (Call Notes, etc.)",https://docs.google.com/document/d/1LSBFd4gZX9UH0a5dVbEOSeCT9tYDTITX/edit?usp=drivesdk&ouid=117877075857315698786&rtpof=true&sd=true,,,Reviewed,TR-0422,Google Drive document created by mescott@treering.com. Template or reference doc. No metrics. Evidenc,
"Root/UntitledDocs (Call Notes, etc.)",Untitled document(17).docx,1zeoOGqb4fI9pKOrYlQnv4TfTaor1D6Um,File,application/vnd.openxmlformats-officedocument.wordprocessingml.document,"UntitledDocs (Call Notes, etc.)",https://docs.google.com/document/d/1zeoOGqb4fI9pKOrYlQnv4TfTaor1D6Um/edit?usp=drivesdk&ouid=117877075857315698786&rtpof=true&sd=true,,,Reviewed,TR-0419,Google Drive document created by mescott@treering.com. Template or reference doc. No metrics. Evidenc,
"Root/UntitledDocs (Call Notes, etc.)",Untitled document(18).docx,1Ycqrn_ahESkZN1xfc0UYCodwdE6_8Qzx,File,application/vnd.openxmlformats-officedocument.wordprocessingml.document,"UntitledDocs (Call Notes, etc.)",https://docs.google.com/document/d/1Ycqrn_ahESkZN1xfc0UYCodwdE6_8Qzx/edit?usp=drivesdk&ouid=117877075857315698786&rtpof=true&sd=true,,YES,Skipped / Archive,,Trivial/personal content; nearly empty document. Explicitly archived — no standalone career evidence or TR row needed.,Low
"Root/UntitledDocs (Call Notes, etc.)",Untitled document(20).docx,1yummTpfy4sIjgybH9y47UoLbcXiTlCXy,File,application/vnd.openxmlformats-officedocument.wordprocessingml.document,"UntitledDocs (Call Notes, etc.)",https://docs.google.com/document/d/1yummTpfy4sIjgybH9y47UoLbcXiTlCXy/edit?usp=drivesdk&ouid=117877075857315698786&rtpof=true&sd=true,,YES,Skipped / Archive,,Personal grocery list accidentally in Drive. Explicitly archived — no career evidence or TR row needed.,Low
"Root/UntitledDocs (Call Notes, etc.)",Untitled document(21).docx,1nWlpN-tMTBn67tCLJjhfGg-3UAkCUMdK,File,application/vnd.openxmlformats-officedocument.wordprocessingml.document,"UntitledDocs (Call Notes, etc.)",https://docs.google.com/document/d/1nWlpN-tMTBn67tCLJjhfGg-3UAkCUMdK/edit?usp=drivesdk&ouid=117877075857315698786&rtpof=true&sd=true,,YES,Skipped / Archive,,Personal door-code note. Explicitly archived — private/non-career material; no TR row needed.,Low
"Root/UntitledDocs (Call Notes, etc.)",Untitled document(22).docx,1e8ice6CxUPWnqBYl-eAYZTXwdXB2We8j,File,application/vnd.openxmlformats-officedocument.wordprocessingml.document,"UntitledDocs (Call Notes, etc.)",https://docs.google.com/document/d/1e8ice6CxUPWnqBYl-eAYZTXwdXB2We8j/edit?usp=drivesdk&ouid=117877075857315698786&rtpof=true&sd=true,,,Reviewed,TR-0420,Google Drive document created by mescott@treering.com. Contains structured training or reference conte,
"Root/UntitledDocs (Call Notes, etc.)",Untitled document(23).docx,10n8D4c_UXwVGVUwIS9hHB9XLqOnRnT9b,File,application/vnd.openxmlformats-officedocument.wordprocessingml.document,"UntitledDocs (Call Notes, etc.)",https://docs.google.com/document/d/10n8D4c_UXwVGVUwIS9hHB9XLqOnRnT9b/edit?usp=drivesdk&ouid=117877075857315698786&rtpof=true&sd=true,,YES,Skipped / Archive,,Single-line TreeRing tagline jot; insufficient standalone evidence. Explicitly archived rather than promoted to Coverage Tracker.,Low
"Root/UntitledDocs (Call Notes, etc.)",Untitled document(24).docx,1Eo4iI4a51Pav8Jdb5oZ226EF8vCZZGuK,File,application/vnd.openxmlformats-officedocument.wordprocessingml.document,"UntitledDocs (Call Notes, etc.)",https://docs.google.com/document/d/1Eo4iI4a51Pav8Jdb5oZ226EF8vCZZGuK/edit?usp=drivesdk&ouid=117877075857315698786&rtpof=true&sd=true,,YES,Skipped / Archive,,Personal family schedule note. Explicitly archived — no career evidence or TR row needed.,Low
"Root/UntitledDocs (Call Notes, etc.)",Untitled document(25).docx,1Ktzo7BZ_LeR3VJpBDv3yNaWFCeJ1tLV5,File,application/vnd.openxmlformats-officedocument.wordprocessingml.document,"UntitledDocs (Call Notes, etc.)",https://docs.google.com/document/d/1Ktzo7BZ_LeR3VJpBDv3yNaWFCeJ1tLV5/edit?usp=drivesdk&ouid=117877075857315698786&rtpof=true&sd=true,,,Reviewed,TR-0673,"4-line 1-on-1 agenda — end of year check-in, Bobby meeting debrief, social media policy.",High
"Root/UntitledDocs (Call Notes, etc.)",Untitled document(26).docx,1iwr_UJEjW8cyXsNghqjfQ1LxB4Tk221p,File,application/vnd.openxmlformats-officedocument.wordprocessingml.document,"UntitledDocs (Call Notes, etc.)",https://docs.google.com/document/d/1iwr_UJEjW8cyXsNghqjfQ1LxB4Tk221p/edit?usp=drivesdk&ouid=117877075857315698786&rtpof=true&sd=true,,,Reviewed,TR-0426,Google Drive document created by mescott@treering.com. Contains SDR process documentation. No direct,
"Root/UntitledDocs (Call Notes, etc.)",Untitled document(27).docx,1-y4PV4Bmn0_WEmSpspzueRuvOUwC_-VN,File,application/vnd.openxmlformats-officedocument.wordprocessingml.document,"UntitledDocs (Call Notes, etc.)",https://docs.google.com/document/d/1-y4PV4Bmn0_WEmSpspzueRuvOUwC_-VN/edit?usp=drivesdk&ouid=117877075857315698786&rtpof=true&sd=true,,,Reviewed,TR-0425,Google Drive document created by mescott@treering.com. Contains SDR process documentation. No direct,
"Root/UntitledDocs (Call Notes, etc.)",Untitled document(28).docx,1YY-qRMO60T-i3RaXh4O74TkxvuFbVuDp,File,application/vnd.openxmlformats-officedocument.wordprocessingml.document,"UntitledDocs (Call Notes, etc.)",https://docs.google.com/document/d/1YY-qRMO60T-i3RaXh4O74TkxvuFbVuDp/edit?usp=drivesdk&ouid=117877075857315698786&rtpof=true&sd=true,,,Reviewed,TR-0428,Google Drive document created by mescott@treering.com. Contains SDR process documentation. No direct,
"Root/UntitledDocs (Call Notes, etc.)",Untitled document(29).docx,1yCHc7EZQA_K_hnnxno0k3Bj3GxoEaePr,File,application/vnd.openxmlformats-officedocument.wordprocessingml.document,"UntitledDocs (Call Notes, etc.)",https://docs.google.com/document/d/1yCHc7EZQA_K_hnnxno0k3Bj3GxoEaePr/edit?usp=drivesdk&ouid=117877075857315698786&rtpof=true&sd=true,,,Reviewed,TR-0403,Google Drive document created by mescott@treering.com. Contains SDR process documentation. No direct,
"Root/UntitledDocs (Call Notes, etc.)",Untitled document(30).docx,1uruZ7nsU9wW6FzCzMxbcbqh2gCO9tyx2,File,application/vnd.openxmlformats-officedocument.wordprocessingml.document,"UntitledDocs (Call Notes, etc.)",https://docs.google.com/document/d/1uruZ7nsU9wW6FzCzMxbcbqh2gCO9tyx2/edit?usp=drivesdk&ouid=117877075857315698786&rtpof=true&sd=true,,,Reviewed,TR-0429,Google Drive document created by mescott@treering.com. Contains SDR process documentation. No direct,
"Root/UntitledDocs (Call Notes, etc.)",Untitled document(31).docx,19RiVpN4Rv4FeVW_ZZ4bIL3lj1LC9dLUH,File,application/vnd.openxmlformats-officedocument.wordprocessingml.document,"UntitledDocs (Call Notes, etc.)",https://docs.google.com/document/d/19RiVpN4Rv4FeVW_ZZ4bIL3lj1LC9dLUH/edit?usp=drivesdk&ouid=117877075857315698786&rtpof=true&sd=true,,,Reviewed,TR-0430,Google Drive document created by mescott@treering.com. Contains SDR process documentation. No direct,
"Root/UntitledDocs (Call Notes, etc.)",Untitled document(32).docx,1QpULK1kT7ohA84LLtJXQTGCf8fdGgOA6,File,application/vnd.openxmlformats-officedocument.wordprocessingml.document,"UntitledDocs (Call Notes, etc.)",https://docs.google.com/document/d/1QpULK1kT7ohA84LLtJXQTGCf8fdGgOA6/edit?usp=drivesdk&ouid=117877075857315698786&rtpof=true&sd=true,,,Reviewed,TR-0427,Google Drive document created by mescott@treering.com. Contains SDR process documentation. No direct,
"Root/UntitledDocs (Call Notes, etc.)",Untitled spreadsheet (PTA list).json,1PR5BTDury0r78mjWOjW7K-ZLZeAhBFEn,File,application/json,"UntitledDocs (Call Notes, etc.)",https://drive.google.com/file/d/1PR5BTDury0r78mjWOjW7K-ZLZeAhBFEn/view?usp=drivesdk,,YES,Skip — not reviewable,,,
"Root/UntitledDocs (Call Notes, etc.)",Untitled document(34).docx,1srMkv8_JG58Xe7PBG8H3fEc0tdxUrcDH,File,application/vnd.openxmlformats-officedocument.wordprocessingml.document,"UntitledDocs (Call Notes, etc.)",https://docs.google.com/document/d/1srMkv8_JG58Xe7PBG8H3fEc0tdxUrcDH/edit?usp=drivesdk&ouid=117877075857315698786&rtpof=true&sd=true,,YES,Skipped / Archive,,Two-line CC/content scratch note on email cadence and possible Marketing sender; real but too fragmentary for standalone TR treatment. Stronger CC sources already tracked.,Low
"Root/UntitledDocs (Call Notes, etc.)",Untitled document(35).docx,1tg2-bw36bqrn9XoWrwTI6xgxIQ880-Zm,File,application/vnd.openxmlformats-officedocument.wordprocessingml.document,"UntitledDocs (Call Notes, etc.)",https://docs.google.com/document/d/1tg2-bw36bqrn9XoWrwTI6xgxIQ880-Zm/edit?usp=drivesdk&ouid=117877075857315698786&rtpof=true&sd=true,,YES,Skipped / Archive,,"Brief CC meeting scratch note: 'Meeting is ours moving forward' plus sequence-review purpose. Useful sanity check, but too fragmentary for standalone TR row; stronger CC leadership artifacts already tracked.",Low
"Root/UntitledDocs (Call Notes, etc.)",Untitled document(36).docx,1QKYK9OwtFnJHrfY6L_vOANczCcctPEoh,File,application/vnd.openxmlformats-officedocument.wordprocessingml.document,"UntitledDocs (Call Notes, etc.)",https://docs.google.com/document/d/1QKYK9OwtFnJHrfY6L_vOANczCcctPEoh/edit?usp=drivesdk&ouid=117877075857315698786&rtpof=true&sd=true,,YES,Skipped / Archive,,Personal joke note ('Charizard used ATTACK HUG'). Explicitly archived — no career evidence or TR row needed.,Low
"Root/UntitledDocs (Call Notes, etc.)",Untitled document(37).docx,1JJ48B3Ubedm2d34geHarvC1eAZskvy7g,File,application/vnd.openxmlformats-officedocument.wordprocessingml.document,"UntitledDocs (Call Notes, etc.)",https://docs.google.com/document/d/1JJ48B3Ubedm2d34geHarvC1eAZskvy7g/edit?usp=drivesdk&ouid=117877075857315698786&rtpof=true&sd=true,,,Reviewed,TR-0432,Google Drive document created by mescott@treering.com. Contains structured training or reference conte,
"Root/UntitledDocs (Call Notes, etc.)",Untitled document(38).docx,1HW1OSJhmLWbpoVArYChdEmISTTX91RJ9,File,application/vnd.openxmlformats-officedocument.wordprocessingml.document,"UntitledDocs (Call Notes, etc.)",https://docs.google.com/document/d/1HW1OSJhmLWbpoVArYChdEmISTTX91RJ9/edit?usp=drivesdk&ouid=117877075857315698786&rtpof=true&sd=true,,,Reviewed,TR-0434,Google Drive document created by mescott@treering.com. Contains SDR process documentation. No direct,
"Root/UntitledDocs (Call Notes, etc.)",Untitled document(39).docx,1nbq4_nPXOVEE5TYpkdIzv81bIx6rjh_M,File,application/vnd.openxmlformats-officedocument.wordprocessingml.document,"UntitledDocs (Call Notes, etc.)",https://docs.google.com/document/d/1nbq4_nPXOVEE5TYpkdIzv81bIx6rjh_M/edit?usp=drivesdk&ouid=117877075857315698786&rtpof=true&sd=true,,,Reviewed,TR-0433,Google Drive document created by mescott@treering.com. Contains structured training or reference conte,
"Root/UntitledDocs (Call Notes, etc.)",Untitled document(40).docx,1DvRXLdOJ5votgNvOGDwO-Yqz45mwnLVE,File,application/vnd.openxmlformats-officedocument.wordprocessingml.document,"UntitledDocs (Call Notes, etc.)",https://docs.google.com/document/d/1DvRXLdOJ5votgNvOGDwO-Yqz45mwnLVE/edit?usp=drivesdk&ouid=117877075857315698786&rtpof=true&sd=true,,YES,Skipped / Archive,,"Three-line Outreach/CC scratch note on collections cap, dialing down inbound vs. outbound, and slow-roll content. Real but minor; not enough for standalone TR row.",Low
"Root/UntitledDocs (Call Notes, etc.)",Untitled document(41).docx,1BUwGNwR8nvlgb4CbJU6SJojnLmR76rOm,File,application/vnd.openxmlformats-officedocument.wordprocessingml.document,"UntitledDocs (Call Notes, etc.)",https://docs.google.com/document/d/1BUwGNwR8nvlgb4CbJU6SJojnLmR76rOm/edit?usp=drivesdk&ouid=117877075857315698786&rtpof=true&sd=true,,,Reviewed,TR-0436,Google Drive document created by mescott@treering.com. Contains structured training or reference conte,
"Root/UntitledDocs (Call Notes, etc.)",Untitled form.zip,1G3JciVTHRLtxOV1Y8PnFfc5d0alYUAhw,File,application/zip,"UntitledDocs (Call Notes, etc.)",https://drive.google.com/file/d/1G3JciVTHRLtxOV1Y8PnFfc5d0alYUAhw/view?usp=drivesdk,,,Reviewed,TR-0123,Google Drive document created by mescott@treering.com. Contains SDR process documentation. No direct,
"Root/UntitledDocs (Call Notes, etc.)",Untitled document(42).docx,1fPeT-qvaMeW-gTjWbSMDNeJ0u3fJRvGR,File,application/vnd.openxmlformats-officedocument.wordprocessingml.document,"UntitledDocs (Call Notes, etc.)",https://docs.google.com/document/d/1fPeT-qvaMeW-gTjWbSMDNeJ0u3fJRvGR/edit?usp=drivesdk&ouid=117877075857315698786&rtpof=true&sd=true,,YES,Skipped / Archive,,Empty document. Explicitly archived — no TR row needed.,Low
"Root/UntitledDocs (Call Notes, etc.)",Untitled document(43).docx,130DiNzI8YtwrNjYN1j37uztWQV-OrgL4,File,application/vnd.openxmlformats-officedocument.wordprocessingml.document,"UntitledDocs (Call Notes, etc.)",https://docs.google.com/document/d/130DiNzI8YtwrNjYN1j37uztWQV-OrgL4/edit?usp=drivesdk&ouid=117877075857315698786&rtpof=true&sd=true,,YES,Skipped / Archive,,"Brief competitor note on Walsworth: expensive, weak customer service/support/ideas, no live pictures. Summary corrected; too small for standalone TR row.",Low
"Root/UntitledDocs (Call Notes, etc.)",Untitled document(44).docx,1LzL_jufRLScuNsMDDXfcDgJ1ASq5kTyO,File,application/vnd.openxmlformats-officedocument.wordprocessingml.document,"UntitledDocs (Call Notes, etc.)",https://docs.google.com/document/d/1LzL_jufRLScuNsMDDXfcDgJ1ASq5kTyO/edit?usp=drivesdk&ouid=117877075857315698786&rtpof=true&sd=true,,,Reviewed,TR-0437,Google Drive document created by mescott@treering.com. Contains SDR process documentation. No direct,
"Root/UntitledDocs (Call Notes, etc.)",Untitled document(45).docx,15Y-7ZcNTn3HWQk787QIAU37WF4AcNEHo,File,application/vnd.openxmlformats-officedocument.wordprocessingml.document,"UntitledDocs (Call Notes, etc.)",https://docs.google.com/document/d/15Y-7ZcNTn3HWQk787QIAU37WF4AcNEHo/edit?usp=drivesdk&ouid=117877075857315698786&rtpof=true&sd=true,,,Reviewed,TR-0507,"COVID-era TreeRing pitch paragraph Morgan wrote; no-contract, ship-to-home, custom pages positioning",High
"Root/UntitledDocs (Call Notes, etc.)",Untitled document(46).docx,1G4bGAEj6GkJo3AU1FvzZl1xteIn60SPx,File,application/vnd.openxmlformats-officedocument.wordprocessingml.document,"UntitledDocs (Call Notes, etc.)",https://docs.google.com/document/d/1G4bGAEj6GkJo3AU1FvzZl1xteIn60SPx/edit?usp=drivesdk&ouid=117877075857315698786&rtpof=true&sd=true,,,Reviewed,TR-0438,Google Drive document created by mescott@treering.com. Contains SDR process documentation. No direct,
"Root/UntitledDocs (Call Notes, etc.)",Untitled document(47).docx,1c-HqUYHDG5fHiscNOnUuNlm8S226rug_,File,application/vnd.openxmlformats-officedocument.wordprocessingml.document,"UntitledDocs (Call Notes, etc.)",https://docs.google.com/document/d/1c-HqUYHDG5fHiscNOnUuNlm8S226rug_/edit?usp=drivesdk&ouid=117877075857315698786&rtpof=true&sd=true,,,Reviewed,TR-0508,Sequence management scratch note; 3 lines only,High
"Root/UntitledDocs (Call Notes, etc.)",Untitled document(48).docx,1sb5KXn5lZ2IVuvH8gq6BYT8PLYLD-NLt,File,application/vnd.openxmlformats-officedocument.wordprocessingml.document,"UntitledDocs (Call Notes, etc.)",https://docs.google.com/document/d/1sb5KXn5lZ2IVuvH8gq6BYT8PLYLD-NLt/edit?usp=drivesdk&ouid=117877075857315698786&rtpof=true&sd=true,,,Reviewed,TR-0439,Google Drive document created by mescott@treering.com. Contains SDR process documentation. No direct,
"Root/UntitledDocs (Call Notes, etc.)",Untitled document(49).docx,1y4rV4VWUFwQwTzJQzRD9lTZ8qBz7D45M,File,application/vnd.openxmlformats-officedocument.wordprocessingml.document,"UntitledDocs (Call Notes, etc.)",https://docs.google.com/document/d/1y4rV4VWUFwQwTzJQzRD9lTZ8qBz7D45M/edit?usp=drivesdk&ouid=117877075857315698786&rtpof=true&sd=true,,YES,Skipped / Archive,,Brief onboarding scratch agenda for Kaelyn covering sequence orientation and softer B2B customization guidance. Summary corrected; corroborative but too minor for standalone TR row.,Low
"Root/UntitledDocs (Call Notes, etc.)",Untitled document(50).docx,1B1Bja2O9vJzQTeXVvfeEsO81CPJ77Gz5,File,application/vnd.openxmlformats-officedocument.wordprocessingml.document,"UntitledDocs (Call Notes, etc.)",https://docs.google.com/document/d/1B1Bja2O9vJzQTeXVvfeEsO81CPJ77Gz5/edit?usp=drivesdk&ouid=117877075857315698786&rtpof=true&sd=true,,,Reviewed,TR-0441,Google Drive document created by mescott@treering.com. Contains SDR process documentation. No direct,
"Root/UntitledDocs (Call Notes, etc.)",Untitled document(51).docx,1g1H2vNQerj62Jf2EgHGkSs5dT-MsUITb,File,application/vnd.openxmlformats-officedocument.wordprocessingml.document,"UntitledDocs (Call Notes, etc.)",https://docs.google.com/document/d/1g1H2vNQerj62Jf2EgHGkSs5dT-MsUITb/edit?usp=drivesdk&ouid=117877075857315698786&rtpof=true&sd=true,,YES,Skipped / Archive,,"Competitor research note on Maine Connections Academy yearbook/personal-pages positioning. Interesting context, but not Morgan career evidence; archived without TR promotion.",Low
"Root/UntitledDocs (Call Notes, etc.)",Untitled document(52).docx,1_vTB9eom_HmuGyd18SGwIHnvIpEdmEUQ,File,application/vnd.openxmlformats-officedocument.wordprocessingml.document,"UntitledDocs (Call Notes, etc.)",https://docs.google.com/document/d/1_vTB9eom_HmuGyd18SGwIHnvIpEdmEUQ/edit?usp=drivesdk&ouid=117877075857315698786&rtpof=true&sd=true,,,Reviewed,TR-0442,"Short empathetic re-approach email for principal; variables for sender name; TreeRing mention, customers raised millions in fundraising",
"Root/UntitledDocs (Call Notes, etc.)",Untitled document(53).docx,15Sy5A9L637OobGh0U9tjIo0weN9HARne,File,application/vnd.openxmlformats-officedocument.wordprocessingml.document,"UntitledDocs (Call Notes, etc.)",https://docs.google.com/document/d/15Sy5A9L637OobGh0U9tjIo0weN9HARne/edit?usp=drivesdk&ouid=117877075857315698786&rtpof=true&sd=true,,,Reviewed,TR-0512,"SDR candidate interview: PTA mom, former customer, professor/publisher, taught emails, Alaska, CRM-familiar",High
"Root/UntitledDocs (Call Notes, etc.)",Untitled document(54).docx,1Ief7JtNrqrFtgqoufsqCWwTPH13FrMDm,File,application/vnd.openxmlformats-officedocument.wordprocessingml.document,"UntitledDocs (Call Notes, etc.)",https://docs.google.com/document/d/1Ief7JtNrqrFtgqoufsqCWwTPH13FrMDm/edit?usp=drivesdk&ouid=117877075857315698786&rtpof=true&sd=true,,,Reviewed,TR-0440,Google Drive document created by mescott@treering.com. Contains structured training or reference conte,
"Root/UntitledDocs (Call Notes, etc.)",Untitled document(55).docx,1luZwftAtOwvd2klz8yyBxf-HexH9JxSH,File,application/vnd.openxmlformats-officedocument.wordprocessingml.document,"UntitledDocs (Call Notes, etc.)",https://docs.google.com/document/d/1luZwftAtOwvd2klz8yyBxf-HexH9JxSH/edit?usp=drivesdk&ouid=117877075857315698786&rtpof=true&sd=true,,,Reviewed,TR-0510,Principal re-approach email templates: selection process probe + contract timing probe,High
"Root/UntitledDocs (Call Notes, etc.)",Untitled document(56).docx,1f_eNbP24Os1tJsNJJ4p1Q22abSKZoY4S,File,application/vnd.openxmlformats-officedocument.wordprocessingml.document,"UntitledDocs (Call Notes, etc.)",https://docs.google.com/document/d/1f_eNbP24Os1tJsNJJ4p1Q22abSKZoY4S/edit?usp=drivesdk&ouid=117877075857315698786&rtpof=true&sd=true,,,Reviewed,TR-0511,"Product feature requests: page lock, marking done, page assignments",High
"Root/UntitledDocs (Call Notes, etc.)",Untitled document.docx,1XWR1_K5S4R5AaHauBNn-QYTkX2iq69FK,File,application/vnd.openxmlformats-officedocument.wordprocessingml.document,"UntitledDocs (Call Notes, etc.)",https://docs.google.com/document/d/1XWR1_K5S4R5AaHauBNn-QYTkX2iq69FK/edit?usp=drivesdk&ouid=117877075857315698786&rtpof=true&sd=true,Yes,,Duplicate — defer,,,
"Root/UntitledDocs (Call Notes, etc.)",Untitled document.docx,1jctvLLF2zosHNMtPXNlNjnZbXqbD4ExI,File,application/vnd.openxmlformats-officedocument.wordprocessingml.document,"UntitledDocs (Call Notes, etc.)",https://docs.google.com/document/d/1jctvLLF2zosHNMtPXNlNjnZbXqbD4ExI/edit?usp=drivesdk&ouid=117877075857315698786&rtpof=true&sd=true,,,Reviewed,TR-0443,"500-student school, currently Jostens Memory Book/65 pages; switching due to software UX issues; fundraiser (Dollars for Scholars)",
"Root/UntitledDocs (Call Notes, etc.)",Untitled document(1).docx,1_a-F2FyxqcUUXEX5WfXVJAUTQFpmJXwL,File,application/vnd.openxmlformats-officedocument.wordprocessingml.document,"UntitledDocs (Call Notes, etc.)",https://docs.google.com/document/d/1_a-F2FyxqcUUXEX5WfXVJAUTQFpmJXwL/edit?usp=drivesdk&ouid=117877075857315698786&rtpof=true&sd=true,Yes,,Duplicate — defer,,,
"Root/UntitledDocs (Call Notes, etc.)",Untitled document(1).docx,1e3rDi6I67Pq82ImW1LV_IiS5Z_6qWs8D,File,application/vnd.openxmlformats-officedocument.wordprocessingml.document,"UntitledDocs (Call Notes, etc.)",https://docs.google.com/document/d/1e3rDi6I67Pq82ImW1LV_IiS5Z_6qWs8D/edit?usp=drivesdk&ouid=117877075857315698786&rtpof=true&sd=true,,,Reviewed,TR-0491,"Demo call notes (Ansley/TJ): 507 books, Greenville SC, liked custom pages, decision by June 5",High
"Root/UntitledDocs (Call Notes, etc.)",Untitled document(2).docx,1fBjciNcROAFM17RO-JzNV-FiFRAhyykc,File,application/vnd.openxmlformats-officedocument.wordprocessingml.document,"UntitledDocs (Call Notes, etc.)",https://docs.google.com/document/d/1fBjciNcROAFM17RO-JzNV-FiFRAhyykc/edit?usp=drivesdk&ouid=117877075857315698786&rtpof=true&sd=true,Yes,,Duplicate — defer,,,
"Root/UntitledDocs (Call Notes, etc.)",Untitled document(2).docx,1wVOAe5YJP6qbuDCH3NBGNzQ5V8kosByg,File,application/vnd.openxmlformats-officedocument.wordprocessingml.document,"UntitledDocs (Call Notes, etc.)",https://docs.google.com/document/d/1wVOAe5YJP6qbuDCH3NBGNzQ5V8kosByg/edit?usp=drivesdk&ouid=117877075857315698786&rtpof=true&sd=true,,,Reviewed,TR-0492,"Demo notes (Forsyth Online/Kris): ~300 books, $20 hardcover, eco-fit, decision within week",High
"Root/UntitledDocs (Call Notes, etc.)",Untitled document(3).docx,1NRh_RZG-HRkQ_IL-2eu7OmUl6WRGILFP,File,application/vnd.openxmlformats-officedocument.wordprocessingml.document,"UntitledDocs (Call Notes, etc.)",https://docs.google.com/document/d/1NRh_RZG-HRkQ_IL-2eu7OmUl6WRGILFP/edit?usp=drivesdk&ouid=117877075857315698786&rtpof=true&sd=true,Yes,,Duplicate — defer,,,
"Root/UntitledDocs (Call Notes, etc.)",Untitled document(3).docx,1dtTK3_bvEbeZYIBlK47U1PQGqwDQ8DW_,File,application/vnd.openxmlformats-officedocument.wordprocessingml.document,"UntitledDocs (Call Notes, etc.)",https://docs.google.com/document/d/1dtTK3_bvEbeZYIBlK47U1PQGqwDQ8DW_/edit?usp=drivesdk&ouid=117877075857315698786&rtpof=true&sd=true,,,Reviewed,TR-0493,"Demo notes (San Jose/Kris): 390 books, 'It's how it should be!' vs. old software; $18.34 quoted",High
"Root/UntitledDocs (Call Notes, etc.)",Untitled document(4).docx,1ObkW63dwiQuEmO4KLf6ybQpKUWdg1rw0,File,application/vnd.openxmlformats-officedocument.wordprocessingml.document,"UntitledDocs (Call Notes, etc.)",https://docs.google.com/document/d/1ObkW63dwiQuEmO4KLf6ybQpKUWdg1rw0/edit?usp=drivesdk&ouid=117877075857315698786&rtpof=true&sd=true,Yes,,Duplicate — defer,,,
"Root/UntitledDocs (Call Notes, etc.)",Untitled document(4).docx,1e89LWZ28o0w7-3lK-LR2ZFhSPj0l9jl7,File,application/vnd.openxmlformats-officedocument.wordprocessingml.document,"UntitledDocs (Call Notes, etc.)",https://docs.google.com/document/d/1e89LWZ28o0w7-3lK-LR2ZFhSPj0l9jl7/edit?usp=drivesdk&ouid=117877075857315698786&rtpof=true&sd=true,,,Reviewed,TR-0513,Demo notes K-8/Kris; liked align/page ease; Morgan confirmed sample; trial account set up,High
"Root/UntitledDocs (Call Notes, etc.)",Untitled document(5).docx,1B_Lyg1XA09odbI5SxWljOqS950jrZ7VN,File,application/vnd.openxmlformats-officedocument.wordprocessingml.document,"UntitledDocs (Call Notes, etc.)",https://docs.google.com/document/d/1B_Lyg1XA09odbI5SxWljOqS950jrZ7VN/edit?usp=drivesdk&ouid=117877075857315698786&rtpof=true&sd=true,Yes,,Duplicate — defer,,,
"Root/UntitledDocs (Call Notes, etc.)",Untitled document(5).docx,1sLUfR2kGmZ_XJqUKzYOZvBvmBAXJIrdD,File,application/vnd.openxmlformats-officedocument.wordprocessingml.document,"UntitledDocs (Call Notes, etc.)",https://docs.google.com/document/d/1sLUfR2kGmZ_XJqUKzYOZvBvmBAXJIrdD/edit?usp=drivesdk&ouid=117877075857315698786&rtpof=true&sd=true,,,Reviewed,TR-0494,"Demo notes (Shilpa/Kristie): 476 books, 'sales and design in one place = LOT easier'; $20 quoted",High
"Root/UntitledDocs (Call Notes, etc.)",Untitled document(6).docx,1H2vtlaH-B-ximEJy7NTUllHb9aLEXY4z,File,application/vnd.openxmlformats-officedocument.wordprocessingml.document,"UntitledDocs (Call Notes, etc.)",https://docs.google.com/document/d/1H2vtlaH-B-ximEJy7NTUllHb9aLEXY4z/edit?usp=drivesdk&ouid=117877075857315698786&rtpof=true&sd=true,Yes,,Duplicate — defer,,,
"Root/UntitledDocs (Call Notes, etc.)",Untitled document(6).docx,1VWKa3aDuFsCHdFraq8fMbAOgR00ctgq9,File,application/vnd.openxmlformats-officedocument.wordprocessingml.document,"UntitledDocs (Call Notes, etc.)",https://docs.google.com/document/d/1VWKa3aDuFsCHdFraq8fMbAOgR00ctgq9/edit?usp=drivesdk&ouid=117877075857315698786&rtpof=true&sd=true,,,Reviewed,TR-0495,Morgan's own qual call with Jennifer (vs. Jostens); 'wow' at pricing; demo booked; sample sent,High
"Root/UntitledDocs (Call Notes, etc.)",Untitled document(7).docx,1I0CkH0q43geSjWP_rAkl2yPv3lLXZwWR,File,application/vnd.openxmlformats-officedocument.wordprocessingml.document,"UntitledDocs (Call Notes, etc.)",https://docs.google.com/document/d/1I0CkH0q43geSjWP_rAkl2yPv3lLXZwWR/edit?usp=drivesdk&ouid=117877075857315698786&rtpof=true&sd=true,Yes,,Duplicate — defer,,,
"Root/UntitledDocs (Call Notes, etc.)",Untitled document(7).docx,1U25soeQk4bOBtAL5sTWnpQtgVoA0YVNq,File,application/vnd.openxmlformats-officedocument.wordprocessingml.document,"UntitledDocs (Call Notes, etc.)",https://docs.google.com/document/d/1U25soeQk4bOBtAL5sTWnpQtgVoA0YVNq/edit?usp=drivesdk&ouid=117877075857315698786&rtpof=true&sd=true,,,Reviewed,TR-0496,"Qual call notes (Herff Jones, 700 students): HJ clunky/web-only/6-8wk turnaround; demo booked Mon 11am",High
"Root/UntitledDocs (Call Notes, etc.)",Untitled document(8).docx,14ii9f1Oln6lZZShLxGjYrkI9_gRhORDN,File,application/vnd.openxmlformats-officedocument.wordprocessingml.document,"UntitledDocs (Call Notes, etc.)",https://docs.google.com/document/d/14ii9f1Oln6lZZShLxGjYrkI9_gRhORDN/edit?usp=drivesdk&ouid=117877075857315698786&rtpof=true&sd=true,Yes,,Duplicate — defer,,,
"Root/UntitledDocs (Call Notes, etc.)",Untitled document(8).docx,1q1ohNM70j8OwzJx4Ab_6Fy6_BjhAdB_E,File,application/vnd.openxmlformats-officedocument.wordprocessingml.document,"UntitledDocs (Call Notes, etc.)",https://docs.google.com/document/d/1q1ohNM70j8OwzJx4Ab_6Fy6_BjhAdB_E/edit?usp=drivesdk&ouid=117877075857315698786&rtpof=true&sd=true,,,Reviewed,TR-0497,"Morgan's qual call with Bobby present; K-8 360 students; demo May 15; pain points: contracts, leftovers, moderator succession",High
"Root/UntitledDocs (Call Notes, etc.)",Untitled document(9).docx,1Rtaj1qFNNac8-RAJEAAf8In85WgVlecG,File,application/vnd.openxmlformats-officedocument.wordprocessingml.document,"UntitledDocs (Call Notes, etc.)",https://docs.google.com/document/d/1Rtaj1qFNNac8-RAJEAAf8In85WgVlecG/edit?usp=drivesdk&ouid=117877075857315698786&rtpof=true&sd=true,Yes,,Duplicate — defer,,,
"Root/UntitledDocs (Call Notes, etc.)",Untitled document(9).docx,1dlIqcpVB92gtvBJePD8Y83CSxI5Sysiu,File,application/vnd.openxmlformats-officedocument.wordprocessingml.document,"UntitledDocs (Call Notes, etc.)",https://docs.google.com/document/d/1dlIqcpVB92gtvBJePD8Y83CSxI5Sysiu/edit?usp=drivesdk&ouid=117877075857315698786&rtpof=true&sd=true,,,Reviewed,TR-0514,"Pictavo demo; 'game-changer', 'Oh my god so easy!', 'Wow that's fast'; 1100 kids 760 books $40-50",High
"Root/UntitledDocs (Call Notes, etc.)",Untitled document(10).docx,13Ab92_xiyRdsHN34v_aTV0xdMd6RBOlM,File,application/vnd.openxmlformats-officedocument.wordprocessingml.document,"UntitledDocs (Call Notes, etc.)",https://docs.google.com/document/d/13Ab92_xiyRdsHN34v_aTV0xdMd6RBOlM/edit?usp=drivesdk&ouid=117877075857315698786&rtpof=true&sd=true,Yes,,Duplicate — defer,,,
"Root/UntitledDocs (Call Notes, etc.)",Untitled document(10).docx,1JVZ5ikH9LFSVFeS78mhaTZ4XrCFyhFC4,File,application/vnd.openxmlformats-officedocument.wordprocessingml.document,"UntitledDocs (Call Notes, etc.)",https://docs.google.com/document/d/1JVZ5ikH9LFSVFeS78mhaTZ4XrCFyhFC4/edit?usp=drivesdk&ouid=117877075857315698786&rtpof=true&sd=true,,,Reviewed,TR-0498,"Demo notes (Balfour/TJ): $53 Balfour vs $44.31 TreeRing; 'Awesome, can you send that?'; not signed for next year",High
"Root/UntitledDocs (Call Notes, etc.)",Untitled document(11).docx,1kSa3wZkbep5P5ApRCl2sW2EMyXdCJ0oW,File,application/vnd.openxmlformats-officedocument.wordprocessingml.document,"UntitledDocs (Call Notes, etc.)",https://docs.google.com/document/d/1kSa3wZkbep5P5ApRCl2sW2EMyXdCJ0oW/edit?usp=drivesdk&ouid=117877075857315698786&rtpof=true&sd=true,,,Reviewed,TR-0499,Detailed Jostens call notes; confidential shredding of leftovers; cover winner didn't get a book; $30 price matched,High
"Root/UntitledDocs (Call Notes, etc.)",Untitled document(12).docx,1OghdkBP8DV031ML8agFqdwPITwmVbJpN,File,application/vnd.openxmlformats-officedocument.wordprocessingml.document,"UntitledDocs (Call Notes, etc.)",https://docs.google.com/document/d/1OghdkBP8DV031ML8agFqdwPITwmVbJpN/edit?usp=drivesdk&ouid=117877075857315698786&rtpof=true&sd=true,,,Reviewed,TR-0500,DEAL CLOSED: Margaret/TJ demo; 240 books; TJ set up account during call; June 10 delivery; Morgan observed,High
"Root/UntitledDocs (Call Notes, etc.)",Untitled document(13).docx,1Qo7P-1wmxF2Om5GrY49MveYUwfexzGOl,File,application/vnd.openxmlformats-officedocument.wordprocessingml.document,"UntitledDocs (Call Notes, etc.)",https://docs.google.com/document/d/1Qo7P-1wmxF2Om5GrY49MveYUwfexzGOl/edit?usp=drivesdk&ouid=117877075857315698786&rtpof=true&sd=true,,,Reviewed,TR-0506,DEAL CLOSED (Lisa/Kris): supplement $7.99 + 19-20 opp created; 'Can't do it anymore with Jostens',High
"Root/UntitledDocs (Call Notes, etc.)",Untitled document(14).docx,10Q07kDieK5_JyxwpcxAjZp5oJUWvqzO2,File,application/vnd.openxmlformats-officedocument.wordprocessingml.document,"UntitledDocs (Call Notes, etc.)",https://docs.google.com/document/d/10Q07kDieK5_JyxwpcxAjZp5oJUWvqzO2/edit?usp=drivesdk&ouid=117877075857315698786&rtpof=true&sd=true,,,Reviewed,TR-0766,"TJ-led demo notes for ~800-student school: 418 books sold online / 425 ordered, relief at no minimums and after-deadline ordering, 64-page pricing quoted, fundraising potential discussed.",High
"Root/UntitledDocs (Call Notes, etc.)",Untitled document(15).docx,1g9hEuPMTNd71WSurD7x_MTbt_2FQuErp,File,application/vnd.openxmlformats-officedocument.wordprocessingml.document,"UntitledDocs (Call Notes, etc.)",https://docs.google.com/document/d/1g9hEuPMTNd71WSurD7x_MTbt_2FQuErp/edit?usp=drivesdk&ouid=117877075857315698786&rtpof=true&sd=true,,,Reviewed,TR-0509,"Salesforce data quality analysis: old accounts, missing fields, duplicates, app-SF sync gap; precursor to CRM scrub rounds",High
"Root/UntitledDocs (Call Notes, etc.)",Untitled document(16).docx,1Y0jjCVYVzxmjx2yVKnEna5izmyI3gCzr,File,application/vnd.openxmlformats-officedocument.wordprocessingml.document,"UntitledDocs (Call Notes, etc.)",https://docs.google.com/document/d/1Y0jjCVYVzxmjx2yVKnEna5izmyI3gCzr/edit?usp=drivesdk&ouid=117877075857315698786&rtpof=true&sd=true,,,Reviewed,TR-0501,Empty document,High
"Root/UntitledDocs (Call Notes, etc.)",Untitled document(17).docx,1XMT0xjnBpHErmZUR0HZvLQOQrGBu56fp,File,application/vnd.openxmlformats-officedocument.wordprocessingml.document,"UntitledDocs (Call Notes, etc.)",https://docs.google.com/document/d/1XMT0xjnBpHErmZUR0HZvLQOQrGBu56fp/edit?usp=drivesdk&ouid=117877075857315698786&rtpof=true&sd=true,,,Reviewed,TR-0505,Demo notes (Heather/Kristie); PTO took over from school; Jostens in the red; $19 quoted,High
"Root/UntitledDocs (Call Notes, etc.)",Untitled document(18).docx,1Wf5C0-mn8liwce5ZwKmb4i-6CVBowMY9,File,application/vnd.openxmlformats-officedocument.wordprocessingml.document,"UntitledDocs (Call Notes, etc.)",https://docs.google.com/document/d/1Wf5C0-mn8liwce5ZwKmb4i-6CVBowMY9/edit?usp=drivesdk&ouid=117877075857315698786&rtpof=true&sd=true,,,Reviewed,TR-0502,Demo notes (Brittney/Kris); prospect: 'Morgan answered a lot of my questions the other day!'; trial set up,High
"Root/UntitledDocs (Call Notes, etc.)",Untitled document(19).docx,1dSTsXD8eopDIpeVsRZTg9kEwhOXGCCv1,File,application/vnd.openxmlformats-officedocument.wordprocessingml.document,"UntitledDocs (Call Notes, etc.)",https://docs.google.com/document/d/1dSTsXD8eopDIpeVsRZTg9kEwhOXGCCv1/edit?usp=drivesdk&ouid=117877075857315698786&rtpof=true&sd=true,,,Reviewed,TR-0503,DEAL CLOSED: Watsonville High/Kristie; 'That would be great!!'; account set up via email,High
"Root/UntitledDocs (Call Notes, etc.)",Untitled document(20).docx,18A_mqTn4WDteEhLwM_r-LHnWM1v9mzfF,File,application/vnd.openxmlformats-officedocument.wordprocessingml.document,"UntitledDocs (Call Notes, etc.)",https://docs.google.com/document/d/18A_mqTn4WDteEhLwM_r-LHnWM1v9mzfF/edit?usp=drivesdk&ouid=117877075857315698786&rtpof=true&sd=true,Yes,,Duplicate — defer,,,
"Root/UntitledDocs (Call Notes, etc.)",Untitled document(20).docx,1QlbfdpWGwCjMqdFVJogHhLgb4fB2zK9l,File,application/vnd.openxmlformats-officedocument.wordprocessingml.document,"UntitledDocs (Call Notes, etc.)",https://docs.google.com/document/d/1QlbfdpWGwCjMqdFVJogHhLgb4fB2zK9l/edit?usp=drivesdk&ouid=117877075857315698786&rtpof=true&sd=true,,,Reviewed,TR-0504,Morgan's own qual call; Google Drive school; detailed pitch notes; reference + demo booked for advisor,High
"Root/UntitledDocs (Call Notes, etc.)",Untitled document(21).docx,1BcwLm3py78DEU2yJ8G_0p_gH50L1Ty6C,File,application/vnd.openxmlformats-officedocument.wordprocessingml.document,"UntitledDocs (Call Notes, etc.)",https://docs.google.com/document/d/1BcwLm3py78DEU2yJ8G_0p_gH50L1Ty6C/edit?usp=drivesdk&ouid=117877075857315698786&rtpof=true&sd=true,Yes,,Duplicate — defer,,,
"Root/UntitledDocs (Call Notes, etc.)",Untitled document(21).docx,1cr9jnqOolqjcXw0YVfKXqAqMGygNq6UX,File,application/vnd.openxmlformats-officedocument.wordprocessingml.document,"UntitledDocs (Call Notes, etc.)",https://docs.google.com/document/d/1cr9jnqOolqjcXw0YVfKXqAqMGygNq6UX/edit?usp=drivesdk&ouid=117877075857315698786&rtpof=true&sd=true,,,Reviewed,TR-0515,DEAL CLOSED (1600-student school): 150 pages $50 ($7.21/book); Google form anecdote; Morgan coordinating Slack,High
"Root/UntitledDocs (Call Notes, etc.)",Untitled document(22).docx,1D-ZOU-EW7H-gn9xGsaK3QIS2FJd1SdGf,File,application/vnd.openxmlformats-officedocument.wordprocessingml.document,"UntitledDocs (Call Notes, etc.)",https://docs.google.com/document/d/1D-ZOU-EW7H-gn9xGsaK3QIS2FJd1SdGf/edit?usp=drivesdk&ouid=117877075857315698786&rtpof=true&sd=true,Yes,,Duplicate — defer,,,
"Root/UntitledDocs (Call Notes, etc.)",Untitled document(22).docx,1QUu_jr_iS-29ZV6c9jc2cG5D-TA2mJMl,File,application/vnd.openxmlformats-officedocument.wordprocessingml.document,"UntitledDocs (Call Notes, etc.)",https://docs.google.com/document/d/1QUu_jr_iS-29ZV6c9jc2cG5D-TA2mJMl/edit?usp=drivesdk&ouid=117877075857315698786&rtpof=true&sd=true,,,Reviewed,TR-0516,"DEAL CLOSED (small school): $11.86→$15; referral code; 'I do, I do'",High
"Root/UntitledDocs (Call Notes, etc.)",Untitled document(23).docx,1XVPgGjXnIMLzGu65SkhEln30NLt9HB4F,File,application/vnd.openxmlformats-officedocument.wordprocessingml.document,"UntitledDocs (Call Notes, etc.)",https://docs.google.com/document/d/1XVPgGjXnIMLzGu65SkhEln30NLt9HB4F/edit?usp=drivesdk&ouid=117877075857315698786&rtpof=true&sd=true,Yes,,Duplicate — defer,,,
"Root/UntitledDocs (Call Notes, etc.)",Untitled document(23).docx,1mNoslkDfrtDrFpDXOi57KCqt0B6CfILh,File,application/vnd.openxmlformats-officedocument.wordprocessingml.document,"UntitledDocs (Call Notes, etc.)",https://docs.google.com/document/d/1mNoslkDfrtDrFpDXOi57KCqt0B6CfILh/edit?usp=drivesdk&ouid=117877075857315698786&rtpof=true&sd=true,,,Reviewed,TR-0517,DEAL CLOSED (PreK-6 new yearbook): 40 pages $18→$20; tiered pricing; 'definitely want to move forward',High
"Root/UntitledDocs (Call Notes, etc.)",Untitled document(24).docx,14OHNAOkHqyPg76mm7nQBIMsLgFwpZoeq,File,application/vnd.openxmlformats-officedocument.wordprocessingml.document,"UntitledDocs (Call Notes, etc.)",https://docs.google.com/document/d/14OHNAOkHqyPg76mm7nQBIMsLgFwpZoeq/edit?usp=drivesdk&ouid=117877075857315698786&rtpof=true&sd=true,Yes,,Duplicate — defer,,,
"Root/UntitledDocs (Call Notes, etc.)",Untitled document(24).docx,1Bn4U5mwL9aCSu2D7DhWnrk-oKguwQf_m,File,application/vnd.openxmlformats-officedocument.wordprocessingml.document,"UntitledDocs (Call Notes, etc.)",https://docs.google.com/document/d/1Bn4U5mwL9aCSu2D7DhWnrk-oKguwQf_m/edit?usp=drivesdk&ouid=117877075857315698786&rtpof=true&sd=true,,,Reviewed,TR-0518,"Morgan's own qual call (Kayla, no yearbook): 'WOW that's not bad at all' at $13.23; demo booked",High
"Root/UntitledDocs (Call Notes, etc.)",Untitled document(25).docx,10xQMrijnBptaXwLMVeSWgrUG9FdbMeCZ,File,application/vnd.openxmlformats-officedocument.wordprocessingml.document,"UntitledDocs (Call Notes, etc.)",https://docs.google.com/document/d/10xQMrijnBptaXwLMVeSWgrUG9FdbMeCZ/edit?usp=drivesdk&ouid=117877075857315698786&rtpof=true&sd=true,Yes,,Duplicate — defer,,,
"Root/UntitledDocs (Call Notes, etc.)",Untitled document(25).docx,1sDAVW3xh6qDqMe6liNF1E9lmx2akgtvP,File,application/vnd.openxmlformats-officedocument.wordprocessingml.document,"UntitledDocs (Call Notes, etc.)",https://docs.google.com/document/d/1sDAVW3xh6qDqMe6liNF1E9lmx2akgtvP/edit?usp=drivesdk&ouid=117877075857315698786&rtpof=true&sd=true,,,Reviewed,TR-0519,Demo notes (HJ/TJ): school in debt from HJ; $21 HJ vs $23.85 TR; 'HJ charges for everything!'; no contract signed,High
"Root/UntitledDocs (Call Notes, etc.)",Untitled document(26).docx,10NfpsiuCRQpV_cYocVRWXjwX6NZx4gge,File,application/vnd.openxmlformats-officedocument.wordprocessingml.document,"UntitledDocs (Call Notes, etc.)",https://docs.google.com/document/d/10NfpsiuCRQpV_cYocVRWXjwX6NZx4gge/edit?usp=drivesdk&ouid=117877075857315698786&rtpof=true&sd=true,Yes,,Duplicate — defer,,,
"Root/UntitledDocs (Call Notes, etc.)",Untitled document(26).docx,11U7cJlB9q3xToq9r957DOQug69OBKPlO,File,application/vnd.openxmlformats-officedocument.wordprocessingml.document,"UntitledDocs (Call Notes, etc.)",https://docs.google.com/document/d/11U7cJlB9q3xToq9r957DOQug69OBKPlO/edit?usp=drivesdk&ouid=117877075857315698786&rtpof=true&sd=true,,,Reviewed,TR-0520,DEAL CLOSED: 2-campus ex-Lifetouch; rep left = no contract; 200-275 books/campus; 'ready to play',High
"Root/UntitledDocs (Call Notes, etc.)",Untitled document(27).docx,12lAUNYx1DFSAVt_DtzewkXUwgulSyFoX,File,application/vnd.openxmlformats-officedocument.wordprocessingml.document,"UntitledDocs (Call Notes, etc.)",https://docs.google.com/document/d/12lAUNYx1DFSAVt_DtzewkXUwgulSyFoX/edit?usp=drivesdk&ouid=117877075857315698786&rtpof=true&sd=true,Yes,,Duplicate — defer,,,
"Root/UntitledDocs (Call Notes, etc.)",Untitled document(27).docx,1XeSdhl4Ts_UftL8OYQysSsMrvr9WKkfX,File,application/vnd.openxmlformats-officedocument.wordprocessingml.document,"UntitledDocs (Call Notes, etc.)",https://docs.google.com/document/d/1XeSdhl4Ts_UftL8OYQysSsMrvr9WKkfX/edit?usp=drivesdk&ouid=117877075857315698786&rtpof=true&sd=true,,,Reviewed,TR-0521,Demo notes (Pictavo/Kristie); in-contract; 'more student-friendly' quote; 450 students 315 books,High
"Root/UntitledDocs (Call Notes, etc.)",Untitled document(28).docx,1EmpIYJuW92VFfx2HcxfZezJq7aK-UtH0,File,application/vnd.openxmlformats-officedocument.wordprocessingml.document,"UntitledDocs (Call Notes, etc.)",https://docs.google.com/document/d/1EmpIYJuW92VFfx2HcxfZezJq7aK-UtH0/edit?usp=drivesdk&ouid=117877075857315698786&rtpof=true&sd=true,Yes,,Duplicate — defer,,,
"Root/UntitledDocs (Call Notes, etc.)",Untitled document(28).docx,1gLTzCziet9l1Ll9pOw4yPpOLbgqPWVU5,File,application/vnd.openxmlformats-officedocument.wordprocessingml.document,"UntitledDocs (Call Notes, etc.)",https://docs.google.com/document/d/1gLTzCziet9l1Ll9pOw4yPpOLbgqPWVU5/edit?usp=drivesdk&ouid=117877075857315698786&rtpof=true&sd=true,,,Reviewed,TR-0522,Ninja merge': Morgan silently conferenced TJ in; Mr. Rosenberg 13yr solo; 150 online sales; trial account,High
"Root/UntitledDocs (Call Notes, etc.)",Untitled document(29).docx,1_16D8CFcfH9NsoFU1es8eXhVDnDpukCJ,File,application/vnd.openxmlformats-officedocument.wordprocessingml.document,"UntitledDocs (Call Notes, etc.)",https://docs.google.com/document/d/1_16D8CFcfH9NsoFU1es8eXhVDnDpukCJ/edit?usp=drivesdk&ouid=117877075857315698786&rtpof=true&sd=true,,,Reviewed,TR-0523,"Morgan's own qual call (Amber, 450-student PTA, first yearbook); 'rated us best'; 20% coupon; demo booked",High
"Root/UntitledDocs (Call Notes, etc.)",Untitled document(30).docx,1D6CXIBIFNf9-e3nDcXhcDoHpMpIw_Ssa,File,application/vnd.openxmlformats-officedocument.wordprocessingml.document,"UntitledDocs (Call Notes, etc.)",https://docs.google.com/document/d/1D6CXIBIFNf9-e3nDcXhcDoHpMpIw_Ssa/edit?usp=drivesdk&ouid=117877075857315698786&rtpof=true&sd=true,,,Reviewed,TR-0524,Quote call (Jostens/TJ): 144 pages $41.27; principal was old yearbook teacher,High
"Root/UntitledDocs (Call Notes, etc.)",Untitled document(31).docx,190qVzgJQMnsvbFgROi9MQNOISV22jWnR,File,application/vnd.openxmlformats-officedocument.wordprocessingml.document,"UntitledDocs (Call Notes, etc.)",https://docs.google.com/document/d/190qVzgJQMnsvbFgROi9MQNOISV22jWnR/edit?usp=drivesdk&ouid=117877075857315698786&rtpof=true&sd=true,,,Reviewed,TR-0525,Lifetouch demo notes — exceptional delight quote: 'I'm actually excited about the yearbook again. I wasn't when I sat down this morning.',High
"Root/UntitledDocs (Call Notes, etc.)",Untitled document(32).docx,1sq7xKoVfm_yy8PDoUUHmyBPMgezNqlvV,File,application/vnd.openxmlformats-officedocument.wordprocessingml.document,"UntitledDocs (Call Notes, etc.)",https://docs.google.com/document/d/1sq7xKoVfm_yy8PDoUUHmyBPMgezNqlvV/edit?usp=drivesdk&ouid=117877075857315698786&rtpof=true&sd=true,,,Reviewed,TR-0526,Rachel/Kris demo — Kris vanished mid-demo; Morgan maintained prospect with small talk + sample update. Crisis management.,High
"Root/UntitledDocs (Call Notes, etc.)",Untitled document(33).docx,1mjdZ1dJltMGzDhW336a6BMYhXCgdC4Qj,File,application/vnd.openxmlformats-officedocument.wordprocessingml.document,"UntitledDocs (Call Notes, etc.)",https://docs.google.com/document/d/1mjdZ1dJltMGzDhW336a6BMYhXCgdC4Qj/edit?usp=drivesdk&ouid=117877075857315698786&rtpof=true&sd=true,,,Reviewed,TR-0527,"Morgan solo qual call w/ Rachel (Jostens, 144pp, principal listening in bg). 8+ topics covered; demo Thursday 11:15 booked.",High
"Root/UntitledDocs (Call Notes, etc.)",Untitled document(34).docx,1OdKl2nEZFBJ53G8JMpelC-Bcha_D4fch,File,application/vnd.openxmlformats-officedocument.wordprocessingml.document,"UntitledDocs (Call Notes, etc.)",https://docs.google.com/document/d/1OdKl2nEZFBJ53G8JMpelC-Bcha_D4fch/edit?usp=drivesdk&ouid=117877075857315698786&rtpof=true&sd=true,,,Reviewed,TR-0528,5-line scratch notes only — no standalone evidence.,High
"Root/UntitledDocs (Call Notes, etc.)",Untitled document(35).docx,1yvsofy0XXhkmp4gFxlMW46pis7Ahidox,File,application/vnd.openxmlformats-officedocument.wordprocessingml.document,"UntitledDocs (Call Notes, etc.)",https://docs.google.com/document/d/1yvsofy0XXhkmp4gFxlMW46pis7Ahidox/edit?usp=drivesdk&ouid=117877075857315698786&rtpof=true&sd=true,,,Reviewed,TR-0529,Warm qual call — prospect 'HAAAATES LIFETOUCH'S SOFTWARE WITH A FIERY PASSION.' Found referral discount mid-call; demo Tuesday 11am.,High
"Root/UntitledDocs (Call Notes, etc.)",Untitled document(36).docx,1HLIPTZ9IJJDCPzlySas5JGMUfu8kLFN4,File,application/vnd.openxmlformats-officedocument.wordprocessingml.document,"UntitledDocs (Call Notes, etc.)",https://docs.google.com/document/d/1HLIPTZ9IJJDCPzlySas5JGMUfu8kLFN4/edit?usp=drivesdk&ouid=117877075857315698786&rtpof=true&sd=true,,,Reviewed,TR-0530,Morgan-set meeting; Aaron+Kris ran demo (Holly/Meeta PTA; referral discount $26).,High
"Root/UntitledDocs (Call Notes, etc.)",Untitled document(37).docx,1JVAO2Ck3r8csIy_pDdAljyxUsefeghOL,File,application/vnd.openxmlformats-officedocument.wordprocessingml.document,"UntitledDocs (Call Notes, etc.)",https://docs.google.com/document/d/1JVAO2Ck3r8csIy_pDdAljyxUsefeghOL/edit?usp=drivesdk&ouid=117877075857315698786&rtpof=true&sd=true,Yes,,Duplicate — defer,,,
"Root/UntitledDocs (Call Notes, etc.)",Untitled document(37).docx,1hip614RMVle9NurZxs0dYxp3Cu7B702z,File,application/vnd.openxmlformats-officedocument.wordprocessingml.document,"UntitledDocs (Call Notes, etc.)",https://docs.google.com/document/d/1hip614RMVle9NurZxs0dYxp3Cu7B702z/edit?usp=drivesdk&ouid=117877075857315698786&rtpof=true&sd=true,,,Reviewed,TR-0531,Morgan-set meeting; Kris ran activation (Ms. Barnes Walsworth; 'they're in!').,High
"Root/UntitledDocs (Call Notes, etc.)",Untitled document(38).docx,1ZPgdo0osbeizkJYfWFapbIIlUNvQB820,File,application/vnd.openxmlformats-officedocument.wordprocessingml.document,"UntitledDocs (Call Notes, etc.)",https://docs.google.com/document/d/1ZPgdo0osbeizkJYfWFapbIIlUNvQB820/edit?usp=drivesdk&ouid=117877075857315698786&rtpof=true&sd=true,Yes,,Duplicate — defer,,,
"Root/UntitledDocs (Call Notes, etc.)",Untitled document(38).docx,1l2FXopjCiweoOUs70drTSB_mebLTdXfv,File,application/vnd.openxmlformats-officedocument.wordprocessingml.document,"UntitledDocs (Call Notes, etc.)",https://docs.google.com/document/d/1l2FXopjCiweoOUs70drTSB_mebLTdXfv/edit?usp=drivesdk&ouid=117877075857315698786&rtpof=true&sd=true,,,Reviewed,TR-0532,Morgan-set meeting; TJ ran demo (Lisa designer; HJ 400 misprints).,High
"Root/UntitledDocs (Call Notes, etc.)",Untitled document(39).docx,10tBiAn9GyOJRMbeTF-mLnZWXO5YUD_Sh,File,application/vnd.openxmlformats-officedocument.wordprocessingml.document,"UntitledDocs (Call Notes, etc.)",https://docs.google.com/document/d/10tBiAn9GyOJRMbeTF-mLnZWXO5YUD_Sh/edit?usp=drivesdk&ouid=117877075857315698786&rtpof=true&sd=true,,,Reviewed,TR-0533,Morgan-set meeting; Kris ran demo (prospect confirmed prior Morgan contact).,High
"Root/UntitledDocs (Call Notes, etc.)",Untitled document(40).docx,16ClfNufIB9RT7rRYcssrBW_AuyHK0xpY,File,application/vnd.openxmlformats-officedocument.wordprocessingml.document,"UntitledDocs (Call Notes, etc.)",https://docs.google.com/document/d/16ClfNufIB9RT7rRYcssrBW_AuyHK0xpY/edit?usp=drivesdk&ouid=117877075857315698786&rtpof=true&sd=true,,,Reviewed,TR-0534,Morgan-set meeting; Kris ran qual (Heather 350-unit minimum).,High
"Root/UntitledDocs (Call Notes, etc.)",Untitled document(41).docx,1BIq0GWKvQVxPcrpXrOto7-eat-FOS8w0,File,application/vnd.openxmlformats-officedocument.wordprocessingml.document,"UntitledDocs (Call Notes, etc.)",https://docs.google.com/document/d/1BIq0GWKvQVxPcrpXrOto7-eat-FOS8w0/edit?usp=drivesdk&ouid=117877075857315698786&rtpof=true&sd=true,,,Reviewed,TR-0535,Morgan qual call — 3-deadline pain surfaced; demo booked next day.,High
"Root/UntitledDocs (Call Notes, etc.)",Untitled document(42).docx,1QnyS8HpCji14xj1ZwOw7ajeeclWbVrDH,File,application/vnd.openxmlformats-officedocument.wordprocessingml.document,"UntitledDocs (Call Notes, etc.)",https://docs.google.com/document/d/1QnyS8HpCji14xj1ZwOw7ajeeclWbVrDH/edit?usp=drivesdk&ouid=117877075857315698786&rtpof=true&sd=true,,,Reviewed,TR-0536,Morgan qual — photographer 'volun-told'; 115→275-300 goal; demo Wed 10am.,High
"Root/UntitledDocs (Call Notes, etc.)",Untitled document(43).docx,1AsCfAfEuV2LtKqBPk6gRIfNYIFnKMfVX,File,application/vnd.openxmlformats-officedocument.wordprocessingml.document,"UntitledDocs (Call Notes, etc.)",https://docs.google.com/document/d/1AsCfAfEuV2LtKqBPk6gRIfNYIFnKMfVX/edit?usp=drivesdk&ouid=117877075857315698786&rtpof=true&sd=true,,,Reviewed,TR-0537,Morgan bid call — web-researched school (Balfour→HJ = not loyal); custom pages objection handled; bid to Leo.,High
"Root/UntitledDocs (Call Notes, etc.)",Untitled document(44).docx,1m3PN71a2CXql0JqBFRJKvQvWe27A_h_o,File,application/vnd.openxmlformats-officedocument.wordprocessingml.document,"UntitledDocs (Call Notes, etc.)",https://docs.google.com/document/d/1m3PN71a2CXql0JqBFRJKvQvWe27A_h_o/edit?usp=drivesdk&ouid=117877075857315698786&rtpof=true&sd=true,,,Reviewed,TR-0538,Empty file — no content.,High
"Root/UntitledDocs (Call Notes, etc.)",Untitled document(45).docx,1HeU6Sza6y_zPI-P4-rJ6ohiLVl1irZiE,File,application/vnd.openxmlformats-officedocument.wordprocessingml.document,"UntitledDocs (Call Notes, etc.)",https://docs.google.com/document/d/1HeU6Sza6y_zPI-P4-rJ6ohiLVl1irZiE/edit?usp=drivesdk&ouid=117877075857315698786&rtpof=true&sd=true,,,Reviewed,TR-0539,"Morgan inbound — Lise called Morgan. 152pp, $44 quote ('very happy'). 10+ topics. Demo booked 25th 3pm.",High
"Root/UntitledDocs (Call Notes, etc.)",Untitled document(46).docx,1BzTxhvgzTs7foIaHIoATBdZ4SZfvXOgO,File,application/vnd.openxmlformats-officedocument.wordprocessingml.document,"UntitledDocs (Call Notes, etc.)",https://docs.google.com/document/d/1BzTxhvgzTs7foIaHIoATBdZ4SZfvXOgO/edit?usp=drivesdk&ouid=117877075857315698786&rtpof=true&sd=true,,,Reviewed,TR-0540,Morgan-set meeting; TJ ran demo (Katrina new advisor Walsworth).,High
"Root/UntitledDocs (Call Notes, etc.)",Untitled document(47).docx,1RjvGh-yXp7aISos-mVk8JXZW_6W22wCi,File,application/vnd.openxmlformats-officedocument.wordprocessingml.document,"UntitledDocs (Call Notes, etc.)",https://docs.google.com/document/d/1RjvGh-yXp7aISos-mVk8JXZW_6W22wCi/edit?usp=drivesdk&ouid=117877075857315698786&rtpof=true&sd=true,,,Reviewed,TR-0541,Morgan-set meeting; TJ ran demo (Lifetouch; 'this is how easy it SHOULD be'; acct set up).,High
"Root/UntitledDocs (Call Notes, etc.)",Untitled document(48).docx,1tQC-a3iibcxsRmbC8hH9G1R5M6nm9R4I,File,application/vnd.openxmlformats-officedocument.wordprocessingml.document,"UntitledDocs (Call Notes, etc.)",https://docs.google.com/document/d/1tQC-a3iibcxsRmbC8hH9G1R5M6nm9R4I/edit?usp=drivesdk&ouid=117877075857315698786&rtpof=true&sd=true,Yes,,Duplicate — defer,,,
"Root/UntitledDocs (Call Notes, etc.)",Untitled document(49).docx,10YgKsPBKE1OKhARMbd53RwAnI0RutMXw,File,application/vnd.openxmlformats-officedocument.wordprocessingml.document,"UntitledDocs (Call Notes, etc.)",https://docs.google.com/document/d/10YgKsPBKE1OKhARMbd53RwAnI0RutMXw/edit?usp=drivesdk&ouid=117877075857315698786&rtpof=true&sd=true,,,Reviewed,TR-0542,Empty file — no content.,High
"Root/UntitledDocs (Call Notes, etc.)",Untitled document(50).docx,1WzSG5yn9Lsnma8kJA_CV-IP-1HOIdW7J,File,application/vnd.openxmlformats-officedocument.wordprocessingml.document,"UntitledDocs (Call Notes, etc.)",https://docs.google.com/document/d/1WzSG5yn9Lsnma8kJA_CV-IP-1HOIdW7J/edit?usp=drivesdk&ouid=117877075857315698786&rtpof=true&sd=true,,,Reviewed,TR-0543,Morgan-set meeting; Kris ran qual (Balfour 40pp first year).,High
"Root/UntitledDocs (Call Notes, etc.)",Untitled document(51).docx,1Wm83B-v3wZxOXI7hTNu-xc4sZtM6yOSu,File,application/vnd.openxmlformats-officedocument.wordprocessingml.document,"UntitledDocs (Call Notes, etc.)",https://docs.google.com/document/d/1Wm83B-v3wZxOXI7hTNu-xc4sZtM6yOSu/edit?usp=drivesdk&ouid=117877075857315698786&rtpof=true&sd=true,,,Reviewed,TR-0544,Morgan-set meeting; Kristie ran demo (Jostens Pleasanton CA).,High
"Root/UntitledDocs (Call Notes, etc.)",Untitled document(52).docx,1QNLsYDFYaFh9vEEyn9lI2nbyVHExdJQ1,File,application/vnd.openxmlformats-officedocument.wordprocessingml.document,"UntitledDocs (Call Notes, etc.)",https://docs.google.com/document/d/1QNLsYDFYaFh9vEEyn9lI2nbyVHExdJQ1/edit?usp=drivesdk&ouid=117877075857315698786&rtpof=true&sd=true,,,Reviewed,TR-0545,Morgan-set meeting; Kris ran qual (Jostens $61.35→$39.75; eco/science teacher angle).,High
"Root/UntitledDocs (Call Notes, etc.)",Untitled document(53).docx,1Q9mgGS4rVYBHLGaDghynqNbr-uUjQdLo,File,application/vnd.openxmlformats-officedocument.wordprocessingml.document,"UntitledDocs (Call Notes, etc.)",https://docs.google.com/document/d/1Q9mgGS4rVYBHLGaDghynqNbr-uUjQdLo/edit?usp=drivesdk&ouid=117877075857315698786&rtpof=true&sd=true,,,Reviewed,TR-0546,Morgan-set meeting; TJ ran qual (Walsworth 224pp $65 price).,High
"Root/UntitledDocs (Call Notes, etc.)",Untitled document(54).docx,1d50Mu2UiwwQPCeJuo-ZPKhxyz3ThCpuD,File,application/vnd.openxmlformats-officedocument.wordprocessingml.document,"UntitledDocs (Call Notes, etc.)",https://docs.google.com/document/d/1d50Mu2UiwwQPCeJuo-ZPKhxyz3ThCpuD/edit?usp=drivesdk&ouid=117877075857315698786&rtpof=true&sd=true,,,Reviewed,TR-0547,Morgan's Houston territory prospecting: 35+ accounts + Salesforce links + custom regional email.,High
"Root/UntitledDocs (Call Notes, etc.)",Untitled document(55).docx,1D-FQocpE6LyM96AC76VjAzlqjTeRrTsJ,File,application/vnd.openxmlformats-officedocument.wordprocessingml.document,"UntitledDocs (Call Notes, etc.)",https://docs.google.com/document/d/1D-FQocpE6LyM96AC76VjAzlqjTeRrTsJ/edit?usp=drivesdk&ouid=117877075857315698786&rtpof=true&sd=true,,,Reviewed,TR-0548,Morgan-set meeting; Kris ran qual (Balfour photo upload broken; demo Monday 10am).,High
"Root/UntitledDocs (Call Notes, etc.)",Untitled document(56).docx,1wMIRLTSfaIoSICGOYuUp7SnvtqN9mZph,File,application/vnd.openxmlformats-officedocument.wordprocessingml.document,"UntitledDocs (Call Notes, etc.)",https://docs.google.com/document/d/1wMIRLTSfaIoSICGOYuUp7SnvtqN9mZph/edit?usp=drivesdk&ouid=117877075857315698786&rtpof=true&sd=true,,,Reviewed,TR-0549,Morgan-set meeting; Kris ran call (Jostens first year truncated).,High
"Root/UntitledDocs (Call Notes, etc.)",Untitled document(57).docx,1qG6rId--GCNzXjreKRSbRDfIEfLOqzm5,File,application/vnd.openxmlformats-officedocument.wordprocessingml.document,"UntitledDocs (Call Notes, etc.)",https://docs.google.com/document/d/1qG6rId--GCNzXjreKRSbRDfIEfLOqzm5/edit?usp=drivesdk&ouid=117877075857315698786&rtpof=true&sd=true,,,Reviewed,TR-0550,"Roxbury R.O.P.E. PTA contact directory — 13 board members, Stamford CT territory.",High
"Root/UntitledDocs (Call Notes, etc.)",Untitled document(58).docx,11kUj5Sv87ml7GPufltYD6Te3krFdwU_4,File,application/vnd.openxmlformats-officedocument.wordprocessingml.document,"UntitledDocs (Call Notes, etc.)",https://docs.google.com/document/d/11kUj5Sv87ml7GPufltYD6Te3krFdwU_4/edit?usp=drivesdk&ouid=117877075857315698786&rtpof=true&sd=true,,,Reviewed,TR-0551,Morgan-set meeting; Kris ran qual (Lifetouch 12 Stamford schools; referral offer).,High
"Root/UntitledDocs (Call Notes, etc.)",Untitled document(59).docx,1MZxurWFPdDoTsvQMBobtREf1RSt17kQv,File,application/vnd.openxmlformats-officedocument.wordprocessingml.document,"UntitledDocs (Call Notes, etc.)",https://docs.google.com/document/d/1MZxurWFPdDoTsvQMBobtREf1RSt17kQv/edit?usp=drivesdk&ouid=117877075857315698786&rtpof=true&sd=true,,,Reviewed,TR-0552,Brady demo — Jostens 100pp; 'Morgan to arrange for references.' Minor Morgan role.,High
"Root/UntitledDocs (Call Notes, etc.)",Untitled document(60).docx,1v7aIActVRvQtp4OXs9YuuWrUUoV6pKpw,File,application/vnd.openxmlformats-officedocument.wordprocessingml.document,"UntitledDocs (Call Notes, etc.)",https://docs.google.com/document/d/1v7aIActVRvQtp4OXs9YuuWrUUoV6pKpw/edit?usp=drivesdk&ouid=117877075857315698786&rtpof=true&sd=true,,,Reviewed,TR-0553,Morgan-set meeting; Brady ran qual (Jostens $10K+ ads 250pp).,High
"Root/UntitledDocs (Call Notes, etc.)",Untitled document(61).docx,1hB3expd-m0jN2rABUNriZ1D4VCS4iO-N,File,application/vnd.openxmlformats-officedocument.wordprocessingml.document,"UntitledDocs (Call Notes, etc.)",https://docs.google.com/document/d/1hB3expd-m0jN2rABUNriZ1D4VCS4iO-N/edit?usp=drivesdk&ouid=117877075857315698786&rtpof=true&sd=true,,,Reviewed,TR-0554,Morgan-set meeting; Leo ran qual (Balfour Title 1 $60→$42; demo w/ CEO+Kris).,High
"Root/UntitledDocs (Call Notes, etc.)",Untitled document(62).docx,1G9PQ-VsIyCkzK8WfAw8EVDPCF4aUCHST,File,application/vnd.openxmlformats-officedocument.wordprocessingml.document,"UntitledDocs (Call Notes, etc.)",https://docs.google.com/document/d/1G9PQ-VsIyCkzK8WfAw8EVDPCF4aUCHST/edit?usp=drivesdk&ouid=117877075857315698786&rtpof=true&sd=true,,,Reviewed,TR-0555,Morgan-set meeting; Kris ran call (committee restarting yearbook; same-call conversion).,High
"Root/UntitledDocs (Call Notes, etc.)",Untitled document(63).docx,1tIGQC5E9PXHHhixz4a6hOqbQ8x_YG8Sb,File,application/vnd.openxmlformats-officedocument.wordprocessingml.document,"UntitledDocs (Call Notes, etc.)",https://docs.google.com/document/d/1tIGQC5E9PXHHhixz4a6hOqbQ8x_YG8Sb/edit?usp=drivesdk&ouid=117877075857315698786&rtpof=true&sd=true,,,Reviewed,TR-0556,Morgan-set meeting; TJ ran qual (Taylor Publishing 184pp; $49.64 vs $75).,High
"Root/UntitledDocs (Call Notes, etc.)",Untitled document(64).docx,17qjpkHBMesPdYMM6FfwnWh_YdU5o9eCe,File,application/vnd.openxmlformats-officedocument.wordprocessingml.document,"UntitledDocs (Call Notes, etc.)",https://docs.google.com/document/d/17qjpkHBMesPdYMM6FfwnWh_YdU5o9eCe/edit?usp=drivesdk&ouid=117877075857315698786&rtpof=true&sd=true,,,Reviewed,TR-0557,"MORGAN IN-PERSON VISIT — Park School, Mr. Besch; HJ; samples; quoted $30.24/$37.19; TJ handoff.",High
"Root/UntitledDocs (Call Notes, etc.)",Untitled document(65).docx,1eVGr5Q3EFtUPOKZjwOTnelzDqSmtOcg0,File,application/vnd.openxmlformats-officedocument.wordprocessingml.document,"UntitledDocs (Call Notes, etc.)",https://docs.google.com/document/d/1eVGr5Q3EFtUPOKZjwOTnelzDqSmtOcg0/edit?usp=drivesdk&ouid=117877075857315698786&rtpof=true&sd=true,,,Reviewed,TR-0558,Morgan re-engagement email template — 'With Optimism' signature; principal {{last_name}} merge.,High
"Root/UntitledDocs (Call Notes, etc.)",Untitled document(66).docx,1HxOXX02PpHcJL37EkVXBIxghJ6t-oVRA,File,application/vnd.openxmlformats-officedocument.wordprocessingml.document,"UntitledDocs (Call Notes, etc.)",https://docs.google.com/document/d/1HxOXX02PpHcJL37EkVXBIxghJ6t-oVRA/edit?usp=drivesdk&ouid=117877075857315698786&rtpof=true&sd=true,,,Reviewed,TR-0559,Kris qual+demo — HJ 700 students; 'Did Morgan mention schools nearby? She did!',High
"Root/UntitledDocs (Call Notes, etc.)",Untitled document(67).docx,1fhhzPUUtHMyIIV9A42gK6tAr9_euvQll,File,application/vnd.openxmlformats-officedocument.wordprocessingml.document,"UntitledDocs (Call Notes, etc.)",https://docs.google.com/document/d/1fhhzPUUtHMyIIV9A42gK6tAr9_euvQll/edit?usp=drivesdk&ouid=117877075857315698786&rtpof=true&sd=true,,,Reviewed,TR-0560,Morgan-set meeting; Kris ran qual (School Annual 36pp; 'Morgan mentioned nearby schools').,High
"Root/UntitledDocs (Call Notes, etc.)",Untitled document(68).docx,1XpWrlF0jlP-OIxos-NV5W0n7cY53o9Gv,File,application/vnd.openxmlformats-officedocument.wordprocessingml.document,"UntitledDocs (Call Notes, etc.)",https://docs.google.com/document/d/1XpWrlF0jlP-OIxos-NV5W0n7cY53o9Gv/edit?usp=drivesdk&ouid=117877075857315698786&rtpof=true&sd=true,,,Reviewed,TR-0561,Morgan-set meeting; TJ ran qual (new yearbook 900 students; $17/72pp reaction).,High
"Root/UntitledDocs (Call Notes, etc.)",Untitled document(69).docx,1t2PgbNenLSCnwcK_rFbI2wKKiiAuRhpk,File,application/vnd.openxmlformats-officedocument.wordprocessingml.document,"UntitledDocs (Call Notes, etc.)",https://docs.google.com/document/d/1t2PgbNenLSCnwcK_rFbI2wKKiiAuRhpk/edit?usp=drivesdk&ouid=117877075857315698786&rtpof=true&sd=true,,,Reviewed,TR-0562,Empty file — no content.,High
"Root/UntitledDocs (Call Notes, etc.)",Untitled document(70).docx,1UZaEub1uoOJp53dr39uTDEU2pHosAmW6,File,application/vnd.openxmlformats-officedocument.wordprocessingml.document,"UntitledDocs (Call Notes, etc.)",https://docs.google.com/document/d/1UZaEub1uoOJp53dr39uTDEU2pHosAmW6/edit?usp=drivesdk&ouid=117877075857315698786&rtpof=true&sd=true,,,Reviewed,TR-0563,Morgan-set meeting; TJ ran demo (librarian volun-told; principal forwarded Morgan's email).,High
"Root/UntitledDocs (Call Notes, etc.)",Untitled document(71).docx,1OyNaEbv32mw51LZHQMN8lx_H3JTTgvP-,File,application/vnd.openxmlformats-officedocument.wordprocessingml.document,"UntitledDocs (Call Notes, etc.)",https://docs.google.com/document/d/1OyNaEbv32mw51LZHQMN8lx_H3JTTgvP-/edit?usp=drivesdk&ouid=117877075857315698786&rtpof=true&sd=true,,,Reviewed,TR-0564,Morgan-set meeting; Kris ran qual (Walsworth $50→$31; student group demo Wednesday).,High
"Root/UntitledDocs (Call Notes, etc.)",Untitled document(72).docx,1py1nxpWcytMGcb8Q72WBgjnaJ8G72jcT,File,application/vnd.openxmlformats-officedocument.wordprocessingml.document,"UntitledDocs (Call Notes, etc.)",https://docs.google.com/document/d/1py1nxpWcytMGcb8Q72WBgjnaJ8G72jcT/edit?usp=drivesdk&ouid=117877075857315698786&rtpof=true&sd=true,,,Reviewed,TR-0565,Morgan-set meeting; TJ ran qual (principal direct SchoolCraft 75pp).,High
"Root/UntitledDocs (Call Notes, etc.)",Untitled document(73).docx,1GRO_FcSXpKye3Pc5kJnrIX02SxRpyo-H,File,application/vnd.openxmlformats-officedocument.wordprocessingml.document,"UntitledDocs (Call Notes, etc.)",https://docs.google.com/document/d/1GRO_FcSXpKye3Pc5kJnrIX02SxRpyo-H/edit?usp=drivesdk&ouid=117877075857315698786&rtpof=true&sd=true,,,Reviewed,TR-0566,Morgan-set meeting; Kris ran call (Cathie 2-line truncated).,High
"Root/UntitledDocs (Call Notes, etc.)",Untitled document(74).docx,1c67ZWdJU5SP6UxYI8bvuNUNNlg_fTHz8,File,application/vnd.openxmlformats-officedocument.wordprocessingml.document,"UntitledDocs (Call Notes, etc.)",https://docs.google.com/document/d/1c67ZWdJU5SP6UxYI8bvuNUNNlg_fTHz8/edit?usp=drivesdk&ouid=117877075857315698786&rtpof=true&sd=true,,,Reviewed,TR-0567,Morgan-set meeting; Kris ran qual ($11.24/40pp large school).,High
"Root/UntitledDocs (Call Notes, etc.)",Untitled document(75).docx,12e_di23WwZj5w9R5WNp5fNo-SV554xZ9,File,application/vnd.openxmlformats-officedocument.wordprocessingml.document,"UntitledDocs (Call Notes, etc.)",https://docs.google.com/document/d/12e_di23WwZj5w9R5WNp5fNo-SV554xZ9/edit?usp=drivesdk&ouid=117877075857315698786&rtpof=true&sd=true,,,Reviewed,TR-0568,Empty file — no content.,High
"Root/UntitledDocs (Call Notes, etc.)",Untitled document(76).docx,1VZy08EymtBkVcxIc9ZzEcP_uoc54v34w,File,application/vnd.openxmlformats-officedocument.wordprocessingml.document,"UntitledDocs (Call Notes, etc.)",https://docs.google.com/document/d/1VZy08EymtBkVcxIc9ZzEcP_uoc54v34w/edit?usp=drivesdk&ouid=117877075857315698786&rtpof=true&sd=true,,,Reviewed,TR-0569,Morgan-set meeting; Kris ran qual (Balfour PTO; custom pages already spreading via word-of-mouth).,High
"Root/UntitledDocs (Call Notes, etc.)",Untitled document(77).docx,19gOpss8gQ5IJIMb2OWo9iAMj0NCQGb4a,File,application/vnd.openxmlformats-officedocument.wordprocessingml.document,"UntitledDocs (Call Notes, etc.)",https://docs.google.com/document/d/19gOpss8gQ5IJIMb2OWo9iAMj0NCQGb4a/edit?usp=drivesdk&ouid=117877075857315698786&rtpof=true&sd=true,,,Reviewed,TR-0570,Morgan-set meeting; Kris ran qual+demo (Michaela Jostens 68pp $27 hardcover).,High
"Root/UntitledDocs (Call Notes, etc.)",Untitled document(78).docx,1vUyT44FYVzllB6Z1iCRQs7Kb7FDgFkJA,File,application/vnd.openxmlformats-officedocument.wordprocessingml.document,"UntitledDocs (Call Notes, etc.)",https://docs.google.com/document/d/1vUyT44FYVzllB6Z1iCRQs7Kb7FDgFkJA/edit?usp=drivesdk&ouid=117877075857315698786&rtpof=true&sd=true,,,Reviewed,TR-0571,Morgan-set meeting; Kristie ran qual (Jostens CA; major printing failures last year).,High
"Root/UntitledDocs (Call Notes, etc.)",Untitled document(79).docx,1ofWHVhA_j7HbjioML1Fh6F_ERM41D4ip,File,application/vnd.openxmlformats-officedocument.wordprocessingml.document,"UntitledDocs (Call Notes, etc.)",https://docs.google.com/document/d/1ofWHVhA_j7HbjioML1Fh6F_ERM41D4ip/edit?usp=drivesdk&ouid=117877075857315698786&rtpof=true&sd=true,,,Reviewed,TR-0572,Morgan pre-qual + TJ handoff — PTA historian 4 yrs; QR codes; 'comfortable presenting to board'.,High
"Root/UntitledDocs (Call Notes, etc.)",Untitled document(80).docx,1fxfaXOwCxx9aCyiobNBS4vAUFslo10AW,File,application/vnd.openxmlformats-officedocument.wordprocessingml.document,"UntitledDocs (Call Notes, etc.)",https://docs.google.com/document/d/1fxfaXOwCxx9aCyiobNBS4vAUFslo10AW/edit?usp=drivesdk&ouid=117877075857315698786&rtpof=true&sd=true,,,Reviewed,TR-0573,Morgan-set meeting; TJ ran qual (29-yr advisor Walsworth+Adobe; 5-yr contract locked).,High
"Root/UntitledDocs (Call Notes, etc.)",Untitled document(128).docx,1EOTCRnF_uaixAuYjZ8CXHLfDbCVm5YGX,File,application/vnd.openxmlformats-officedocument.wordprocessingml.document,"UntitledDocs (Call Notes, etc.)",https://docs.google.com/document/d/1EOTCRnF_uaixAuYjZ8CXHLfDbCVm5YGX/edit?usp=drivesdk&ouid=117877075857315698786&rtpof=true&sd=true,,,Reviewed,TR-0574,Morgan-set meeting; Kris ran qual (Balfour Korean community 675 orders).,High
"Root/UntitledDocs (Call Notes, etc.)",Untitled document(131).docx,1pEQawcRerocv6UujE9a6GfK6JmPSZPD7,File,application/vnd.openxmlformats-officedocument.wordprocessingml.document,"UntitledDocs (Call Notes, etc.)",https://docs.google.com/document/d/1pEQawcRerocv6UujE9a6GfK6JmPSZPD7/edit?usp=drivesdk&ouid=117877075857315698786&rtpof=true&sd=true,,,Reviewed,TR-0575,Empty file — no content.,High
"Root/UntitledDocs (Call Notes, etc.)",Untitled document(150).docx,1DywySHwjLsq1LrH_taqm2wdzlht7fnB-,File,application/vnd.openxmlformats-officedocument.wordprocessingml.document,"UntitledDocs (Call Notes, etc.)",https://docs.google.com/document/d/1DywySHwjLsq1LrH_taqm2wdzlht7fnB-/edit?usp=drivesdk&ouid=117877075857315698786&rtpof=true&sd=true,,,Reviewed,TR-0576,Brady demo; 'Morgan: follow up with cell number'; Task Feb. Custom pages 5-10% sales lift cited.,High
"Root/UntitledDocs (Call Notes, etc.)",Untitled document(151).docx,1BfF9U0_MVXczmf9qXcfZEgMjeEDtkqWU,File,application/vnd.openxmlformats-officedocument.wordprocessingml.document,"UntitledDocs (Call Notes, etc.)",https://docs.google.com/document/d/1BfF9U0_MVXczmf9qXcfZEgMjeEDtkqWU/edit?usp=drivesdk&ouid=117877075857315698786&rtpof=true&sd=true,,,Reviewed,TR-0577,Morgan's Avery Label Merge template — mailing label infrastructure for physical sample campaigns.,High
"Root/UntitledDocs (Call Notes, etc.)",Untitled document(152).docx,1Dg_Ny3P1FrsIM9jlNLhA1F0JoYZfaWPo,File,application/vnd.openxmlformats-officedocument.wordprocessingml.document,"UntitledDocs (Call Notes, etc.)",https://docs.google.com/document/d/1Dg_Ny3P1FrsIM9jlNLhA1F0JoYZfaWPo/edit?usp=drivesdk&ouid=117877075857315698786&rtpof=true&sd=true,,,Reviewed,TR-0578,MORGAN'S HOLIDAY CARD COPY — 4 versions by deal stage; signed 'Morgan'; empathetic voice.,High
"Root/UntitledDocs (Call Notes, etc.)",Untitled document(153).docx,1l0OPwtdz2c8h_jzjv1iRx9Q8BA_cguL_,File,application/vnd.openxmlformats-officedocument.wordprocessingml.document,"UntitledDocs (Call Notes, etc.)",https://docs.google.com/document/d/1l0OPwtdz2c8h_jzjv1iRx9Q8BA_cguL_/edit?usp=drivesdk&ouid=117877075857315698786&rtpof=true&sd=true,,,Reviewed,TR-0579,Brady demo; 'Morgan will create trial account — open for a week'; recap + Brady's cell number.,High
"Root/UntitledDocs (Call Notes, etc.)",Untitled document(154).docx,1HgD03AJwjyVCW-qGa5lusZmsCAOAQvRX,File,application/vnd.openxmlformats-officedocument.wordprocessingml.document,"UntitledDocs (Call Notes, etc.)",https://docs.google.com/document/d/1HgD03AJwjyVCW-qGa5lusZmsCAOAQvRX/edit?usp=drivesdk&ouid=117877075857315698786&rtpof=true&sd=true,,,Reviewed,TR-0580,Brady demo; 'Morgan to create account — anahi = chief editor'; delivery + content dates set.,High
"Root/UntitledDocs (Call Notes, etc.)",Untitled document(155).docx,1DDBVbJnY_daX7uGtz9TWRcgdwvWQ3BRO,File,application/vnd.openxmlformats-officedocument.wordprocessingml.document,"UntitledDocs (Call Notes, etc.)",https://docs.google.com/document/d/1DDBVbJnY_daX7uGtz9TWRcgdwvWQ3BRO/edit?usp=drivesdk&ouid=117877075857315698786&rtpof=true&sd=true,,,Reviewed,TR-0581,Morgan-set meeting; Brady ran qual (Walsworth Title 1 >50% RLP; $13 vs $15.75).,High
"Root/UntitledDocs (Call Notes, etc.)",Untitled document(156).docx,1PrQ18Ayl9ttn4yoQ1FQjLPcA-14GwmdY,File,application/vnd.openxmlformats-officedocument.wordprocessingml.document,"UntitledDocs (Call Notes, etc.)",https://docs.google.com/document/d/1PrQ18Ayl9ttn4yoQ1FQjLPcA-14GwmdY/edit?usp=drivesdk&ouid=117877075857315698786&rtpof=true&sd=true,,,Reviewed,TR-0582,Morgan-set meeting; Brady ran qual (School Annual 48pp low-income; always sells out).,High
"Root/UntitledDocs (Call Notes, etc.)",Untitled document(157).docx,1lgiPQui3o7KfLmNZeSckD9kuCUNMi3cg,File,application/vnd.openxmlformats-officedocument.wordprocessingml.document,"UntitledDocs (Call Notes, etc.)",https://docs.google.com/document/d/1lgiPQui3o7KfLmNZeSckD9kuCUNMi3cg/edit?usp=drivesdk&ouid=117877075857315698786&rtpof=true&sd=true,,,Reviewed,TR-0583,Morgan-set meeting; Brady ran call (quality-obsessed parent; husband in printing).,High
"Root/UntitledDocs (Call Notes, etc.)",Untitled document(158).docx,1vf94oJ8iJBksjngye1eyERmFFLJKbwVy,File,application/vnd.openxmlformats-officedocument.wordprocessingml.document,"UntitledDocs (Call Notes, etc.)",https://docs.google.com/document/d/1vf94oJ8iJBksjngye1eyERmFFLJKbwVy/edit?usp=drivesdk&ouid=117877075857315698786&rtpof=true&sd=true,,,Reviewed,TR-0584,Morgan-set meeting; Brady ran call (Jostens 20-30pp).,High
"Root/UntitledDocs (Call Notes, etc.)",Untitled document(159).docx,10MW6VELOw1TJKnu-6EEhK19Z1H4ii0Y3,File,application/vnd.openxmlformats-officedocument.wordprocessingml.document,"UntitledDocs (Call Notes, etc.)",https://docs.google.com/document/d/10MW6VELOw1TJKnu-6EEhK19Z1H4ii0Y3/edit?usp=drivesdk&ouid=117877075857315698786&rtpof=true&sd=true,,,Reviewed,TR-0585,Brady/Adams — Strawbridge 900 students; 'Morgan send email' explicit; demo Dec 6.,High
"Root/UntitledDocs (Call Notes, etc.)",Untitled document(160).docx,15jH2tSpJwqeGBgHYtXZRZLele8IUD6Gt,File,application/vnd.openxmlformats-officedocument.wordprocessingml.document,"UntitledDocs (Call Notes, etc.)",https://docs.google.com/document/d/15jH2tSpJwqeGBgHYtXZRZLele8IUD6Gt/edit?usp=drivesdk&ouid=117877075857315698786&rtpof=true&sd=true,,,Reviewed,TR-0586,Empty file — no content.,High
"Root/UntitledDocs (Call Notes, etc.)",Untitled document(161).docx,1uCO9YJDa3t2lz8uChbl8WKOj39T2AvvG,File,application/vnd.openxmlformats-officedocument.wordprocessingml.document,"UntitledDocs (Call Notes, etc.)",https://docs.google.com/document/d/1uCO9YJDa3t2lz8uChbl8WKOj39T2AvvG/edit?usp=drivesdk&ouid=117877075857315698786&rtpof=true&sd=true,Yes,,Duplicate — defer,,Verified principal-targeting sequence with CRM-based personalization. High quality; resume-ready when,
"Root/UntitledDocs (Call Notes, etc.)",Untitled document(162).docx,1vVECLdUj7fCMor-RVv7bDXINoXSOAOSC,File,application/vnd.openxmlformats-officedocument.wordprocessingml.document,"UntitledDocs (Call Notes, etc.)",https://docs.google.com/document/d/1vVECLdUj7fCMor-RVv7bDXINoXSOAOSC/edit?usp=drivesdk&ouid=117877075857315698786&rtpof=true&sd=true,,,Reviewed,TR-0587,Morgan-set meeting; Brady ran call (Inter-State PTO of 3; contract break discussion).,High
"Root/UntitledDocs (Call Notes, etc.)",Untitled document(163).docx,10pviN2YUaWeZX167vQbTKnURmpc2WYVT,File,application/vnd.openxmlformats-officedocument.wordprocessingml.document,"UntitledDocs (Call Notes, etc.)",https://docs.google.com/document/d/10pviN2YUaWeZX167vQbTKnURmpc2WYVT/edit?usp=drivesdk&ouid=117877075857315698786&rtpof=true&sd=true,,,Reviewed,TR-0588,Morgan-set meeting; Brady ran call (Jostens 36pp; 'saying everything I want to hear').,High
"Root/UntitledDocs (Call Notes, etc.)",Untitled document(164).docx,1nOuz60t0DBKye5SeBRc8BdLmulXXdMzE,File,application/vnd.openxmlformats-officedocument.wordprocessingml.document,"UntitledDocs (Call Notes, etc.)",https://docs.google.com/document/d/1nOuz60t0DBKye5SeBRc8BdLmulXXdMzE/edit?usp=drivesdk&ouid=117877075857315698786&rtpof=true&sd=true,,,Reviewed,TR-0589,Empty file — no content.,High
"Root/UntitledDocs (Call Notes, etc.)",Untitled document(165).docx,1-cVKqsFCbnQ9-MPugZUOZiH0C4eyUpq1,File,application/vnd.openxmlformats-officedocument.wordprocessingml.document,"UntitledDocs (Call Notes, etc.)",https://docs.google.com/document/d/1-cVKqsFCbnQ9-MPugZUOZiH0C4eyUpq1/edit?usp=drivesdk&ouid=117877075857315698786&rtpof=true&sd=true,,,Reviewed,TR-0592,"Morgan's deal notes — 'I’ll check in Mon/Tue, email from me, then Brady calls Thursday.'",High
"Root/UntitledDocs (Call Notes, etc.)",Untitled document(166).docx,1UqhKZSbqwk9vi-EeKXpqRVN_bOsS0lyh,File,application/vnd.openxmlformats-officedocument.wordprocessingml.document,"UntitledDocs (Call Notes, etc.)",https://docs.google.com/document/d/1UqhKZSbqwk9vi-EeKXpqRVN_bOsS0lyh/edit?usp=drivesdk&ouid=117877075857315698786&rtpof=true&sd=true,,,Reviewed,TR-0593,"Morgan's Salesforce opp template + 'Kristie: Kathy Poole, Arcado Elementary' logged.",High
"Root/UntitledDocs (Call Notes, etc.)",Untitled document(167).docx,1P-uzyXMsH9vqUPt-5el-H2HuMSYClxlO,File,application/vnd.openxmlformats-officedocument.wordprocessingml.document,"UntitledDocs (Call Notes, etc.)",https://docs.google.com/document/d/1P-uzyXMsH9vqUPt-5el-H2HuMSYClxlO/edit?usp=drivesdk&ouid=117877075857315698786&rtpof=true&sd=true,Yes,,Duplicate — defer,,Verified 7-step ES principal sequence with competitive analysis + peer comparison framing; resume-read,
"Root/UntitledDocs (Call Notes, etc.)",Untitled document(168).docx,1AfG43OQgbpxEbfoRxXdk9cKWYP8X-Tas,File,application/vnd.openxmlformats-officedocument.wordprocessingml.document,"UntitledDocs (Call Notes, etc.)",https://docs.google.com/document/d/1AfG43OQgbpxEbfoRxXdk9cKWYP8X-Tas/edit?usp=drivesdk&ouid=117877075857315698786&rtpof=true&sd=true,,,Reviewed,TR-0590,Empty file — no content.,High
"Root/UntitledDocs (Call Notes, etc.)",Untitled document(169).docx,1yCiNTpR2iDn3B5IHKtxrlnKdfIdE_gwN,File,application/vnd.openxmlformats-officedocument.wordprocessingml.document,"UntitledDocs (Call Notes, etc.)",https://docs.google.com/document/d/1yCiNTpR2iDn3B5IHKtxrlnKdfIdE_gwN/edit?usp=drivesdk&ouid=117877075857315698786&rtpof=true&sd=true,,,Reviewed,TR-0591,Morgan's cold email templates — 'Yearbook Therapist'; UTM-tracked 4th touch; 4 segments.,High
Root/Misc. Notes,6-9-2023 Rev Meeting Notes.docx,1osFaa90tnjRpIkH2XWYXY574REGDMsg3,File,application/vnd.openxmlformats-officedocument.wordprocessingml.document,Misc. Notes,https://docs.google.com/document/d/1osFaa90tnjRpIkH2XWYXY574REGDMsg3/edit?usp=drivesdk&ouid=117877075857315698786&rtpof=true&sd=true,,,Reviewed,TR-0099,Verified principal-targeting sequence. Strong SMS confirmation and personalization; resume-ready when,
Root/Misc. Notes,4-17-23 Leadership Mtg Notes.docx,1aaJxsow0MVrLclBZ2NGa3P8InBB3G84y,File,application/vnd.openxmlformats-officedocument.wordprocessingml.document,Misc. Notes,https://docs.google.com/document/d/1aaJxsow0MVrLclBZ2NGa3P8InBB3G84y/edit?usp=drivesdk&ouid=117877075857315698786&rtpof=true&sd=true,,,Reviewed,TR-0594,Leadership mtg 4/17/23 — '$6.5M goal BOOM!'; new features roadmap; CRM sync. Morgan present.,Medium
Root/Misc. Notes,2-16-23 Pod Meeting MPP.docx,1PQPuQifhdVrZsXOxux1XRagI3y3rQx6_,File,application/vnd.openxmlformats-officedocument.wordprocessingml.document,Misc. Notes,https://docs.google.com/document/d/1PQPuQifhdVrZsXOxux1XRagI3y3rQx6_/edit?usp=drivesdk&ouid=117877075857315698786&rtpof=true&sd=true,,,Reviewed,TR-0342,"Feb 16 2023 pod meeting notes: pricing handoff, demo rotations, customization strategy",
Root/Misc. Notes,01-03-23_ Topics for 1-1_s.docx,1NsjDz7zfmSLEqjZUauy5e-AyAPjKAsYK,File,application/vnd.openxmlformats-officedocument.wordprocessingml.document,Misc. Notes,https://docs.google.com/document/d/1NsjDz7zfmSLEqjZUauy5e-AyAPjKAsYK/edit?usp=drivesdk&ouid=117877075857315698786&rtpof=true&sd=true,,,Reviewed,TR-0595,Morgan coaching pod 1:1s — 'Will keep closer eye on activity'; 3-week ramp plan outlined.,Medium
Root/Misc. Notes,10-20-22 Pod Meeting Draft.docx,1uvqSV4LAPbO-B3yxAWiX5mOT5P4ekHmy,File,application/vnd.openxmlformats-officedocument.wordprocessingml.document,Misc. Notes,https://docs.google.com/document/d/1uvqSV4LAPbO-B3yxAWiX5mOT5P4ekHmy/edit?usp=drivesdk&ouid=117877075857315698786&rtpof=true&sd=true,,,Reviewed,TR-0596,"Morgan running pod meeting — screenshares, feedback collection, 2nd semester strategy ('the report I shared :D').",Medium
Root/Misc. Notes,Pod Notes 9.23.22.docx,19B0BV4jl9F19yeydFojjn02LPxy0JRan,File,application/vnd.openxmlformats-officedocument.wordprocessingml.document,Misc. Notes,https://docs.google.com/document/d/19B0BV4jl9F19yeydFojjn02LPxy0JRan/edit?usp=drivesdk&ouid=117877075857315698786&rtpof=true&sd=true,,,Reviewed,TR-0597,Morgan running pod 9/23/22 — phone training with Robyn; posted activity requirements; Tammi roleplays.,Medium
Root/Misc. Notes,CC Notes 4.27.22.docx,1j7xvUcprgTZTYFWb3uaLiiBl30u3gI6z,File,application/vnd.openxmlformats-officedocument.wordprocessingml.document,Misc. Notes,https://docs.google.com/document/d/1j7xvUcprgTZTYFWb3uaLiiBl30u3gI6z/edit?usp=drivesdk&ouid=117877075857315698786&rtpof=true&sd=true,,,Reviewed,TR-0378,Verified: strong competitive displacement sequence. Matches documented 34% reply cluster criteria.,
Root/Misc. Notes,CC Notes_ Spring 2022.docx,1Jv7gsjRVOQSoahtikpMFh9gFHZHLCk2E,File,application/vnd.openxmlformats-officedocument.wordprocessingml.document,Misc. Notes,https://docs.google.com/document/d/1Jv7gsjRVOQSoahtikpMFh9gFHZHLCk2E/edit?usp=drivesdk&ouid=117877075857315698786&rtpof=true&sd=true,,,Reviewed,TR-0376,Verified: strong competitive displacement sequence. Matches documented 34% reply cluster criteria.,
Root/Misc. Notes,"Manager Notes, Week of Jan 12.docx",1eD4M_yE_LI3xmVoQzIHO5vOfsmOOUUCc,File,application/vnd.openxmlformats-officedocument.wordprocessingml.document,Misc. Notes,https://docs.google.com/document/d/1eD4M_yE_LI3xmVoQzIHO5vOfsmOOUUCc/edit?usp=drivesdk&ouid=117877075857315698786&rtpof=true&sd=true,,,Reviewed,TR-0392,Verified CC principal-targeting sequence. Strong competitive analysis + urgency framing; resume-ready,
Root/Misc. Notes,Notes Dec 16.docx,1ZQfL9dDnPq8Jd55DloJhDNCVjMwC5lZd,File,application/vnd.openxmlformats-officedocument.wordprocessingml.document,Misc. Notes,https://docs.google.com/document/d/1ZQfL9dDnPq8Jd55DloJhDNCVjMwC5lZd/edit?usp=drivesdk&ouid=117877075857315698786&rtpof=true&sd=true,,,Reviewed,TR-0398,Verified: strong competitive displacement sequence. Matches documented 34% reply cluster criteria.,
Root/Misc. Notes,Notes week of Dec 1.docx,1uNy4Q91WPvn99t73YjA1CuPAbQllodP7,File,application/vnd.openxmlformats-officedocument.wordprocessingml.document,Misc. Notes,https://docs.google.com/document/d/1uNy4Q91WPvn99t73YjA1CuPAbQllodP7/edit?usp=drivesdk&ouid=117877075857315698786&rtpof=true&sd=true,,,Reviewed,TR-0395,End-of-month prizes distribution; Squid Game team competition; new sequence game with prospect scoring,
Root/Misc. Notes,Notes File 10_11 2021.docx,1dtL6gNgU-wT_PKHTN-bJk7vCbGMi1FIv,File,application/vnd.openxmlformats-officedocument.wordprocessingml.document,Misc. Notes,https://docs.google.com/document/d/1dtL6gNgU-wT_PKHTN-bJk7vCbGMi1FIv/edit?usp=drivesdk&ouid=117877075857315698786&rtpof=true&sd=true,,,Reviewed,TR-0397,Verified in full: 7-step ES principal sequence with competitive analysis + peer comparison framing; r,
Root/Misc. Notes,Notes.docx,1U4x2isGu-R72PmXZUSDDcdu8TjNSlVK_,File,application/vnd.openxmlformats-officedocument.wordprocessingml.document,Misc. Notes,https://docs.google.com/document/d/1U4x2isGu-R72PmXZUSDDcdu8TjNSlVK_/edit?usp=drivesdk&ouid=117877075857315698786&rtpof=true&sd=true,,,Reviewed,TR-0400,"Demo: Burbank Elementary (Ana), solo advisor, COVID restart; Morgan covered portraits/photos/marketing",
Root/Misc. Notes,Meetings 9_23_21.docx,1QeS2I-36XaV8xqzXTYoxUcatWDqWwf7v,File,application/vnd.openxmlformats-officedocument.wordprocessingml.document,Misc. Notes,https://docs.google.com/document/d/1QeS2I-36XaV8xqzXTYoxUcatWDqWwf7v/edit?usp=drivesdk&ouid=117877075857315698786&rtpof=true&sd=true,,,Reviewed,TR-0391,Verified: strong competitive displacement sequence. Matches documented 34% reply cluster criteria.,
Root/Misc. Notes,CC meeting notes 8_5.docx,1j_E5jSmMujJb-OkyJIrefP_mWV_1t7p7,File,application/vnd.openxmlformats-officedocument.wordprocessingml.document,Misc. Notes,https://docs.google.com/document/d/1j_E5jSmMujJb-OkyJIrefP_mWV_1t7p7/edit?usp=drivesdk&ouid=117877075857315698786&rtpof=true&sd=true,,,Reviewed,TR-0598,"Morgan chairing CC — COVID empathy templates, snail mailers ('no aliens'), team expansion.",Medium
Root/Misc. Notes,One on Ones - Week of August 9.docx,1vOK4UmGN3ShfqIcj0QiNIscnw0-Yk7sW,File,application/vnd.openxmlformats-officedocument.wordprocessingml.document,Misc. Notes,https://docs.google.com/document/d/1vOK4UmGN3ShfqIcj0QiNIscnw0-Yk7sW/edit?usp=drivesdk&ouid=117877075857315698786&rtpof=true&sd=true,,,Reviewed,TR-0394,"Individual schedule planning for 4 team members (Stacey, Tevis, Julie, Jamie); 500 prospect goal check-in",
Root/Misc. Notes,One on Ones - Week of August 2.docx,1UxtQqu2ISXdMy40wSLM6wVw3Gr7HHph_,File,application/vnd.openxmlformats-officedocument.wordprocessingml.document,Misc. Notes,https://docs.google.com/document/d/1UxtQqu2ISXdMy40wSLM6wVw3Gr7HHph_/edit?usp=drivesdk&ouid=117877075857315698786&rtpof=true&sd=true,,,Reviewed,TR-0393,"500 prospects/month goal (25/day, 125/week); Opp goals: team 100 / each Pod 25; Morgan quoting goal standards",
Root/Misc. Notes,jul 13 one on ones.docx,1oA3WkHKShpkqc96PLFi5_t3ti7QMQJBr,File,application/vnd.openxmlformats-officedocument.wordprocessingml.document,Misc. Notes,https://docs.google.com/document/d/1oA3WkHKShpkqc96PLFi5_t3ti7QMQJBr/edit?usp=drivesdk&ouid=117877075857315698786&rtpof=true&sd=true,,,Reviewed,TR-0599,"Morgan coaching pod — data hygiene, Vidyard HW, Bobby watching activity, Office Hours. Score: 9.",Medium
Root/Misc. Notes,One on One Topics 6_8.docx,1MQWjDcATl-5iVe1L2Yb5fTIutgHKGFjM,File,application/vnd.openxmlformats-officedocument.wordprocessingml.document,Misc. Notes,https://docs.google.com/document/d/1MQWjDcATl-5iVe1L2Yb5fTIutgHKGFjM/edit?usp=drivesdk&ouid=117877075857315698786&rtpof=true&sd=true,,,Reviewed,TR-0396,"Morgan is one of original SDR team members (with Jen, Mike, Melanie, Kaelyn); only non-Bobby Blue personality on team",
Root/Misc. Notes,Kickoff Meeting Agenda!!.docx,1bKAuNxGuXA_oE90ldokII_RKOwYD7UN6,File,application/vnd.openxmlformats-officedocument.wordprocessingml.document,Misc. Notes,https://docs.google.com/document/d/1bKAuNxGuXA_oE90ldokII_RKOwYD7UN6/edit?usp=drivesdk&ouid=117877075857315698786&rtpof=true&sd=true,,,Reviewed,TR-0382,"8-item CC agenda: collections, snippets workflow, survey access, A/B testing, sequence list, recruiting",
Root/Misc. Notes,PTO Today Event Notes.docx,1ZnZBQY_FQL_mu-bA-PK9sJGGjKOccSkN,File,application/vnd.openxmlformats-officedocument.wordprocessingml.document,Misc. Notes,https://docs.google.com/document/d/1ZnZBQY_FQL_mu-bA-PK9sJGGjKOccSkN/edit?usp=drivesdk&ouid=117877075857315698786&rtpof=true&sd=true,,,Reviewed,TR-0388,"Apr 2021; 3+ prospects documented with contract issues, follow-up actions, and notes — Morgan as coordinator",
Root/Misc. Notes,March Friday Sequence Meeting.docx,1cyI2j3v8GBkXfQhRvd_WgWQzBVtKwI54,File,application/vnd.openxmlformats-officedocument.wordprocessingml.document,Misc. Notes,https://docs.google.com/document/d/1cyI2j3v8GBkXfQhRvd_WgWQzBVtKwI54/edit?usp=drivesdk&ouid=117877075857315698786&rtpof=true&sd=true,,,Reviewed,TR-0347,CC operations meeting notes — Morgan running agenda items,
Root/Misc. Notes,02.04.21 Content Meeting.docx,1Veue4ijPOUnAS9vI1vMndqzjS3E8WgSk,File,application/vnd.openxmlformats-officedocument.wordprocessingml.document,Misc. Notes,https://docs.google.com/document/d/1Veue4ijPOUnAS9vI1vMndqzjS3E8WgSk/edit?usp=drivesdk&ouid=117877075857315698786&rtpof=true&sd=true,,,Reviewed,TR-0191,"Different file ID, same content as DF-0044 (duplicate)",
Root/Misc. Notes,01.26.21 Content Meeting-comments.html,1kd93sTOIESILBHYN1n-xbVy_A_sAiAAa,File,text/html,Misc. Notes,https://drive.google.com/file/d/1kd93sTOIESILBHYN1n-xbVy_A_sAiAAa/view?usp=drivesdk,,,Skip — not reviewable,TR-0600,HTML file — unsupported format. Docx version reviewed as TR-0190.,Medium
Root/Misc. Notes,01.26.21 Content Meeting.docx,1pxHLc7HN6hhpza9KF3ZKtFAZQMj5KWTK,File,application/vnd.openxmlformats-officedocument.wordprocessingml.document,Misc. Notes,https://docs.google.com/document/d/1pxHLc7HN6hhpza9KF3ZKtFAZQMj5KWTK/edit?usp=drivesdk&ouid=117877075857315698786&rtpof=true&sd=true,,,Reviewed,TR-0190,"Different file ID, same content as DF-0043 (duplicate)",
Root/Misc. Notes,First Content Meeting.docx,1mOzE4pSJDRUfzHxFaTXmV25bHk58kN-D,File,application/vnd.openxmlformats-officedocument.wordprocessingml.document,Misc. Notes,https://docs.google.com/document/d/1mOzE4pSJDRUfzHxFaTXmV25bHk58kN-D/edit?usp=drivesdk&ouid=117877075857315698786&rtpof=true&sd=true,,,Reviewed,TR-0373,"Morgan founded and ran first CC meeting; Bobby mission statement quoted; Morgan set vision, expectations, and priorities",
Root/Misc. Notes,Notes from 3_12_20 Sales Dev Brainstorm.docx,1LN7eP1ZlMQiGeFoAjmAjjUX7Negv_Ee9,File,application/vnd.openxmlformats-officedocument.wordprocessingml.document,Misc. Notes,https://docs.google.com/document/d/1LN7eP1ZlMQiGeFoAjmAjjUX7Negv_Ee9/edit?usp=drivesdk&ouid=117877075857315698786&rtpof=true&sd=true,,,Reviewed,TR-0390,"Strong evidence file: verify and extract any additional numeric metrics not yet captured (e.g., exact",
Root/Misc. Notes,"Kristina Bobby To Do, 1st Meeting.docx",1KOGFiyMHSLRfrsWm6FvuWFJoeYGFTSGO,File,application/vnd.openxmlformats-officedocument.wordprocessingml.document,Misc. Notes,https://docs.google.com/document/d/1KOGFiyMHSLRfrsWm6FvuWFJoeYGFTSGO/edit?usp=drivesdk&ouid=117877075857315698786&rtpof=true&sd=true,Yes,,Duplicate — defer,,,
Root/Misc. Notes,"Kristina Bobby To Do, 1st Meeting.docx",1bFCws3DgM9NGaBFlUxbV1I0tg7Jof1gH,File,application/vnd.openxmlformats-officedocument.wordprocessingml.document,Misc. Notes,https://docs.google.com/document/d/1bFCws3DgM9NGaBFlUxbV1I0tg7Jof1gH/edit?usp=drivesdk&ouid=117877075857315698786&rtpof=true&sd=true,,,Reviewed,TR-0601,Morgan has been using this' — confirmed running principal sequence. Goals: 70% open / 20-30% reply.,
Root/Misc. Notes,1_9_2020 - Sales Dev Email Review.docx,15L_C9uHlmOrClfHXxR9X4LE18Da4TVzL,File,application/vnd.openxmlformats-officedocument.wordprocessingml.document,Misc. Notes,https://docs.google.com/document/d/15L_C9uHlmOrClfHXxR9X4LE18Da4TVzL/edit?usp=drivesdk&ouid=117877075857315698786&rtpof=true&sd=true,,,Reviewed,TR-0601,1_9_2020 Sales Dev Email Review — row offset fix (reviewed as TR-0601).,Medium
Root/Misc. Notes,"Sales Dev Meeting, 11_7.docx",1tYcZL2Bl3H-DgFvnmJKGAwmaWw1oU8NV,File,application/vnd.openxmlformats-officedocument.wordprocessingml.document,Misc. Notes,https://docs.google.com/document/d/1tYcZL2Bl3H-DgFvnmJKGAwmaWw1oU8NV/edit?usp=drivesdk&ouid=117877075857315698786&rtpof=true&sd=true,,,Reviewed,TR-0365,"Morgan facilitated: BOB updates, Lightning transition, private school strategy — all-school purchase, eco-friendly, legacy pitches",
Root/IST,TreeRing Wrap-Up_ Summer 2016.docx,1dd3kT_XpC25GbmjIzVYIqrRC4D4Mawej,File,application/vnd.openxmlformats-officedocument.wordprocessingml.document,IST,https://docs.google.com/document/d/1dd3kT_XpC25GbmjIzVYIqrRC4D4Mawej/edit?usp=drivesdk&ouid=117877075857315698786&rtpof=true&sd=true,,,Reviewed,TR-0193,Verified: strong competitive displacement sequence. Matches documented 34% reply cluster criteria.,
Root/IST,Parent Organizations.xlsx,1ACNWZn-UqFDWFC4bIFWpdKzHj9v1JqwF,File,application/vnd.openxmlformats-officedocument.spreadsheetml.sheet,IST,https://docs.google.com/spreadsheets/d/1ACNWZn-UqFDWFC4bIFWpdKzHj9v1JqwF/edit?usp=drivesdk&ouid=117877075857315698786&rtpof=true&sd=true,Yes,,Duplicate — defer,,Verified: strong competitive displacement sequence. Matches documented 34% reply cluster criteria.,
Root/IST,Parent Organizations.xlsx,1_4ObHJkN-6tYFjx8h6N6GM4tP590dhB2,File,application/vnd.openxmlformats-officedocument.spreadsheetml.sheet,IST,https://docs.google.com/spreadsheets/d/1_4ObHJkN-6tYFjx8h6N6GM4tP590dhB2/edit?usp=drivesdk&ouid=117877075857315698786&rtpof=true&sd=true,,,Reviewed,TR-0602,Morgan's 50-state PTA research database (IST 2016). 'How can we become nationally recommended? THINK BIG!',High
Root/IST,TreeRing Wrap-Up_ Summer 2016.docx,1hbIe5oP-FDWJppuplur6DPyXeLeoaOT-,File,application/vnd.openxmlformats-officedocument.wordprocessingml.document,IST,https://docs.google.com/document/d/1hbIe5oP-FDWJppuplur6DPyXeLeoaOT-/edit?usp=drivesdk&ouid=117877075857315698786&rtpof=true&sd=true,,,Reviewed,TR-0466,"IST Summer 2016 wrap-up; Unit president sequence: 73% open, 25% reply; 299 emailed; earliest archived metrics (mescott@insidesalesteam.com)",High
Root/IST,PTA Summer Follow Up.docx,10O1pOjYO_3anRT9JCNE0psPmpoG3UBWl,File,application/vnd.openxmlformats-officedocument.wordprocessingml.document,IST,https://docs.google.com/document/d/10O1pOjYO_3anRT9JCNE0psPmpoG3UBWl/edit?usp=drivesdk&ouid=117877075857315698786&rtpof=true&sd=true,,,Reviewed,TR-0467,IST-era PTA follow-up email template; Yearbook Therapist title; 617.830.7317 phone,High
Root/IST,PTA Summer Follow Up-comments.html,12wJUGHb1h2oNFI7ECyHGkSzSjVHC8T72,File,text/html,IST,https://drive.google.com/file/d/12wJUGHb1h2oNFI7ECyHGkSzSjVHC8T72/view?usp=drivesdk,Yes,,Duplicate — defer,,,
Root/IST,PTA Summer Follow Up-comments.html,1jEAiyaP9OmU4cfdm9g3bUgFSELyQd1hg,File,text/html,IST,https://drive.google.com/file/d/1jEAiyaP9OmU4cfdm9g3bUgFSELyQd1hg/view?usp=drivesdk,Yes,,Duplicate — defer,,,
Root/IST,PTA Summer Follow Up.docx,1ntrRMhv69bvDYnE3hg4NqLUzZqKAezOt,File,application/vnd.openxmlformats-officedocument.wordprocessingml.document,IST,https://docs.google.com/document/d/1ntrRMhv69bvDYnE3hg4NqLUzZqKAezOt/edit?usp=drivesdk&ouid=117877075857315698786&rtpof=true&sd=true,,,Reviewed,TR-0603,"Morgan's IST PTA follow-up email — geo-targeted CA, eco angle, 'Yearbook Therapist' signature.",High
Root/IST,PTA Summer Email.docx,12cEI-KJBjtPT2bhsm4N640i1LSWE3fu2,File,application/vnd.openxmlformats-officedocument.wordprocessingml.document,IST,https://docs.google.com/document/d/12cEI-KJBjtPT2bhsm4N640i1LSWE3fu2/edit?usp=drivesdk&ouid=117877075857315698786&rtpof=true&sd=true,Yes,,Duplicate — defer,,Verified: strong competitive displacement sequence. Matches documented 34% reply cluster criteria.,
Root/IST,PTA Summer Email.docx,14TwSJiWnUXkefrIA_BUD19qJwwqBn3GQ,File,application/vnd.openxmlformats-officedocument.wordprocessingml.document,IST,https://docs.google.com/document/d/14TwSJiWnUXkefrIA_BUD19qJwwqBn3GQ/edit?usp=drivesdk&ouid=117877075857315698786&rtpof=true&sd=true,,,Reviewed,TR-0477,3 IST-era PTA email templates; 'Yearbook Therapist' title; 617 phone; 2016,High
Root/IST,PTA Summer Email-comments.html,1W_XjWQfJiog16GUShq1gjBp4bXzIXKYr,File,text/html,IST,https://drive.google.com/file/d/1W_XjWQfJiog16GUShq1gjBp4bXzIXKYr/view?usp=drivesdk,Yes,,Duplicate — defer,,Verified: strong CC inbound follow-up sequence. Strong intent-based framing and product-fit evidence,
Root/IST,PTA Summer Email-comments.html,1bh_y6qZgV5p5WCLbIxrB-nIloVHr45bm,File,text/html,IST,https://drive.google.com/file/d/1bh_y6qZgV5p5WCLbIxrB-nIloVHr45bm/view?usp=drivesdk,,,Skip — not reviewable,TR-0604,HTML file — unsupported format.,High
Root/IST,PrincipalSurveyEmails_V3.odt.docx,1bWJ-bouNTktiqI5T2WniOCK6BPyEMvlA,File,application/vnd.openxmlformats-officedocument.wordprocessingml.document,IST,https://docs.google.com/document/d/1bWJ-bouNTktiqI5T2WniOCK6BPyEMvlA/edit?usp=drivesdk&ouid=117877075857315698786&rtpof=true&sd=true,,,Reviewed,TR-0108,Jen Rock's version of principal survey outreach emails (2 variants: prior contact + cold) — context for Morgan's rewrite,
Root/IST,PrincipalSurveyEmails_V3.odt,1FnzF17DWEI8SIRurblsNdbphBrFfESDE,File,application/vnd.oasis.opendocument.text,IST,https://drive.google.com/file/d/1FnzF17DWEI8SIRurblsNdbphBrFfESDE/view?usp=drivesdk,Yes,,Duplicate — defer,,Verified 5-step ES principal GDPR/objection-based sequence; strong risk-mitigation and competitive e,
Root/IST,PrincipalSurveyEmails_V3.odt,1c8nB4YAKINk-tYKoMMLu8dhPsFxmCtPU,File,application/vnd.oasis.opendocument.text,IST,https://drive.google.com/file/d/1c8nB4YAKINk-tYKoMMLu8dhPsFxmCtPU/view?usp=drivesdk,,,Reviewed,TR-0081,Verified: 5-step ES principal sequence with competitive analysis; strong data-driven framing; resume-,
Root/LeadershipCollaboration,Copy of Get to know you QUESTIONS.docx,1Qb88wCeRYYOWSZfyXiTreOOUIcPebxyB,File,application/vnd.openxmlformats-officedocument.wordprocessingml.document,LeadershipCollaboration,https://docs.google.com/document/d/1Qb88wCeRYYOWSZfyXiTreOOUIcPebxyB/edit?usp=drivesdk&ouid=117877075857315698786&rtpof=true&sd=true,,,Reviewed,TR-0476,"Personal icebreaker Q&A; background: KU grad, Kansas City, entertainment editor, drama kid; low career evidence",High
Root/LeadershipCollaboration,Outreach Alternatives.xlsx,1hltjhHe4XrPvM0CYZRmYbhwaI11o8DP-,File,application/vnd.openxmlformats-officedocument.spreadsheetml.sheet,LeadershipCollaboration,https://docs.google.com/spreadsheets/d/1hltjhHe4XrPvM0CYZRmYbhwaI11o8DP-/edit?usp=drivesdk&ouid=117877075857315698786&rtpof=true&sd=true,,,Reviewed,TR-0468,"Outreach alternatives comparison matrix (MixMax, Salesloft, Salesforce); ~20 features evaluated",High
Root/LeadershipCollaboration,Team Brainstorm -- Private & Title 1.docx,1Jozi2c0ZWKtD5miCwo2RIC0SyX5NQlf1,File,application/vnd.openxmlformats-officedocument.wordprocessingml.document,LeadershipCollaboration,https://docs.google.com/document/d/1Jozi2c0ZWKtD5miCwo2RIC0SyX5NQlf1/edit?usp=drivesdk&ouid=117877075857315698786&rtpof=true&sd=true,,,Reviewed,TR-0371,Private schools pitch: tradition/alumni/eco-friendly/all-school purchases/premium covers/supplemental books,
Root/LeadershipCollaboration,Sales Dev - Lightning Brainstorm V1.docx,1eBuzOKX2FM9bi2_AQp97N_VYarBQPEfL,File,application/vnd.openxmlformats-officedocument.wordprocessingml.document,LeadershipCollaboration,https://docs.google.com/document/d/1eBuzOKX2FM9bi2_AQp97N_VYarBQPEfL/edit?usp=drivesdk&ouid=117877075857315698786&rtpof=true&sd=true,,,Reviewed,TR-0363,Classic vs Lightning structured comparison; 400-account CA reference; Morgan primary voice; Nov 2019,
Root/LeadershipCollaboration,Sales Dev - Lightning Transition Brainstorm.docx,1jUuINRTgFXc7yqdxZYqlbxNIuc3NvQhp,File,application/vnd.openxmlformats-officedocument.wordprocessingml.document,LeadershipCollaboration,https://docs.google.com/document/d/1jUuINRTgFXc7yqdxZYqlbxNIuc3NvQhp/edit?usp=drivesdk&ouid=117877075857315698786&rtpof=true&sd=true,,,Reviewed,TR-0362,Verified: GDPR/objection sequence for ES principals; strong; resume-ready when full reply-rate data i,
Root/Development,Self Reflection Jan 2023.docx,1bKHa487HO8dUVNf6QWPbEOcOlp9t-Mcb,File,application/vnd.openxmlformats-officedocument.wordprocessingml.document,Development,https://docs.google.com/document/d/1bKHa487HO8dUVNf6QWPbEOcOlp9t-Mcb/edit?usp=drivesdk&ouid=117877075857315698786&rtpof=true&sd=true,,,Reviewed,TR-0461,"Jan 2023 CultureAmp self-assessment; management voice growth, Salesforce mastery, SDR return, interest in Ops role under Melanie",High
Root/Development,Individual SDR Dashboard Brainstorm.docx,1_WwAVEp_axq7Az6Y0U45LAlxiVh2AoYG,File,application/vnd.openxmlformats-officedocument.wordprocessingml.document,Development,https://docs.google.com/document/d/1_WwAVEp_axq7Az6Y0U45LAlxiVh2AoYG/edit?usp=drivesdk&ouid=117877075857315698786&rtpof=true&sd=true,,,Reviewed,TR-0464,"Salesforce dashboard design proposal; 5 sections, 20+ reports with exact filter logic; custom dashboards per SDR",High
Root/Development,Untitled document(19).docx,17Q99IuFt5ym7EtOZMheHAsQhM6pfyd40,File,application/vnd.openxmlformats-officedocument.wordprocessingml.document,Development,https://docs.google.com/document/d/17Q99IuFt5ym7EtOZMheHAsQhM6pfyd40/edit?usp=drivesdk&ouid=117877075857315698786&rtpof=true&sd=true,,,Reviewed,TR-0469,"Skeleton brainstorm: Sales+Marketing+CC merge 22-23; headers only, no content",High
Root/Development,Process Map MiniSite.docx,1N1RM93TYt0Fe9BHu-xc8A9DDtuRx7JwH,File,application/vnd.openxmlformats-officedocument.wordprocessingml.document,Development,https://docs.google.com/document/d/1N1RM93TYt0Fe9BHu-xc8A9DDtuRx7JwH/edit?usp=drivesdk&ouid=117877075857315698786&rtpof=true&sd=true,Yes,,Duplicate — defer,,,
Root/Development,Social Media Presentation.pptx,1TbVc1DOxBB4VMTW9FaWsUAGrE_PBYjrd,File,application/vnd.openxmlformats-officedocument.presentationml.presentation,Development,https://docs.google.com/presentation/d/1TbVc1DOxBB4VMTW9FaWsUAGrE_PBYjrd/edit?usp=drivesdk&ouid=117877075857315698786&rtpof=true&sd=true,,,Reviewed,TR-0153,Early career pitch for SDRs to manage TreeRing social media; supervisor Leo; data-backed with educational value prop,
Root/Development,Thought Leader Brainstorm.docx,1qLhECn6jH-1AjgaOq30t51JXCIJL_4bL,File,application/vnd.openxmlformats-officedocument.wordprocessingml.document,Development,https://docs.google.com/document/d/1qLhECn6jH-1AjgaOq30t51JXCIJL_4bL/edit?usp=drivesdk&ouid=117877075857315698786&rtpof=true&sd=true,,,Reviewed,TR-0370,"Created 4 Flipboard feeds (Parents, Teachers, Admins, Internal/Sales); curated 25+ resource links; proposed book club",
Root/Development,Morgan_Jen -- Next Steps!.docx,15L9LSg084yMF6ew5wh_Pb8qcONe_5O3p,File,application/vnd.openxmlformats-officedocument.wordprocessingml.document,Development,https://docs.google.com/document/d/15L9LSg084yMF6ew5wh_Pb8qcONe_5O3p/edit?usp=drivesdk&ouid=117877075857315698786&rtpof=true&sd=true,,,Reviewed,TR-0465,"Morgan & Jen joint advocacy for Senior SDR; Morgan ~$11k from $1M C/W; Oct 2015 IST start; requests title, raise, Outreach sequence access",High
Root/Development,Social Media Presentation.docx,1N-FkPpP3jlE74ifAck-5BN_2Ay-EBhxs,File,application/vnd.openxmlformats-officedocument.wordprocessingml.document,Development,https://docs.google.com/document/d/1N-FkPpP3jlE74ifAck-5BN_2Ay-EBhxs/edit?usp=drivesdk&ouid=117877075857315698786&rtpof=true&sd=true,,,Reviewed,TR-0154,Written doc version of Social Media Presentation.pptx,
Root/TrainingGuides,Illegal Spreadsheet Training 06.20.24.docx,1cj-tVol7MySRqGdpSq0BrGM_by21klSZ,File,application/vnd.openxmlformats-officedocument.wordprocessingml.document,TrainingGuides,https://docs.google.com/document/d/1cj-tVol7MySRqGdpSq0BrGM_by21klSZ/edit?usp=drivesdk&ouid=117877075857315698786&rtpof=true&sd=true,,,Reviewed,TR-0605,Empty file — no content.,Medium
Root/TrainingGuides,Sales Dev_ Outreach Prospect Tag List.docx,1Vn2lC-6CrTlK8kuftdhX1xeCnTqUjNV1,File,application/vnd.openxmlformats-officedocument.wordprocessingml.document,TrainingGuides,https://docs.google.com/document/d/1Vn2lC-6CrTlK8kuftdhX1xeCnTqUjNV1/edit?usp=drivesdk&ouid=117877075857315698786&rtpof=true&sd=true,Yes,,Duplicate — defer,,,
Root/TrainingGuides,SDR Variable Training.pptx,1sOw2reyV9opCUFO0rY5OChtAG_8F5Z2Y,File,application/vnd.openxmlformats-officedocument.presentationml.presentation,TrainingGuides,https://docs.google.com/presentation/d/1sOw2reyV9opCUFO0rY5OChtAG_8F5Z2Y/edit?usp=drivesdk&ouid=117877075857315698786&rtpof=true&sd=true,,,Reviewed,TR-0279,"Technical training curriculum: Outreach variable coding (if/else logic, error troubleshooting, snippet architecture)",
Root/TrainingGuides,Spring Refresher with Ed Ganze_ 02.07.23.docx,1W1BzcnHFQih9FEjUFSfDZMgx7Y2PofcS,File,application/vnd.openxmlformats-officedocument.wordprocessingml.document,TrainingGuides,https://docs.google.com/document/d/1W1BzcnHFQih9FEjUFSfDZMgx7Y2PofcS/edit?usp=drivesdk&ouid=117877075857315698786&rtpof=true&sd=true,,,Reviewed,TR-0271,Verified: 5-step ES principal sequence with competitive analysis; strong data-driven framing; resume-,
Root/TrainingGuides,Prep for January 2023!.docx,1KbuVCAZTVygzZe0AS2Ta0_CZfHjijBlk,File,application/vnd.openxmlformats-officedocument.wordprocessingml.document,TrainingGuides,https://docs.google.com/document/d/1KbuVCAZTVygzZe0AS2Ta0_CZfHjijBlk/edit?usp=drivesdk&ouid=117877075857315698786&rtpof=true&sd=true,Yes,,Duplicate — defer,,Verified 6-step ES district sequence; strongest district-level personalized outreach artifact; resume,
Root/TrainingGuides,Morgan Copy - Outbound Content Performance Review.pptx,1mpXAAbWtexImxSpshzZt-hZLfwuPnLLt,File,application/vnd.openxmlformats-officedocument.presentationml.presentation,TrainingGuides,https://docs.google.com/presentation/d/1mpXAAbWtexImxSpshzZt-hZLfwuPnLLt/edit?usp=drivesdk&ouid=117877075857315698786&rtpof=true&sd=true,Yes,,Duplicate — defer,,Verified 6-step CC district sequence; strong district-level personalization and peer-comparison frami,
Root/TrainingGuides,PTA Councils.pptx,1tlGYsm216wHJ8hN9V1Z-B0ojGs8RROhv,File,application/vnd.openxmlformats-officedocument.presentationml.presentation,TrainingGuides,https://docs.google.com/presentation/d/1tlGYsm216wHJ8hN9V1Z-B0ojGs8RROhv/edit?usp=drivesdk&ouid=117877075857315698786&rtpof=true&sd=true,Yes,,Duplicate — defer,,,
Root/TrainingGuides,"Training_ Research, Contacts, Prospects, & Sequenc.pptx",1T5m9NT2PwvI9Zajhps47EaB7ROXpmKT_,File,application/vnd.openxmlformats-officedocument.presentationml.presentation,TrainingGuides,https://docs.google.com/presentation/d/1T5m9NT2PwvI9Zajhps47EaB7ROXpmKT_/edit?usp=drivesdk&ouid=117877075857315698786&rtpof=true&sd=true,Yes,,Duplicate — defer,,,
Root/TrainingGuides,"Training_ Research, Contacts, Prospects, & Sequenc.pptx",1s56l8F-2Oti3p-rcIUOXbtG_GrTnKcXK,File,application/vnd.openxmlformats-officedocument.presentationml.presentation,TrainingGuides,https://docs.google.com/presentation/d/1s56l8F-2Oti3p-rcIUOXbtG_GrTnKcXK/edit?usp=drivesdk&ouid=117877075857315698786&rtpof=true&sd=true,,,Reviewed,TR-0283,"Confirmed document link, file verified. Evidence of Morgan ownership documented. Escalate to resumewo",
Root/TrainingGuides,Bulk Finding + Adding Prospects.docx,1GZEeftRZ-e3P7ytpuBMJzXgtCygNTIQ5,File,application/vnd.openxmlformats-officedocument.wordprocessingml.document,TrainingGuides,https://docs.google.com/document/d/1GZEeftRZ-e3P7ytpuBMJzXgtCygNTIQ5/edit?usp=drivesdk&ouid=117877075857315698786&rtpof=true&sd=true,Yes,,Duplicate — defer,,,
Root/TrainingGuides,TreeRingSlides.pptx,1BzSZVYxu0ay4CMxWQSKYeulBcLwGDnmW,File,application/vnd.openxmlformats-officedocument.presentationml.presentation,TrainingGuides,https://docs.google.com/presentation/d/1BzSZVYxu0ay4CMxWQSKYeulBcLwGDnmW/edit?usp=drivesdk&ouid=117877075857315698786&rtpof=true&sd=true,Yes,,Duplicate — defer,,"Confirmed document link, file verified. Resume-workstream entry TBD. Escalate to resume workstream.",
Root/TrainingGuides,TreeRingSlides.pptx,1x4pa91VHKZP0Am3yurI-rtQ0eZBplTId,File,application/vnd.openxmlformats-officedocument.presentationml.presentation,TrainingGuides,https://docs.google.com/presentation/d/1x4pa91VHKZP0Am3yurI-rtQ0eZBplTId/edit?usp=drivesdk&ouid=117877075857315698786&rtpof=true&sd=true,,,Reviewed,TR-0149,"Custom pages 300%, digital signatures 4000% (COVID); $5M fundraising",
Root/TrainingGuides,Hot Zone + Outreach Coding Ideas.docx,1QXlwkLPkDE0OyFiTFqF5lAfJFTcVKyZb,File,application/vnd.openxmlformats-officedocument.wordprocessingml.document,TrainingGuides,https://docs.google.com/document/d/1QXlwkLPkDE0OyFiTFqF5lAfJFTcVKyZb/edit?usp=drivesdk&ouid=117877075857315698786&rtpof=true&sd=true,Yes,,Duplicate — defer,,"Confirmed document link; verified outbound enablement — objection handling — Morgan authored, co-author",
Root/TrainingGuides,TreeRingSlides_ Georgia.pptx,1pWWczFxeVPLPqkRXrU9cO8tJ6_OqwPOv,File,application/vnd.openxmlformats-officedocument.presentationml.presentation,TrainingGuides,https://docs.google.com/presentation/d/1pWWczFxeVPLPqkRXrU9cO8tJ6_OqwPOv/edit?usp=drivesdk&ouid=117877075857315698786&rtpof=true&sd=true,Yes,,Duplicate — defer,,,
Root/TrainingGuides,TreeRingSlides_GwinnettArea1_PowerPoint.pptx,1AWxOs5mbKkM_v-npeMfDaUUA42GA-tZ3,File,application/vnd.openxmlformats-officedocument.presentationml.presentation,TrainingGuides,https://docs.google.com/presentation/d/1AWxOs5mbKkM_v-npeMfDaUUA42GA-tZ3/edit?usp=drivesdk&ouid=117877075857315698786&rtpof=true&sd=true,Yes,,Duplicate — defer,,,
Root/TrainingGuides,TreeRingSlides_Gwinnett_Area1.pptx,1C-cbSe7_mOi2w7YrZDIIQej_Fu2L1qON,File,application/vnd.openxmlformats-officedocument.presentationml.presentation,TrainingGuides,https://docs.google.com/presentation/d/1C-cbSe7_mOi2w7YrZDIIQej_Fu2L1qON/edit?usp=drivesdk&ouid=117877075857315698786&rtpof=true&sd=true,,,Reviewed,TR-0147,Google Slides version of TreeRingSlides_GwinnettArea1_PowerPoint.pptx (DF-0092),
Root/TrainingGuides,Mass-Update Prospect Fields in Outreach based on S.docx,14MvwsQ-fLnvigCb3yOOGBKJjzixo4cf3,File,application/vnd.openxmlformats-officedocument.wordprocessingml.document,TrainingGuides,https://docs.google.com/document/d/14MvwsQ-fLnvigCb3yOOGBKJjzixo4cf3/edit?usp=drivesdk&ouid=117877075857315698786&rtpof=true&sd=true,,,Reviewed,TR-0606,Morgan's Outreach mass-update tip — Wake* wildcard technique for prospect fields.,Medium
Root/TrainingGuides,"Sales Dev Process 2020, Morgan.docx",1_xsMq8qwQvk5jblbkEOlyYgxi6x6CYUE,File,application/vnd.openxmlformats-officedocument.wordprocessingml.document,TrainingGuides,https://docs.google.com/document/d/1_xsMq8qwQvk5jblbkEOlyYgxi6x6CYUE/edit?usp=drivesdk&ouid=117877075857315698786&rtpof=true&sd=true,,,Reviewed,TR-0607,MORGAN'S COMPLETE 8-STEP SDR PROCESS — new hire training doc; full methodology + philosophy. Score: 10.,Medium
Root/TrainingGuides,"Sales Dev Process, Morgan.docx",1Y4GSdZCy5EVXZjmOnnHsFIZ5hMjXW-LY,File,application/vnd.openxmlformats-officedocument.wordprocessingml.document,TrainingGuides,https://docs.google.com/document/d/1Y4GSdZCy5EVXZjmOnnHsFIZ5hMjXW-LY/edit?usp=drivesdk&ouid=117877075857315698786&rtpof=true&sd=true,,,Reviewed,TR-0608,"Earlier version of Morgan's SDR process (see TR-0607). Large file, same methodology.",Medium
Root/WorflowPerformance,Morgan_s Smart Spreadsheet.xlsx,1qS9yegQlMLfrZbtym6klJRNzKyovmSTg,File,application/vnd.openxmlformats-officedocument.spreadsheetml.sheet,WorflowPerformance,https://docs.google.com/spreadsheets/d/1qS9yegQlMLfrZbtym6klJRNzKyovmSTg/edit?usp=drivesdk&ouid=117877075857315698786&rtpof=true&sd=true,,,Reviewed,TR-0284,Full Salesforce account territory; G-Connector sync; prioritization framework (Hot Zones > Private > Green > Title 1 > PTA),
Root/WorflowPerformance,Morgan 2021_ To Be Re-Assigned.xlsx,1IuQLgSr1ymA_TS6X_Fjl3Jlh4Lzxur3w,File,application/vnd.openxmlformats-officedocument.spreadsheetml.sheet,WorflowPerformance,https://docs.google.com/spreadsheets/d/1IuQLgSr1ymA_TS6X_Fjl3Jlh4Lzxur3w/edit?usp=drivesdk&ouid=117877075857315698786&rtpof=true&sd=true,,,Reviewed,TR-0457,"July 2021 HZ territory restructure: 3,668 schools analyzed; Give 1,594/Keep 2,074; HZ Give 622/Keep 979; accounts >$2,500: 2,997",High
Root/WorflowPerformance,"Morgan_s Hot Zones! Progress, organization, custom.xlsx",1-f83F5KD6egOaG5NRIOYavSY5XS0Fftt,File,application/vnd.openxmlformats-officedocument.spreadsheetml.sheet,WorflowPerformance,https://docs.google.com/spreadsheets/d/1-f83F5KD6egOaG5NRIOYavSY5XS0Fftt/edit?usp=drivesdk&ouid=117877075857315698786&rtpof=true&sd=true,,,Reviewed,TR-0313,23-24 active customer orders with satExperience and satRecommend scores (1-10); many 7-10 ratings,
Root/WorflowPerformance,Year to Year (1-4).xlsx,18u6sjU1QNxCq48zp3RsaB3CspSXkGYxp,File,application/vnd.openxmlformats-officedocument.spreadsheetml.sheet,WorflowPerformance,https://docs.google.com/spreadsheets/d/18u6sjU1QNxCq48zp3RsaB3CspSXkGYxp/edit?usp=drivesdk&ouid=117877075857315698786&rtpof=true&sd=true,,,Reviewed,TR-0285,Y1: $521K opps/$179K rev; Y2: $490K/$273K; Y3: $461K/$382K (peak IC year); Y4: $32K/$39K (partial — MPP transition),
Root/WorflowPerformance,Morgan -- PTA Council Events.xlsx,1MgwjAcZIhbRowz8XsV7R-YwqpTCV3LKB,File,application/vnd.openxmlformats-officedocument.spreadsheetml.sheet,WorflowPerformance,https://docs.google.com/spreadsheets/d/1MgwjAcZIhbRowz8XsV7R-YwqpTCV3LKB/edit?usp=drivesdk&ouid=117877075857315698786&rtpof=true&sd=true,Yes,,Duplicate — defer,,,
Root/WorflowPerformance,Morgan -- PTA Council Events.xlsx,1NuuxZYSfihA8KgiySy6Tgygr8Tkyosfd,File,application/vnd.openxmlformats-officedocument.spreadsheetml.sheet,WorflowPerformance,https://docs.google.com/spreadsheets/d/1NuuxZYSfihA8KgiySy6Tgygr8Tkyosfd/edit?usp=drivesdk&ouid=117877075857315698786&rtpof=true&sd=true,,,Reviewed,TR-0458,PTA contact database; hundreds of schools across 4 districts (Wake County 70+) with call notes and status per school,High
Root/WorflowPerformance,Morgan -- Targeted High Schools.xlsx,1HI5GM3z6zQMoBvxk087KcxYv9jCEDcuh,File,application/vnd.openxmlformats-officedocument.spreadsheetml.sheet,WorflowPerformance,https://docs.google.com/spreadsheets/d/1HI5GM3z6zQMoBvxk087KcxYv9jCEDcuh/edit?usp=drivesdk&ouid=117877075857315698786&rtpof=true&sd=true,,,Reviewed,TR-0610,"Morgan's 272+ HS territory research DB: school+teacher contacts, RLP%, enrollment, historical opps.",High
Root/WorflowPerformance,Relevant Blog Articles.docx,1ttIqO2GTf-B7BDR9bpoHGuOnn4qQ9Cjh,File,application/vnd.openxmlformats-officedocument.wordprocessingml.document,WorflowPerformance,https://docs.google.com/document/d/1ttIqO2GTf-B7BDR9bpoHGuOnn4qQ9Cjh/edit?usp=drivesdk&ouid=117877075857315698786&rtpof=true&sd=true,,,Reviewed,TR-0609,Morgan's blog article content library for prospect nurture outreach.,High
Root/MPP,MPP_ 22-23 Performance.docx,1qKePzylijExDwN3jZP1d0KqL8tXFITuV,File,application/vnd.openxmlformats-officedocument.wordprocessingml.document,MPP,https://docs.google.com/document/d/1qKePzylijExDwN3jZP1d0KqL8tXFITuV/edit?usp=drivesdk&ouid=117877075857315698786&rtpof=true&sd=true,,,Reviewed,TR-0276,5 direct reports documented; links to richer goals doc,
Root/MPP,Tevis_ 22-23 Performance.docx,1lhD7-UsauY1C4lHXHYuiq4DV-3Q0NVOy,File,application/vnd.openxmlformats-officedocument.wordprocessingml.document,MPP,https://docs.google.com/document/d/1lhD7-UsauY1C4lHXHYuiq4DV-3Q0NVOy/edit?usp=drivesdk&ouid=117877075857315698786&rtpof=true&sd=true,,,Reviewed,TR-0134,76% open rate; 4.2% reply; 87 Vidyards; 75.54% conversion rate — highest in pod; 42 opps created,
Root/MPP,Jamie_ 22-23 Performance.docx,1zYF95yxClG-kHVflq2Ezvf9wvkdr_5g7,File,application/vnd.openxmlformats-officedocument.wordprocessingml.document,MPP,https://docs.google.com/document/d/1zYF95yxClG-kHVflq2Ezvf9wvkdr_5g7/edit?usp=drivesdk&ouid=117877075857315698786&rtpof=true&sd=true,,,Reviewed,TR-0448,"Annual performance review Morgan wrote for Jamie; reply rate 4.6% vs 3.5% team avg; conversion 65.73%; C/W $79,867",High
Root/MPP,Erin_ 22-23 Performance.docx,1MG3DBa0jqyKZKrPkKnQQpHIdQFau4Irk,File,application/vnd.openxmlformats-officedocument.wordprocessingml.document,MPP,https://docs.google.com/document/d/1MG3DBa0jqyKZKrPkKnQQpHIdQFau4Irk/edit?usp=drivesdk&ouid=117877075857315698786&rtpof=true&sd=true,,,Reviewed,TR-0449,"Annual performance review for Erin; 32,084 emails; Thnks 93% open, 73% redeemed, 6 prospect thank-you notes; C/W $100,560",High
Root/MPP,Julie_ 22-23 Performance.docx,1YrUXRudKDLOOto5X0cG5-UxHfhMw5cmN,File,application/vnd.openxmlformats-officedocument.wordprocessingml.document,MPP,https://docs.google.com/document/d/1YrUXRudKDLOOto5X0cG5-UxHfhMw5cmN/edit?usp=drivesdk&ouid=117877075857315698786&rtpof=true&sd=true,,,Reviewed,TR-0019,Performance context: inferred from 34% reply cluster. Verify explicit metrics and attribution. Pendi,
Root/MPP,Ayesha_ 22-23 Performance.docx,1FsbzZZ0JRp9ABohsWxUh0a8eF-tllQ-_,File,application/vnd.openxmlformats-officedocument.wordprocessingml.document,MPP,https://docs.google.com/document/d/1FsbzZZ0JRp9ABohsWxUh0a8eF-tllQ-_/edit?usp=drivesdk&ouid=117877075857315698786&rtpof=true&sd=true,,,Reviewed,TR-0450,"Year 1 review for Ayesha; open rate 62% (above avg), click rate 9.6% (above avg); C/W $18,119; 11 opps (Bobby expected 10)",High
Root/MPP,22-23 MPP Review Notes.docx,19oH0a6Q3rVbMCAI2gKCwZmLLZow-dAs6,File,application/vnd.openxmlformats-officedocument.wordprocessingml.document,MPP,https://docs.google.com/document/d/19oH0a6Q3rVbMCAI2gKCwZmLLZow-dAs6/edit?usp=drivesdk&ouid=117877075857315698786&rtpof=true&sd=true,,,Reviewed,TR-0336,Verified 3-step district-level outreach; strong peer-comparison framing and personalization; resume-r,
Root/MPP,"PA Databases, Councils, Associations, etc.docx",170Od2E9-BizYLPcQHnIl1wWazmiVzNQx,File,application/vnd.openxmlformats-officedocument.wordprocessingml.document,MPP,https://docs.google.com/document/d/170Od2E9-BizYLPcQHnIl1wWazmiVzNQx/edit?usp=drivesdk&ouid=117877075857315698786&rtpof=true&sd=true,,,Reviewed,TR-0463,PA educational orgs database; 25 associations catalogued; state-level territory research beyond typical SDR scope,High
Root/MPP,Tevis.docx,15S9Dxlb3ev3my_4JLW57VeOt9zwyk_-g,File,application/vnd.openxmlformats-officedocument.wordprocessingml.document,MPP,https://docs.google.com/document/d/15S9Dxlb3ev3my_4JLW57VeOt9zwyk_-g/edit?usp=drivesdk&ouid=117877075857315698786&rtpof=true&sd=true,,,Reviewed,TR-0137,"$175,318 total revenue; 71.11% closed-won rate; $5,832 to $152,942 in opps created (Year 1 to Year 3)",
Root/MPP,Julie.docx,1cNTZ8ovW47X9MO18JCTLQCXB7cBSphaF,File,application/vnd.openxmlformats-officedocument.wordprocessingml.document,MPP,https://docs.google.com/document/d/1cNTZ8ovW47X9MO18JCTLQCXB7cBSphaF/edit?usp=drivesdk&ouid=117877075857315698786&rtpof=true&sd=true,,,Reviewed,TR-0452,"Multi-year review for Julie; $132,924 opp value; 32,378 deliveries 47% opens; rated 'Often Exceeds Expectations'",High
Root/MPP,Jamie.docx,1O-StL2VzsY2z9Sfv06q7Uwc-ftnCOpb_,File,application/vnd.openxmlformats-officedocument.wordprocessingml.document,MPP,https://docs.google.com/document/d/1O-StL2VzsY2z9Sfv06q7Uwc-ftnCOpb_/edit?usp=drivesdk&ouid=117877075857315698786&rtpof=true&sd=true,,,Reviewed,TR-0453,"Multi-year review for Jamie; 72.73% C/W rate; doubled revenue YoY ($25,380 to $31,810); coached Salesforce/Outreach skills",High
Root/MPP,Erin.docx,1IRdia5y1ATcaMTUsYkIW0SkfITPfo7fy,File,application/vnd.openxmlformats-officedocument.wordprocessingml.document,MPP,https://docs.google.com/document/d/1IRdia5y1ATcaMTUsYkIW0SkfITPfo7fy/edit?usp=drivesdk&ouid=117877075857315698786&rtpof=true&sd=true,,,Reviewed,TR-0462,"Multi-year review for Erin; $200,858 total C/W revenue; 56 opps, $296,725 opp value; 62.5% C/W rate; highest revenue in pod",High
Root/MPP,MPP_ Pod Goals 21-22.xlsx,1SvWyyuWGCG4JwU1P4ZxWWcxIdfeI_aDx,File,application/vnd.openxmlformats-officedocument.spreadsheetml.sheet,MPP,https://docs.google.com/spreadsheets/d/1SvWyyuWGCG4JwU1P4ZxWWcxIdfeI_aDx/edit?usp=drivesdk&ouid=117877075857315698786&rtpof=true&sd=true,,,Reviewed,TR-0277,"Morgan 20-21: 69 opps, $441K pipeline, $311K closed-won; pod of 6 (Morgan, Tevis, Stacey, Julie, Jamie, Elizabeth)",
Root/MPP,Morgan_s Pod - Internal (Morgan Only).xlsx,1zyKFrNJ39_x2351Bhqmnbh0bYwNmsXFh,File,application/vnd.openxmlformats-officedocument.spreadsheetml.sheet,MPP,https://docs.google.com/spreadsheets/d/1zyKFrNJ39_x2351Bhqmnbh0bYwNmsXFh/edit?usp=drivesdk&ouid=117877075857315698786&rtpof=true&sd=true,,,Reviewed,TR-0451,"June 2021 coaching assessment spreadsheet; 5 SDRs scored Skill/Will/Focus (10+ sub-skills each); Tevis 7.7/8.1/7.8, Jamie 4.7/6.2/7.8",High
Root/MiscSpreadsheets,Accounts_Errors.xlsx,1kLYNGUC-u-DXU6B4l_tODMhGJe0exIhT,File,application/vnd.openxmlformats-officedocument.spreadsheetml.sheet,MiscSpreadsheets,https://docs.google.com/spreadsheets/d/1kLYNGUC-u-DXU6B4l_tODMhGJe0exIhT/edit?usp=drivesdk&ouid=117877075857315698786&rtpof=true&sd=true,,,Reviewed,TR-0611,Salesforce import errors — Morgan's CRM import work with per-school competitor/pricing research notes.,High
Root/MiscSpreadsheets,Accounts_Errors.csv,1aOuzMiss9Tsu81onBv7GH-u2KzTtRpor,File,text/csv,MiscSpreadsheets,https://drive.google.com/file/d/1aOuzMiss9Tsu81onBv7GH-u2KzTtRpor/view?usp=drivesdk,,,Reviewed,TR-0612,CSV companion to Accounts_Errors.xlsx (TR-0611).,High
Root/MiscSpreadsheets,To Import (Scrub Round 1).xlsx,1RPc1oDAlIuFvNRsRCd5HKsnOc3eGw5Cn,File,application/vnd.openxmlformats-officedocument.spreadsheetml.sheet,MiscSpreadsheets,https://docs.google.com/spreadsheets/d/1RPc1oDAlIuFvNRsRCd5HKsnOc3eGw5Cn/edit?usp=drivesdk&ouid=117877075857315698786&rtpof=true&sd=true,,,Reviewed,TR-0232,"CRM import prep: Wake County 123 schools with competitor intel (Herff Jones, Walsworth), pricing, award flags",
Root/MiscSpreadsheets,GA Schools 2024-2024-07-24-13-22-43.xlsx,113AmbXRoX9Th_X4bbmx0GHzpe9Thk0Ix,File,application/vnd.openxmlformats-officedocument.spreadsheetml.sheet,MiscSpreadsheets,https://docs.google.com/spreadsheets/d/113AmbXRoX9Th_X4bbmx0GHzpe9Thk0Ix/edit?usp=drivesdk&ouid=117877075857315698786&rtpof=true&sd=true,,,Reviewed,TR-0614,"Morgan's GA 2024 territory research DB — district, HZ, EV, account status, contacts.",High
Root/MiscSpreadsheets,GA Schools 2024-2024-07-24-13-21-01.xlsx,1df33er_HANByyP-Fhe-AEdJIwT2BHU-m,File,application/vnd.openxmlformats-officedocument.spreadsheetml.sheet,MiscSpreadsheets,https://docs.google.com/spreadsheets/d/1df33er_HANByyP-Fhe-AEdJIwT2BHU-m/edit?usp=drivesdk&ouid=117877075857315698786&rtpof=true&sd=true,,,Reviewed,TR-0614,"GA Schools 2024 (13-21-01) — another copy, same pattern as TR-0614.",High
Root/MiscSpreadsheets,GA Schools 2024-2024-07-24-13-22-43(1).xlsx,1dXqsGHGHDbYOuODgp61MoRWpR8BjMhr7,File,application/vnd.openxmlformats-officedocument.spreadsheetml.sheet,MiscSpreadsheets,https://docs.google.com/spreadsheets/d/1dXqsGHGHDbYOuODgp61MoRWpR8BjMhr7/edit?usp=drivesdk&ouid=117877075857315698786&rtpof=true&sd=true,,,Reviewed,TR-0614,"GA Schools 2024 (13-22-43)(1) — another copy, same pattern as TR-0614.",High
Root/MiscSpreadsheets,Wake County PTAs.xlsx,1m5iUIGnvqv30w5H8YIA0wfPlgKaL9WQ_,File,application/vnd.openxmlformats-officedocument.spreadsheetml.sheet,MiscSpreadsheets,https://docs.google.com/spreadsheets/d/1m5iUIGnvqv30w5H8YIA0wfPlgKaL9WQ_/edit?usp=drivesdk&ouid=117877075857315698786&rtpof=true&sd=true,,,Reviewed,TR-0245,Wake County PTA contact database for outreach targeting,
Root/MiscSpreadsheets,Updated_Wake_County_Schools_Staff_List.xlsx,1cmY5I2a0TfpgrEPH8IL1bpkinmVrHfg9,File,application/vnd.openxmlformats-officedocument.spreadsheetml.sheet,MiscSpreadsheets,https://docs.google.com/spreadsheets/d/1cmY5I2a0TfpgrEPH8IL1bpkinmVrHfg9/edit?usp=drivesdk&ouid=117877075857315698786&rtpof=true&sd=true,,,Reviewed,TR-0249,Wake County schools staff contact list (updated version for outreach),
Root/MiscSpreadsheets,District Research.xlsx,1UaEujBMy0vRYKB3IxEVCVHAFuMDllk6s,File,application/vnd.openxmlformats-officedocument.spreadsheetml.sheet,MiscSpreadsheets,https://docs.google.com/spreadsheets/d/1UaEujBMy0vRYKB3IxEVCVHAFuMDllk6s/edit?usp=drivesdk&ouid=117877075857315698786&rtpof=true&sd=true,,,Reviewed,TR-0230,Cobb County district research spreadsheet for territory prospecting,
Root/MiscSpreadsheets,Prince_William_County_Schools_Administration.xlsx,1y8fkxeqxPIW_mzRXDTcZybpUizSnce6s,File,application/vnd.openxmlformats-officedocument.spreadsheetml.sheet,MiscSpreadsheets,https://docs.google.com/spreadsheets/d/1y8fkxeqxPIW_mzRXDTcZybpUizSnce6s/edit?usp=drivesdk&ouid=117877075857315698786&rtpof=true&sd=true,,,Reviewed,TR-0613,"Morgan's PWC principal directory — 46+ schools, all with direct principal name + email.",High
Root/MiscSpreadsheets,Morgan  Public School Accounts-2024-07-08-11-13-09.xlsx,16XjCo60QyrdtALKUn3qCcUfciTA8lhdH,File,application/vnd.openxmlformats-officedocument.spreadsheetml.sheet,MiscSpreadsheets,https://docs.google.com/spreadsheets/d/16XjCo60QyrdtALKUn3qCcUfciTA8lhdH/edit?usp=drivesdk&ouid=117877075857315698786&rtpof=true&sd=true,,,Reviewed,TR-0615,Morgan's Salesforce export Jul 2024 — 'Generated by Morgan Escott'; active prospects >$1500.,High
Root/MiscSpreadsheets,WCPSS_Clerical_Staff_Directory.xlsx,1H1fQPp1U6H1ycmjdFuTKtJI1uW6shH5D,File,application/vnd.openxmlformats-officedocument.spreadsheetml.sheet,MiscSpreadsheets,https://docs.google.com/spreadsheets/d/1H1fQPp1U6H1ycmjdFuTKtJI1uW6shH5D/edit?usp=drivesdk&ouid=117877075857315698786&rtpof=true&sd=true,,,Reviewed,TR-0240,Wake County clerical staff directory for office-staff outreach segment,
Root/MiscSpreadsheets,Wake_County_Schools_Mascot_List_with_Type.xlsx,1-o3lodvj32KkyqWHXcjRg5PzNU9qkMfB,File,application/vnd.openxmlformats-officedocument.spreadsheetml.sheet,MiscSpreadsheets,https://docs.google.com/spreadsheets/d/1-o3lodvj32KkyqWHXcjRg5PzNU9qkMfB/edit?usp=drivesdk&ouid=117877075857315698786&rtpof=true&sd=true,,,Reviewed,TR-0248,Wake County schools mascot/type list — personalization data for outreach,
Root/MiscSpreadsheets,Untitled spreadsheet.xlsx,1fBNyxDbwX_IbCkSO84qzjCt_z0lk3I0H,File,application/vnd.openxmlformats-officedocument.spreadsheetml.sheet,MiscSpreadsheets,https://docs.google.com/spreadsheets/d/1fBNyxDbwX_IbCkSO84qzjCt_z0lk3I0H/edit?usp=drivesdk&ouid=117877075857315698786&rtpof=true&sd=true,,,Reviewed,TR-0418,Verified 2-step district-level outreach; strong peer comparison and personalization; resume-ready pen,
Root/MiscSpreadsheets,Morgan  Public School Accounts-2024-07-08-11-12-13.xlsx,1PDBXgpcjdi12EjYfZOs3zgvvtsxvv4me,File,application/vnd.openxmlformats-officedocument.spreadsheetml.sheet,MiscSpreadsheets,https://docs.google.com/spreadsheets/d/1PDBXgpcjdi12EjYfZOs3zgvvtsxvv4me/edit?usp=drivesdk&ouid=117877075857315698786&rtpof=true&sd=true,,,Reviewed,TR-0616,Earlier same-day Salesforce export (companion to TR-0615).,High
Root/MiscSpreadsheets,Extracted_Hyperlinks_from_Wake_Sheet.xlsx,1AXAjFCAjso6V4w_6fKKUT-vahj_OopUv,File,application/vnd.openxmlformats-officedocument.spreadsheetml.sheet,MiscSpreadsheets,https://docs.google.com/spreadsheets/d/1AXAjFCAjso6V4w_6fKKUT-vahj_OopUv/edit?usp=drivesdk&ouid=117877075857315698786&rtpof=true&sd=true,,,Reviewed,TR-0250,Extracted hyperlinks from Wake County schools sheet — URL prospecting data,
Root/MiscSpreadsheets,Extracted_Hyperlinks_from_Gwinnett_Sheet.xlsx,1xMx3U0gTyh_lBFRqLyIPBHsmt5EbvmBZ,File,application/vnd.openxmlformats-officedocument.spreadsheetml.sheet,MiscSpreadsheets,https://docs.google.com/spreadsheets/d/1xMx3U0gTyh_lBFRqLyIPBHsmt5EbvmBZ/edit?usp=drivesdk&ouid=117877075857315698786&rtpof=true&sd=true,,,Reviewed,TR-0617,Gwinnett County GA 130+ school URL database (ES/MS/HS).,High
Root/MiscSpreadsheets,Cobb_County_Schools_Updated_All_Verified_v2.xlsx,1HU2Q5DFjPV1Y8f9COk5pZODS7WGNvGh8,File,application/vnd.openxmlformats-officedocument.spreadsheetml.sheet,MiscSpreadsheets,https://docs.google.com/spreadsheets/d/1HU2Q5DFjPV1Y8f9COk5pZODS7WGNvGh8/edit?usp=drivesdk&ouid=117877075857315698786&rtpof=true&sd=true,,,Reviewed,TR-0617,Cobb County GA territory research — multiple versions. Pattern same as Gwinnett/GA files.,High
Root/MiscSpreadsheets,Cobb_County_Schools_Updated_All_Verified_v2(1).xlsx,14rmXvjZozvYjwQXGOwoI5FairnjrGBfb,File,application/vnd.openxmlformats-officedocument.spreadsheetml.sheet,MiscSpreadsheets,https://docs.google.com/spreadsheets/d/14rmXvjZozvYjwQXGOwoI5FairnjrGBfb/edit?usp=drivesdk&ouid=117877075857315698786&rtpof=true&sd=true,,,Reviewed,TR-0617,Cobb County GA territory research — version 2.,High
Root/MiscSpreadsheets,Cobb_County_Schools_Complete_Final_Verified_8.xlsx,1EmhdSiPYmLeTsAj2Ltj6NENznZ7cBCSw,File,application/vnd.openxmlformats-officedocument.spreadsheetml.sheet,MiscSpreadsheets,https://docs.google.com/spreadsheets/d/1EmhdSiPYmLeTsAj2Ltj6NENznZ7cBCSw/edit?usp=drivesdk&ouid=117877075857315698786&rtpof=true&sd=true,,,Reviewed,TR-0617,Cobb County GA territory research — Final Verified v8.,High
Root/MiscSpreadsheets,Cobb_County_Schools_Complete_Part7 (2).xlsx,1zu4hl1PmpzmWQtLupTE0e-TYhcppHwkc,File,application/vnd.openxmlformats-officedocument.spreadsheetml.sheet,MiscSpreadsheets,https://docs.google.com/spreadsheets/d/1zu4hl1PmpzmWQtLupTE0e-TYhcppHwkc/edit?usp=drivesdk&ouid=117877075857315698786&rtpof=true&sd=true,,,Reviewed,TR-0617,Cobb County GA territory research — Part 7 version.,High
Root/MiscSpreadsheets,Cobb_County_Schools_Complete_Part7 (2)(1).xlsx,1YGqVmNGNf6aKdcpTHuXZ5Ki7aoK4JX7F,File,application/vnd.openxmlformats-officedocument.spreadsheetml.sheet,MiscSpreadsheets,https://docs.google.com/spreadsheets/d/1YGqVmNGNf6aKdcpTHuXZ5Ki7aoK4JX7F/edit?usp=drivesdk&ouid=117877075857315698786&rtpof=true&sd=true,,,Reviewed,TR-0617,Cobb County GA territory research — Part 7 version 2.,High
Root/MiscSpreadsheets,Cobb_County_Schools_A-Z.xlsx,1lys0AjydFyGPEt7dOfXmq5320PDF_Q5q,File,application/vnd.openxmlformats-officedocument.spreadsheetml.sheet,MiscSpreadsheets,https://docs.google.com/spreadsheets/d/1lys0AjydFyGPEt7dOfXmq5320PDF_Q5q/edit?usp=drivesdk&ouid=117877075857315698786&rtpof=true&sd=true,,,Reviewed,TR-0617,Cobb County GA territory research — A-Z sorted.,High
Root/MiscSpreadsheets,Cobb_County_Schools_A-Z(1).xlsx,1J8TPU4Ix0-BIn6d8qyZiK0Hr5iqnNBJ_,File,application/vnd.openxmlformats-officedocument.spreadsheetml.sheet,MiscSpreadsheets,https://docs.google.com/spreadsheets/d/1J8TPU4Ix0-BIn6d8qyZiK0Hr5iqnNBJ_/edit?usp=drivesdk&ouid=117877075857315698786&rtpof=true&sd=true,,,Reviewed,TR-0617,Cobb County GA territory research — A-Z version 2.,High
Root/MiscSpreadsheets,Wake_County_Schools_Information.xlsx,1kfg8UvzE71jDwHBv-QbnhVv8Md7W_jft,File,application/vnd.openxmlformats-officedocument.spreadsheetml.sheet,MiscSpreadsheets,https://docs.google.com/spreadsheets/d/1kfg8UvzE71jDwHBv-QbnhVv8Md7W_jft/edit?usp=drivesdk&ouid=117877075857315698786&rtpof=true&sd=true,,,Reviewed,TR-0244,Wake County schools information database for territory research,
Root/MiscSpreadsheets,Wake_County_Schools_Information.csv,16N3jiBFx1hJKqjebcOo3BKWSqrZ5r26y,File,text/csv,MiscSpreadsheets,https://drive.google.com/file/d/16N3jiBFx1hJKqjebcOo3BKWSqrZ5r26y/view?usp=drivesdk,,,Reviewed,TR-0617,Wake County Schools Information CSV — companion to TR-0244.,High
Root/MiscSpreadsheets,Untitled spreadsheet(1).xlsx,1iry4CVRF_UbncG-22Jybk0d22OWTM0Te,File,application/vnd.openxmlformats-officedocument.spreadsheetml.sheet,MiscSpreadsheets,https://docs.google.com/spreadsheets/d/1iry4CVRF_UbncG-22Jybk0d22OWTM0Te/edit?usp=drivesdk&ouid=117877075857315698786&rtpof=true&sd=true,,,Reviewed,TR-0408,"Wake County principal names, emails, addresses, phone numbers, URLs, operational status, verification scores (89-100%)",
Root/MiscSpreadsheets,MyExport (1).xlsx,1njq-nJK_7QU3bJ3mQuz97quc_IJ8ex8o,File,application/vnd.openxmlformats-officedocument.spreadsheetml.sheet,MiscSpreadsheets,https://docs.google.com/spreadsheets/d/1njq-nJK_7QU3bJ3mQuz97quc_IJ8ex8o/edit?usp=drivesdk&ouid=117877075857315698786&rtpof=true&sd=true,,,Reviewed,TR-0615,MyExport — large Salesforce export (similar pattern to TR-0615/TR-0619).,High
Root/MiscSpreadsheets,GA_SCHOOL_CONTACT_LIST.xls,14Fzm_V-ZrOSTOgo7v0yCIqxQmSwGxBL9,File,application/vnd.ms-excel,MiscSpreadsheets,https://docs.google.com/spreadsheets/d/14Fzm_V-ZrOSTOgo7v0yCIqxQmSwGxBL9/edit?usp=drivesdk&ouid=117877075857315698786&rtpof=true&sd=true,,,Reviewed,TR-0615,"MyExport (1).xlsx — large Salesforce export, same pattern as TR-0615.",High
Root/MiscSpreadsheets,20240613-Employees.xlsx,1W3TyK96QthHynWkYcvp9Yzb5V7iHFowp,File,application/vnd.openxmlformats-officedocument.spreadsheetml.sheet,MiscSpreadsheets,https://docs.google.com/spreadsheets/d/1W3TyK96QthHynWkYcvp9Yzb5V7iHFowp/edit?usp=drivesdk&ouid=117877075857315698786&rtpof=true&sd=true,,,Reviewed,TR-0613,20240613-Employees.xlsx — large district employee/contact list (territory research).,High
Root/MiscSpreadsheets,20240613-Employees.csv,1mDqqJ_Zk763xYqNG1jbKZC7IUAK_D9M6,File,text/csv,MiscSpreadsheets,https://drive.google.com/file/d/1mDqqJ_Zk763xYqNG1jbKZC7IUAK_D9M6/view?usp=drivesdk,,,Reviewed,TR-0613,20240613-Employees.csv — companion CSV to row 568.,High
Root/MiscSpreadsheets,LowValTransfer.xlsx,1Pfj9L1KE9XgyUA-oPpBJCovMRYzYRYwL,File,application/vnd.openxmlformats-officedocument.spreadsheetml.sheet,MiscSpreadsheets,https://docs.google.com/spreadsheets/d/1Pfj9L1KE9XgyUA-oPpBJCovMRYzYRYwL/edit?usp=drivesdk&ouid=117877075857315698786&rtpof=true&sd=true,,,Reviewed,TR-0618,"Morgan's low-value account transfer: HZ kept, non-HZ <$1500 transferred to Sales Admin.",High
Root/MiscSpreadsheets,Low-Value Schools   Transfer Ownership-2024-06.xlsx,15hg78XSKnK_CfIAsSLjc9467mqEMaShc,File,application/vnd.openxmlformats-officedocument.spreadsheetml.sheet,MiscSpreadsheets,https://docs.google.com/spreadsheets/d/15hg78XSKnK_CfIAsSLjc9467mqEMaShc/edit?usp=drivesdk&ouid=117877075857315698786&rtpof=true&sd=true,,,Reviewed,TR-0618,Low-Value Schools Transfer Ownership — companion version to row 570.,High
Root/MiscSpreadsheets,Nationwide Hot Zones 2024 vs. My Districts.xlsx,1MZdhTP3ltWP5QqUAe5ka94YDYdx-F1iV,File,application/vnd.openxmlformats-officedocument.spreadsheetml.sheet,MiscSpreadsheets,https://docs.google.com/spreadsheets/d/1MZdhTP3ltWP5QqUAe5ka94YDYdx-F1iV/edit?usp=drivesdk&ouid=117877075857315698786&rtpof=true&sd=true,,,Reviewed,TR-0314,"School-by-school HZ portfolio with status (Contacted, Emailed, Meeting, Interested, Bad Fit); districts across AK, AL, AR+",
Root/MiscSpreadsheets,Morgan  Public School Accounts-2024-06-26-13-1.xlsx,1_OOkKnHTlScPcqdhm2PwbYjbG8p0lOIe,File,application/vnd.openxmlformats-officedocument.spreadsheetml.sheet,MiscSpreadsheets,https://docs.google.com/spreadsheets/d/1_OOkKnHTlScPcqdhm2PwbYjbG8p0lOIe/edit?usp=drivesdk&ouid=117877075857315698786&rtpof=true&sd=true,,,Reviewed,TR-0619,"MORGAN'S TERRITORY: 1,646 accounts / 30+ states (Jun 2024 Salesforce export).",High
Root/MiscSpreadsheets,Customers in State by Community Type-2024-06-2.xlsx,1G9wtE9M82f16slt2E30d4PeeeLtuPqZO,File,application/vnd.openxmlformats-officedocument.spreadsheetml.sheet,MiscSpreadsheets,https://docs.google.com/spreadsheets/d/1G9wtE9M82f16slt2E30d4PeeeLtuPqZO/edit?usp=drivesdk&ouid=117877075857315698786&rtpof=true&sd=true,,,Reviewed,TR-0619,Customers in State by Community Type — Salesforce analytics export.,High
Root/MiscSpreadsheets,HZ Customer List April 2024.xlsx,1PjEQHBgaJ6ZU9lnXjYCgEelU_vjulmUU,File,application/vnd.openxmlformats-officedocument.spreadsheetml.sheet,MiscSpreadsheets,https://docs.google.com/spreadsheets/d/1PjEQHBgaJ6ZU9lnXjYCgEelU_vjulmUU/edit?usp=drivesdk&ouid=117877075857315698786&rtpof=true&sd=true,,,Reviewed,TR-0234,"HZ Customer List April 2024: template generator for district proof points (e.g. 12,000+ nationwide, 2,000+ in [state])",
Root/MiscSpreadsheets,Untitled spreadsheet(2).xlsx,1VsFVdkK81x50xT6swJcnZZTIXuCibbV0,File,application/vnd.openxmlformats-officedocument.spreadsheetml.sheet,MiscSpreadsheets,https://docs.google.com/spreadsheets/d/1VsFVdkK81x50xT6swJcnZZTIXuCibbV0/edit?usp=drivesdk&ouid=117877075857315698786&rtpof=true&sd=true,,,Reviewed,TR-0417,"Systemwide SF duplicate records across all reps; Morgan appears in 1 record (Panther Creek High, DRS-71)",
Root/MiscSpreadsheets,New Accounts - Duplicates Report Report-2024-0.xlsx,1mfF-mDS1ocajTdtjIe07NQlqLB5mVkYk,File,application/vnd.openxmlformats-officedocument.spreadsheetml.sheet,MiscSpreadsheets,https://docs.google.com/spreadsheets/d/1mfF-mDS1ocajTdtjIe07NQlqLB5mVkYk/edit?usp=drivesdk&ouid=117877075857315698786&rtpof=true&sd=true,,,Reviewed,TR-0619,New Accounts Duplicates Report — CRM deduplication. Large file (1M chars).,High
Root/MiscSpreadsheets,Accounts_Errors(1).xlsx,1enDW3TiVD-EBh-ATkE9Ae2zEOB5i2gDU,File,application/vnd.openxmlformats-officedocument.spreadsheetml.sheet,MiscSpreadsheets,https://docs.google.com/spreadsheets/d/1enDW3TiVD-EBh-ATkE9Ae2zEOB5i2gDU/edit?usp=drivesdk&ouid=117877075857315698786&rtpof=true&sd=true,,,Reviewed,TR-0611,Accounts_Errors(1).xlsx — another CRM import error log (same pattern as TR-0611).,High
Root/MiscSpreadsheets,Accounts_Errors(1).csv,1udeGOQxByozKLgyJBSWsHPJdZlmHxryF,File,text/csv,MiscSpreadsheets,https://drive.google.com/file/d/1udeGOQxByozKLgyJBSWsHPJdZlmHxryF/view?usp=drivesdk,,,Reviewed,TR-0611,Accounts_Errors(1).csv — CSV companion to row 578.,High
Root/MiscSpreadsheets,OwnerFix2.xlsx,1lM2iiBIZlP5RbXyYsvo3yigoDX8Y0wiR,File,application/vnd.openxmlformats-officedocument.spreadsheetml.sheet,MiscSpreadsheets,https://docs.google.com/spreadsheets/d/1lM2iiBIZlP5RbXyYsvo3yigoDX8Y0wiR/edit?usp=drivesdk&ouid=117877075857315698786&rtpof=true&sd=true,,,Reviewed,TR-0618,OwnerFix2.xlsx — another Salesforce ownership fix file (CRM admin work).,High
Root/MiscSpreadsheets,OwnerFix_06122024.xlsx,1NE9g3UZoPl_trsqPMsc_2x790X0-8lFA,File,application/vnd.openxmlformats-officedocument.spreadsheetml.sheet,MiscSpreadsheets,https://docs.google.com/spreadsheets/d/1NE9g3UZoPl_trsqPMsc_2x790X0-8lFA/edit?usp=drivesdk&ouid=117877075857315698786&rtpof=true&sd=true,,,Reviewed,TR-0618,OwnerFix_06122024 — Salesforce ownership fix (same pattern as TR-0618).,High
Root/MiscSpreadsheets,PersonAccountTransfer_06122024.xlsx,1jp4zhMPISwTlEmcMwPLAGZ7DQIF7FG4S,File,application/vnd.openxmlformats-officedocument.spreadsheetml.sheet,MiscSpreadsheets,https://docs.google.com/spreadsheets/d/1jp4zhMPISwTlEmcMwPLAGZ7DQIF7FG4S/edit?usp=drivesdk&ouid=117877075857315698786&rtpof=true&sd=true,,,Reviewed,TR-0619,PersonAccountTransfer_06122024 — Salesforce person account transfer.,High
Root/MiscSpreadsheets,Customers  Own Person Accounts-2024-06-11-12-13-16.xlsx,1lprowZ5EjV8CQyfdLYWYVK3GtHsVm2xi,File,application/vnd.openxmlformats-officedocument.spreadsheetml.sheet,MiscSpreadsheets,https://docs.google.com/spreadsheets/d/1lprowZ5EjV8CQyfdLYWYVK3GtHsVm2xi/edit?usp=drivesdk&ouid=117877075857315698786&rtpof=true&sd=true,,,Reviewed,TR-0619,Customers Own Person Accounts Jun 11 — Salesforce export (same pattern as TR-0619).,High
Root/MiscSpreadsheets,Customers  Own Person Accounts-2024-06-10-14-48-34.xlsx,1JiyEjOp4Xb5aBHLxPCcIilYWhq6LUap8,File,application/vnd.openxmlformats-officedocument.spreadsheetml.sheet,MiscSpreadsheets,https://docs.google.com/spreadsheets/d/1JiyEjOp4Xb5aBHLxPCcIilYWhq6LUap8/edit?usp=drivesdk&ouid=117877075857315698786&rtpof=true&sd=true,,,Reviewed,TR-0619,Customers Own Person Accounts Jun 10 — Salesforce export.,High
Root/MiscSpreadsheets,Current Customers in my Name-2024-06-10-11-36-53.xlsx,1-VTSJnZFQnxaXE2D-WcNpRESuNG5uhGK,File,application/vnd.openxmlformats-officedocument.spreadsheetml.sheet,MiscSpreadsheets,https://docs.google.com/spreadsheets/d/1-VTSJnZFQnxaXE2D-WcNpRESuNG5uhGK/edit?usp=drivesdk&ouid=117877075857315698786&rtpof=true&sd=true,,,Reviewed,TR-0619,Current Customers in my Name Jun 10 11:36 — Salesforce customer export.,High
Root/MiscSpreadsheets,Current Customers in my Name-2024-06-10-11-50-.xlsx,17jSMrQtrtNGZHk8AkzZqiqmfN8w-thNJ,File,application/vnd.openxmlformats-officedocument.spreadsheetml.sheet,MiscSpreadsheets,https://docs.google.com/spreadsheets/d/17jSMrQtrtNGZHk8AkzZqiqmfN8w-thNJ/edit?usp=drivesdk&ouid=117877075857315698786&rtpof=true&sd=true,,,Reviewed,TR-0619,Current Customers in my Name Jun 10 11:50 — Salesforce customer export.,High
Root/MiscSpreadsheets,Current Customers in my Name-2024-06-10-11-36-53(1).xlsx,10xPizJ7kptr2XnGxGaYTIE-QpphM65j7,File,application/vnd.openxmlformats-officedocument.spreadsheetml.sheet,MiscSpreadsheets,https://docs.google.com/spreadsheets/d/10xPizJ7kptr2XnGxGaYTIE-QpphM65j7/edit?usp=drivesdk&ouid=117877075857315698786&rtpof=true&sd=true,,,Reviewed,TR-0619,Current Customers in my Name Jun 10 (1) — Salesforce customer export.,High
Root/MiscSpreadsheets,Current Customers in my Name-2024-06-10-11-36-.xlsx,1pK5_dhTvppzwZDeZcr5GVncdRH3pEZvr,File,application/vnd.openxmlformats-officedocument.spreadsheetml.sheet,MiscSpreadsheets,https://docs.google.com/spreadsheets/d/1pK5_dhTvppzwZDeZcr5GVncdRH3pEZvr/edit?usp=drivesdk&ouid=117877075857315698786&rtpof=true&sd=true,,,Reviewed,TR-0619,Current Customers in my Name Jun 10 (v4) — Salesforce customer export.,High
Root/MiscSpreadsheets,BouncedEmails_StatusChange_2024.xlsx,1ZuYwsicT0T0soP0Y6ovnoRLMwukl6jFS,File,application/vnd.openxmlformats-officedocument.spreadsheetml.sheet,MiscSpreadsheets,https://docs.google.com/spreadsheets/d/1ZuYwsicT0T0soP0Y6ovnoRLMwukl6jFS/edit?usp=drivesdk&ouid=117877075857315698786&rtpof=true&sd=true,,,Reviewed,TR-0619,BouncedEmails_StatusChange_2024 — email hygiene/status management data.,High
Root/MiscSpreadsheets,Emails.xlsx,1Wv4HjYT-CNaEsj99cNAf2EFTtB-pUHQf,File,application/vnd.openxmlformats-officedocument.spreadsheetml.sheet,MiscSpreadsheets,https://docs.google.com/spreadsheets/d/1Wv4HjYT-CNaEsj99cNAf2EFTtB-pUHQf/edit?usp=drivesdk&ouid=117877075857315698786&rtpof=true&sd=true,,,Reviewed,TR-0619,Emails.xlsx — email contact data (CRM management).,High
Root/MiscSpreadsheets,Customers in State by Community Type-2024-05-31-09.xlsx,1MsxS7F9E55VxZ2yfncjiGF56h7W6R-4J,File,application/vnd.openxmlformats-officedocument.spreadsheetml.sheet,MiscSpreadsheets,https://docs.google.com/spreadsheets/d/1MsxS7F9E55VxZ2yfncjiGF56h7W6R-4J/edit?usp=drivesdk&ouid=117877075857315698786&rtpof=true&sd=true,,,Reviewed,TR-0619,Customers in State by Community Type May 31 — Salesforce analytics.,High
Root/MiscSpreadsheets,"Own School Account, Not Person Accounts-2024-05-24.xlsx",190-asUmzzcrxcnRzIFOwyJ2AunPK5LvL,File,application/vnd.openxmlformats-officedocument.spreadsheetml.sheet,MiscSpreadsheets,https://docs.google.com/spreadsheets/d/190-asUmzzcrxcnRzIFOwyJ2AunPK5LvL/edit?usp=drivesdk&ouid=117877075857315698786&rtpof=true&sd=true,,,Reviewed,TR-0619,Own School Account Not Person Accounts — CRM account type report.,High
Root/MiscSpreadsheets,"Own Person Account, Not School Account-2024-05-24-.xlsx",1SGzShyW5M1IItdnRQHT7ZHQg8z851pZa,File,application/vnd.openxmlformats-officedocument.spreadsheetml.sheet,MiscSpreadsheets,https://docs.google.com/spreadsheets/d/1SGzShyW5M1IItdnRQHT7ZHQg8z851pZa/edit?usp=drivesdk&ouid=117877075857315698786&rtpof=true&sd=true,,,Reviewed,TR-0619,Own Person Account Not School Account — CRM account type report.,High
Root/MiscSpreadsheets,"Own Person Account, Not School Account-2024-05-24-(1).xlsx",1QJEfSoeQ6NJTToJbOJyAKpfk_7_10LdP,File,application/vnd.openxmlformats-officedocument.spreadsheetml.sheet,MiscSpreadsheets,https://docs.google.com/spreadsheets/d/1QJEfSoeQ6NJTToJbOJyAKpfk_7_10LdP/edit?usp=drivesdk&ouid=117877075857315698786&rtpof=true&sd=true,,,Reviewed,TR-0619,Own Person Account Not School Account (1) — CRM account type report.,High
Root/MiscSpreadsheets,KS - Shawnee Mission PTAs.xlsx,1ZxKPz36yUiAQ7BlRB4PfF33hxdrbCHO7,File,application/vnd.openxmlformats-officedocument.spreadsheetml.sheet,MiscSpreadsheets,https://docs.google.com/spreadsheets/d/1ZxKPz36yUiAQ7BlRB4PfF33hxdrbCHO7/edit?usp=drivesdk&ouid=117877075857315698786&rtpof=true&sd=true,,,Reviewed,TR-0620,Morgan's Shawnee Mission KS PTA Facebook database — 33+ schools' social media contacts.,High
Root/MiscSpreadsheets,Person Account Uploads 4.24.24.xlsx,12m4Y8n-9bjsE1q2aQaaP5FFWyS6n7lVS,File,application/vnd.openxmlformats-officedocument.spreadsheetml.sheet,MiscSpreadsheets,https://docs.google.com/spreadsheets/d/12m4Y8n-9bjsE1q2aQaaP5FFWyS6n7lVS/edit?usp=drivesdk&ouid=117877075857315698786&rtpof=true&sd=true,,,Reviewed,TR-0619,Person Account Uploads 4.24.24 — Salesforce person account bulk upload.,High
Root/MiscSpreadsheets,MN Library_Media Specialists.xlsx,1yu5cnGRAD1Ziah5jmSv-GqSo_s58hlt5,File,application/vnd.openxmlformats-officedocument.spreadsheetml.sheet,MiscSpreadsheets,https://docs.google.com/spreadsheets/d/1yu5cnGRAD1Ziah5jmSv-GqSo_s58hlt5/edit?usp=drivesdk&ouid=117877075857315698786&rtpof=true&sd=true,,,Reviewed,TR-0619,MN Library/Media Specialists — large territory DB (409K). Same pattern as TR-0619.,High
Root/MiscSpreadsheets,MN Administrators.xlsx,1NxhNIfWXNJcskOCmBX3DWqnfKLXEIhvW,File,application/vnd.openxmlformats-officedocument.spreadsheetml.sheet,MiscSpreadsheets,https://docs.google.com/spreadsheets/d/1NxhNIfWXNJcskOCmBX3DWqnfKLXEIhvW/edit?usp=drivesdk&ouid=117877075857315698786&rtpof=true&sd=true,,,Reviewed,TR-0619,MN Administrators — large territory DB (617K). Same pattern as TR-0619.,High
Root/MiscSpreadsheets,GA_SCHOOL_CONTACT_LIST.xlsx,1cxGp2uGt0tedIT-ts8xL_3wSzlXJPGIl,File,application/vnd.openxmlformats-officedocument.spreadsheetml.sheet,MiscSpreadsheets,https://docs.google.com/spreadsheets/d/1cxGp2uGt0tedIT-ts8xL_3wSzlXJPGIl/edit?usp=drivesdk&ouid=117877075857315698786&rtpof=true&sd=true,,,Reviewed,TR-0617,GA_SCHOOL_CONTACT_LIST.xlsx — GA territory research DB (same pattern as TR-0617).,High
Root/MiscSpreadsheets,NY Public Schools_ Active Public School Principal_.xlsx,1O5vEXS-81kgu4JLdWMO5LzPXhoV-HMnW,File,application/vnd.openxmlformats-officedocument.spreadsheetml.sheet,MiscSpreadsheets,https://docs.google.com/spreadsheets/d/1O5vEXS-81kgu4JLdWMO5LzPXhoV-HMnW/edit?usp=drivesdk&ouid=117877075857315698786&rtpof=true&sd=true,,,Reviewed,TR-0617,NY Public Schools Active Principal list — territory research DB.,High
Root/MiscSpreadsheets,Morgan  Public School Accounts-2024-04-24-10-42-45.xlsx,1ZDo9Bg8hmRU64rRoa2SaB8JOOBFQM9f6,File,application/vnd.openxmlformats-officedocument.spreadsheetml.sheet,MiscSpreadsheets,https://docs.google.com/spreadsheets/d/1ZDo9Bg8hmRU64rRoa2SaB8JOOBFQM9f6/edit?usp=drivesdk&ouid=117877075857315698786&rtpof=true&sd=true,,,Reviewed,TR-0619,Morgan Public School Accounts Apr 24 (10:42) — Salesforce export.,High
Root/MiscSpreadsheets,Morgan  Public School Accounts-2024-04-24-08-19-02.xlsx,1KV9dayhxx_AxZ77QHBHUHEbKPIdC5v04,File,application/vnd.openxmlformats-officedocument.spreadsheetml.sheet,MiscSpreadsheets,https://docs.google.com/spreadsheets/d/1KV9dayhxx_AxZ77QHBHUHEbKPIdC5v04/edit?usp=drivesdk&ouid=117877075857315698786&rtpof=true&sd=true,,,Reviewed,TR-0619,Morgan Public School Accounts Apr 24 (08:19) — Salesforce export.,High
Root/MiscSpreadsheets,Untitled spreadsheet(3).xlsx,17HvaOszqnPqFLWV3YGtCQNH8MQ1266YH,File,application/vnd.openxmlformats-officedocument.spreadsheetml.sheet,MiscSpreadsheets,https://docs.google.com/spreadsheets/d/17HvaOszqnPqFLWV3YGtCQNH8MQ1266YH/edit?usp=drivesdk&ouid=117877075857315698786&rtpof=true&sd=true,,,Reviewed,TR-0416,"NY PTAs organized by state ID; districts include Clarkstown, Nyack, Ramapo, Monroe-Woodbury, Haverstraw-Stony Point",
Root/MiscSpreadsheets,Morgan  Public School Accounts-2024-04-23-08-57-29.xlsx,1GUK5x0r_MAHL1qVtXlk7Ve5C2nMJU667,File,application/vnd.openxmlformats-officedocument.spreadsheetml.sheet,MiscSpreadsheets,https://docs.google.com/spreadsheets/d/1GUK5x0r_MAHL1qVtXlk7Ve5C2nMJU667/edit?usp=drivesdk&ouid=117877075857315698786&rtpof=true&sd=true,,,Reviewed,TR-0619,Morgan Public School Accounts Apr 23 — Salesforce export.,High
Root/MiscSpreadsheets,Untitled spreadsheet(4).xlsx,1Ss6ymuBlfM6PmmA0VfNQK8FuLwWI-sLs,File,application/vnd.openxmlformats-officedocument.spreadsheetml.sheet,MiscSpreadsheets,https://docs.google.com/spreadsheets/d/1Ss6ymuBlfM6PmmA0VfNQK8FuLwWI-sLs/edit?usp=drivesdk&ouid=117877075857315698786&rtpof=true&sd=true,,,Reviewed,TR-0409,"Nationwide PTA IDs, school names, addresses, zip codes, join URLs from pta.org; April 2024 — systematic database build",
Root/MiscSpreadsheets,Untitled spreadsheet(7).xlsx,12Ep-C1-B38NrapbWyEqqAS9cm8xiEGn3,File,application/vnd.openxmlformats-officedocument.spreadsheetml.sheet,MiscSpreadsheets,https://docs.google.com/spreadsheets/d/12Ep-C1-B38NrapbWyEqqAS9cm8xiEGn3/edit?usp=drivesdk&ouid=117877075857315698786&rtpof=true&sd=true,,,Reviewed,TR-0413,"PORTFOLIO METRICS: 2,263 total accounts, $15,129,405 estimated value; 607 private, 947 HZ, 630 Title 1",
Root/MiscSpreadsheets,Transfer to Anna 04-17-23.xlsx,1K7STAahIem8crNoSD0J-1EEwEL5Q0gf4,File,application/vnd.openxmlformats-officedocument.spreadsheetml.sheet,MiscSpreadsheets,https://docs.google.com/spreadsheets/d/1K7STAahIem8crNoSD0J-1EEwEL5Q0gf4/edit?usp=drivesdk&ouid=117877075857315698786&rtpof=true&sd=true,,,Reviewed,TR-0226,"Territory transfer to Anna (4-17-23); full VA/WV pipeline, SF IDs, HZ/Title 1 flags, active opps at departure",
Root/MiscSpreadsheets,Untitled spreadsheet(8).xlsx,19qSJftkCAwKzT_FOTzlT-sd5mK_S9GSf,File,application/vnd.openxmlformats-officedocument.spreadsheetml.sheet,MiscSpreadsheets,https://docs.google.com/spreadsheets/d/19qSJftkCAwKzT_FOTzlT-sd5mK_S9GSf/edit?usp=drivesdk&ouid=117877075857315698786&rtpof=true&sd=true,,,Reviewed,TR-0619,Untitled spreadsheet(8) — Salesforce export/CRM data.,High
Root/MiscSpreadsheets,2023 _ Getting Back on the Bike.xlsx,10Gkt3XNpIJXVv5-CZBGY-G_XOkhOLSOz,File,application/vnd.openxmlformats-officedocument.spreadsheetml.sheet,MiscSpreadsheets,https://docs.google.com/spreadsheets/d/10Gkt3XNpIJXVv5-CZBGY-G_XOkhOLSOz/edit?usp=drivesdk&ouid=117877075857315698786&rtpof=true&sd=true,,,Reviewed,TR-0482,"2023 re-entry plan: 2,025 accounts (Bad Fit 395, In Contract 78, Follow-Ups 130, Restart 1,422); HZ >$2,500 filtered; 'Let's gooooo'",High
Root/MiscSpreadsheets,"Potential Referrals near Danville, PA_.xlsx",1KAjIOzUA3uHU_13pWhtv3YqlIYRTyemw,File,application/vnd.openxmlformats-officedocument.spreadsheetml.sheet,MiscSpreadsheets,https://docs.google.com/spreadsheets/d/1KAjIOzUA3uHU_13pWhtv3YqlIYRTyemw/edit?usp=drivesdk&ouid=117877075857315698786&rtpof=true&sd=true,,,Reviewed,TR-0621,Referral prospecting near Danville PA — 10 schools with phone + enrollment + contacts.,High
Root/MiscSpreadsheets,Schools for Tevis_.xlsx,1sTWI-JjottRX4-LZrtKqx8iBk-ZXn60X,File,application/vnd.openxmlformats-officedocument.spreadsheetml.sheet,MiscSpreadsheets,https://docs.google.com/spreadsheets/d/1sTWI-JjottRX4-LZrtKqx8iBk-ZXn60X/edit?usp=drivesdk&ouid=117877075857315698786&rtpof=true&sd=true,,,Reviewed,TR-0489,"Territory assignment for Tevis: 14 TX districts, school-by-school estimated values, Morgan/Tevis split marked",High
Root/MiscSpreadsheets,Wake County Schools 22-23.xlsx,1Vd7i-wJQPSuQcLIWzLXOgj2Ag5ZIbOZL,File,application/vnd.openxmlformats-officedocument.spreadsheetml.sheet,MiscSpreadsheets,https://docs.google.com/spreadsheets/d/1Vd7i-wJQPSuQcLIWzLXOgj2Ag5ZIbOZL/edit?usp=drivesdk&ouid=117877075857315698786&rtpof=true&sd=true,,,Reviewed,TR-0247,Wake County schools 22-23 outreach database,
Root/MiscSpreadsheets,22-23 HZ Customers.xlsx,1QLyjcgnVpwhx1x6oKWrbOOKEQ1JehSe1,File,application/vnd.openxmlformats-officedocument.spreadsheetml.sheet,MiscSpreadsheets,https://docs.google.com/spreadsheets/d/1QLyjcgnVpwhx1x6oKWrbOOKEQ1JehSe1/edit?usp=drivesdk&ouid=117877075857315698786&rtpof=true&sd=true,,,Reviewed,TR-0227,TR-0217,
Root/MiscSpreadsheets,22-23 Potential Opps!.xlsx,1vfviHmfT152SGsoMsHakp4d9JfxvJPFc,File,application/vnd.openxmlformats-officedocument.spreadsheetml.sheet,MiscSpreadsheets,https://docs.google.com/spreadsheets/d/1vfviHmfT152SGsoMsHakp4d9JfxvJPFc/edit?usp=drivesdk&ouid=117877075857315698786&rtpof=true&sd=true,,,Reviewed,TR-0483,22-23 monthly opportunity tracker Morgan designed; monthly tabs (Sept-May); THNKS/follow-up/scheduling columns,High
Root/MiscSpreadsheets,Sept 2022_ Review Stats.xlsx,16gHVeS1tPwrZe8D33Jjx3M5lsS3NAYCV,File,application/vnd.openxmlformats-officedocument.spreadsheetml.sheet,MiscSpreadsheets,https://docs.google.com/spreadsheets/d/16gHVeS1tPwrZe8D33Jjx3M5lsS3NAYCV/edit?usp=drivesdk&ouid=117877075857315698786&rtpof=true&sd=true,,,Reviewed,TR-0484,"Pod stats headers only (Jamie, Julie, Tevis, Erin, Ayesha); no data populated; confirms 5-rep tracking structure",High
Root/MiscSpreadsheets,Morgan_s OPEN Schools-2021-11-11-07-21-25.xlsx,1rw8upMIB1jde8oU01o4TrJOa_VTw4FMo,File,application/vnd.openxmlformats-officedocument.spreadsheetml.sheet,MiscSpreadsheets,https://docs.google.com/spreadsheets/d/1rw8upMIB1jde8oU01o4TrJOa_VTw4FMo/edit?usp=drivesdk&ouid=117877075857315698786&rtpof=true&sd=true,,,Reviewed,TR-0619,Morgan's OPEN Schools Nov 2021 — Salesforce open accounts export (127K).,High
Root/MiscSpreadsheets,Untitled spreadsheet.xlsx,1BExp5CqvrUEKwOi6BljGYA5gXrcbB_26,File,application/vnd.openxmlformats-officedocument.spreadsheetml.sheet,MiscSpreadsheets,https://docs.google.com/spreadsheets/d/1BExp5CqvrUEKwOi6BljGYA5gXrcbB_26/edit?usp=drivesdk&ouid=117877075857315698786&rtpof=true&sd=true,,,Reviewed,TR-0415,TR-0445,
Root/MiscSpreadsheets,report1627486570933.xlsx,1Q71cBp2jtAWpkMzeP1_6RwatMGugJxsg,File,application/vnd.openxmlformats-officedocument.spreadsheetml.sheet,MiscSpreadsheets,https://docs.google.com/spreadsheets/d/1Q71cBp2jtAWpkMzeP1_6RwatMGugJxsg/edit?usp=drivesdk&ouid=117877075857315698786&rtpof=true&sd=true,,,Reviewed,TR-0622,CT Salesforce contact report — Morgan's CT accounts (mesco alias); Engaged + Working prospects.,High
Root/MiscSpreadsheets,ALL HZ Schools-2021.xlsx,18dhTcrnH-dCK1tiBpMxVUV86vdeU6bc0,File,application/vnd.openxmlformats-officedocument.spreadsheetml.sheet,MiscSpreadsheets,https://docs.google.com/spreadsheets/d/18dhTcrnH-dCK1tiBpMxVUV86vdeU6bc0/edit?usp=drivesdk&ouid=117877075857315698786&rtpof=true&sd=true,,,Reviewed,TR-0233,"ALL HZ Schools-2021: 1,578 schools (942 Keep, 636 Give); personal annotations show deep territorial ownership",
Root/MiscSpreadsheets,Morgan _ Hot Zones 20-21.xlsx,10dSbKt15y44xNJz84aAlLLH4_KBhrZgw,File,application/vnd.openxmlformats-officedocument.spreadsheetml.sheet,MiscSpreadsheets,https://docs.google.com/spreadsheets/d/10dSbKt15y44xNJz84aAlLLH4_KBhrZgw/edit?usp=drivesdk&ouid=117877075857315698786&rtpof=true&sd=true,Yes,,Duplicate — defer,,,
Root/MiscSpreadsheets,Morgan _ Hot Zones 20-21.xlsx,1wytHky6uADvXZNhiz4gbmkx6B1x-hqIS,File,application/vnd.openxmlformats-officedocument.spreadsheetml.sheet,MiscSpreadsheets,https://docs.google.com/spreadsheets/d/1wytHky6uADvXZNhiz4gbmkx6B1x-hqIS/edit?usp=drivesdk&ouid=117877075857315698786&rtpof=true&sd=true,,,Reviewed,TR-0317,Identical to TR-0312 (duplicate copy),
Root/MiscSpreadsheets,Untitled spreadsheet(9).xlsx,188xfO8CLgNWztTmXTqS24f7ORh3r6mfW,File,application/vnd.openxmlformats-officedocument.spreadsheetml.sheet,MiscSpreadsheets,https://docs.google.com/spreadsheets/d/188xfO8CLgNWztTmXTqS24f7ORh3r6mfW/edit?usp=drivesdk&ouid=117877075857315698786&rtpof=true&sd=true,,,Reviewed,TR-0414,"45 email campaigns total; 19.5 avg steps per campaign; principals (22 steps), support (22), PTA (14)",
Root/MiscSpreadsheets,"CA - Third District PTA, School Districts Within.xlsx",13guYBmO1NO50KMF7e9zDPoPKBzIf3ZUB,File,application/vnd.openxmlformats-officedocument.spreadsheetml.sheet,MiscSpreadsheets,https://docs.google.com/spreadsheets/d/13guYBmO1NO50KMF7e9zDPoPKBzIf3ZUB/edit?usp=drivesdk&ouid=117877075857315698786&rtpof=true&sd=true,,,Reviewed,TR-0306,Territory spreadsheet (not fully read),
Root/MiscSpreadsheets,CW Customers by District in CA.xlsx,1b5q5u_r8y9gPrvbJORAvO8qmgntBq46k,File,application/vnd.openxmlformats-officedocument.spreadsheetml.sheet,MiscSpreadsheets,https://docs.google.com/spreadsheets/d/1b5q5u_r8y9gPrvbJORAvO8qmgntBq46k/edit?usp=drivesdk&ouid=117877075857315698786&rtpof=true&sd=true,,,Reviewed,TR-0307,Customer data spreadsheet (not fully read),
Root/MiscSpreadsheets,Untitled spreadsheet(10).xlsx,1_XMySTMMWIjTwS8NCGu4YurhItpBOV9M,File,application/vnd.openxmlformats-officedocument.spreadsheetml.sheet,MiscSpreadsheets,https://docs.google.com/spreadsheets/d/1_XMySTMMWIjTwS8NCGu4YurhItpBOV9M/edit?usp=drivesdk&ouid=117877075857315698786&rtpof=true&sd=true,Yes,,Duplicate — defer,,,
Root/MiscSpreadsheets,Untitled spreadsheet(10).xlsx,1lvMu738G-0kaVWrQamarJ44R5NF81YDg,File,application/vnd.openxmlformats-officedocument.spreadsheetml.sheet,MiscSpreadsheets,https://docs.google.com/spreadsheets/d/1lvMu738G-0kaVWrQamarJ44R5NF81YDg/edit?usp=drivesdk&ouid=117877075857315698786&rtpof=true&sd=true,,,Reviewed,TR-0623,"#customerquotes Slack export + Morgan's Slack channels (fall-sequence-edits, momsclub-outboundteam, etc.).",High
Root/MiscSpreadsheets,July Scrub!.xlsx,1yF1SKIFSenRPbrt7fz-33CrcTvzaskwf,File,application/vnd.openxmlformats-officedocument.spreadsheetml.sheet,MiscSpreadsheets,https://docs.google.com/spreadsheets/d/1yF1SKIFSenRPbrt7fz-33CrcTvzaskwf/edit?usp=drivesdk&ouid=117877075857315698786&rtpof=true&sd=true,,,Reviewed,TR-0624,"July Scrub! — 2,938 eligible accounts, 95/day, 31-day calendar tracker.",High
Root/MiscSpreadsheets,Expenses 2019 Calendar Year.xlsx,1i8h7-9YUmCL4d42WiaSJgpIWGIAzuwpb,File,application/vnd.openxmlformats-officedocument.spreadsheetml.sheet,MiscSpreadsheets,https://docs.google.com/spreadsheets/d/1i8h7-9YUmCL4d42WiaSJgpIWGIAzuwpb/edit?usp=drivesdk&ouid=117877075857315698786&rtpof=true&sd=true,,,Reviewed,TR-0486,"Home office expenses 2019; ~$285 equipment; rent $1,089/mo; personal tax record, low career evidence",High
Root/MiscSpreadsheets,Outbound_BoB_Morgan.xlsx,1ectlV0Kgd52BcTY4QwVdtH5z4wyY9omL,File,application/vnd.openxmlformats-officedocument.spreadsheetml.sheet,MiscSpreadsheets,https://docs.google.com/spreadsheets/d/1ectlV0Kgd52BcTY4QwVdtH5z4wyY9omL/edit?usp=drivesdk&ouid=117877075857315698786&rtpof=true&sd=true,,,Reviewed,TR-0487,"Book of Business: $200K revenue target, 1,250 accounts, personal assessment 7.4/7.6/7.2; seasonal messaging strategy",High
Root/MiscSpreadsheets,Untitled spreadsheet(11).xlsx,1CktsX7EVxD9pTlKK0LHpoBwtS4QypQCE,File,application/vnd.openxmlformats-officedocument.spreadsheetml.sheet,MiscSpreadsheets,https://docs.google.com/spreadsheets/d/1CktsX7EVxD9pTlKK0LHpoBwtS4QypQCE/edit?usp=drivesdk&ouid=117877075857315698786&rtpof=true&sd=true,,,Reviewed,TR-0447,"Duplicate charges doc: Tim Horton's, eBay, GearLozz, La Tolteca; -$42.78 discrepancy vs expected balance",
Root/MiscSpreadsheets,"Wake County Schools -- Summer 2019, Updated 8_24.xlsx",1IknL4NXXzh-_-546ISmE1xfQn_ZGOr3b,File,application/vnd.openxmlformats-officedocument.spreadsheetml.sheet,MiscSpreadsheets,https://docs.google.com/spreadsheets/d/1IknL4NXXzh-_-546ISmE1xfQn_ZGOr3b/edit?usp=drivesdk&ouid=117877075857315698786&rtpof=true&sd=true,,,Reviewed,TR-0246,Wake County schools summer 2019 outreach list (updated 8/24),
Root/MiscSpreadsheets,July Goals!!!.xlsx,1EYG8lTin47x0Ay9ZaMy_Utf0HldBEDa_,File,application/vnd.openxmlformats-officedocument.spreadsheetml.sheet,MiscSpreadsheets,https://docs.google.com/spreadsheets/d/1EYG8lTin47x0Ay9ZaMy_Utf0HldBEDa_/edit?usp=drivesdk&ouid=117877075857315698786&rtpof=true&sd=true,,,Reviewed,TR-0488,July pre-season prep: 174 blank + 97 green + 380 private + 439 re-workable schools categorized with daily goals,High
Root/MiscSpreadsheets,Miles for Local Schools - Morgan.xlsx,1dujbdgDXkxh--UIMyxkTYKow6pfUsk9K,File,application/vnd.openxmlformats-officedocument.spreadsheetml.sheet,MiscSpreadsheets,https://docs.google.com/spreadsheets/d/1dujbdgDXkxh--UIMyxkTYKow6pfUsk9K/edit?usp=drivesdk&ouid=117877075857315698786&rtpof=true&sd=true,Yes,,Duplicate — defer,,,
Root/MiscSpreadsheets,Miles for Local Schools - Morgan.xlsx,1eVi-gIQh_Sh3mLaxDILUg8pF-uleY5v7,File,application/vnd.openxmlformats-officedocument.spreadsheetml.sheet,MiscSpreadsheets,https://docs.google.com/spreadsheets/d/1eVi-gIQh_Sh3mLaxDILUg8pF-uleY5v7/edit?usp=drivesdk&ouid=117877075857315698786&rtpof=true&sd=true,,,Reviewed,TR-0485,In-person school visits Summer 2019; 77.3 miles; 62 schools contacted; 7 said yes (11.3%); elementary/middle/high,High
Root/MiscSpreadsheets,HZ Follow Ups by District.xlsx,19Htn4nM8q9Om1MnsbhJP2WO9sWA1gnaU,File,application/vnd.openxmlformats-officedocument.spreadsheetml.sheet,MiscSpreadsheets,https://docs.google.com/spreadsheets/d/19Htn4nM8q9Om1MnsbhJP2WO9sWA1gnaU/edit?usp=drivesdk&ouid=117877075857315698786&rtpof=true&sd=true,Yes,,Duplicate — defer,,,
Root/MiscSpreadsheets,HZ Follow Ups by District.xlsx,1nmkfx9lYU3hyoufyzhaPw-_kokIUl2Zj,File,application/vnd.openxmlformats-officedocument.spreadsheetml.sheet,MiscSpreadsheets,https://docs.google.com/spreadsheets/d/1nmkfx9lYU3hyoufyzhaPw-_kokIUl2Zj/edit?usp=drivesdk&ouid=117877075857315698786&rtpof=true&sd=true,,,Reviewed,TR-0217,HZ Follow-Ups by District tracker (copy 2),
Root/MiscSpreadsheets,"Private Schools - Next Step, Email Parent and_or I.xlsx",1CAfbC9LMTY2IrsWdsnWmCISabF51xiN0,File,application/vnd.openxmlformats-officedocument.spreadsheetml.sheet,MiscSpreadsheets,https://docs.google.com/spreadsheets/d/1CAfbC9LMTY2IrsWdsnWmCISabF51xiN0/edit?usp=drivesdk&ouid=117877075857315698786&rtpof=true&sd=true,,,Reviewed,TR-0625,Private Schools Persist sequence tracker — Step 6 unresponsive; personalized admin email snippets.,High
Root/MiscSpreadsheets,Untitled spreadsheet(1).xlsx,1nyrBZ30Zw9vtgsGgRPutDjGCvuJhg4rG,File,application/vnd.openxmlformats-officedocument.spreadsheetml.sheet,MiscSpreadsheets,https://docs.google.com/spreadsheets/d/1nyrBZ30Zw9vtgsGgRPutDjGCvuJhg4rG/edit?usp=drivesdk&ouid=117877075857315698786&rtpof=true&sd=true,,,Reviewed,TR-0446,"80+ schools with SF IDs and Working status; multi-state (GA, WV/VA, TX, CA); Jan 2023",
Root/MiscSpreadsheets,report1548786816882.xlsx,1SDPSuSYN73RSUJbWZtiuLylgYKPPiHxJ,File,application/vnd.openxmlformats-officedocument.spreadsheetml.sheet,MiscSpreadsheets,https://docs.google.com/spreadsheets/d/1SDPSuSYN73RSUJbWZtiuLylgYKPPiHxJ/edit?usp=drivesdk&ouid=117877075857315698786&rtpof=true&sd=true,,,Reviewed,TR-0619,report1548786816882 — Jan 2019 Salesforce batch export.,High
Root/MiscSpreadsheets,Untitled spreadsheet(2).xlsx,1grztTUsE1mtInaOOOoNCFfR1SLDbMUJ7,File,application/vnd.openxmlformats-officedocument.spreadsheetml.sheet,MiscSpreadsheets,https://docs.google.com/spreadsheets/d/1grztTUsE1mtInaOOOoNCFfR1SLDbMUJ7/edit?usp=drivesdk&ouid=117877075857315698786&rtpof=true&sd=true,,,Reviewed,TR-0445,"SF IDs, school name, district, state, Customers Nearby HZ proof point, principal contact fields, account status",
Root/MiscSpreadsheets,report1546810697851.xlsx,1RYyWsFyulHsL0WuJsSJGiz0ICBUzmUUw,File,application/vnd.openxmlformats-officedocument.spreadsheetml.sheet,MiscSpreadsheets,https://docs.google.com/spreadsheets/d/1RYyWsFyulHsL0WuJsSJGiz0ICBUzmUUw/edit?usp=drivesdk&ouid=117877075857315698786&rtpof=true&sd=true,,,Reviewed,TR-0619,report1546810697851 — Jan 2019 Salesforce batch export.,High
Root/MiscSpreadsheets,report1546700057056.xlsx,1Rxrd-6kDYIJ3jWkW846BAjUQ9f_Cg4j4,File,application/vnd.openxmlformats-officedocument.spreadsheetml.sheet,MiscSpreadsheets,https://docs.google.com/spreadsheets/d/1Rxrd-6kDYIJ3jWkW846BAjUQ9f_Cg4j4/edit?usp=drivesdk&ouid=117877075857315698786&rtpof=true&sd=true,,,Reviewed,TR-0619,report1546700057056 — Jan 2019 Salesforce batch export.,High
Root/MiscSpreadsheets,report1546699758695.xlsx,14yQ92EUfXw7kHrJCVICkocaIq3sb6bj6,File,application/vnd.openxmlformats-officedocument.spreadsheetml.sheet,MiscSpreadsheets,https://docs.google.com/spreadsheets/d/14yQ92EUfXw7kHrJCVICkocaIq3sb6bj6/edit?usp=drivesdk&ouid=117877075857315698786&rtpof=true&sd=true,,,Reviewed,TR-0619,report1546699758695 — Jan 2019 Salesforce batch export.,High
Root/MiscSpreadsheets,report1546699489929.xlsx,1VT4HnLuG76MYnLJ1je3nA1lsEWMgJH7Q,File,application/vnd.openxmlformats-officedocument.spreadsheetml.sheet,MiscSpreadsheets,https://docs.google.com/spreadsheets/d/1VT4HnLuG76MYnLJ1je3nA1lsEWMgJH7Q/edit?usp=drivesdk&ouid=117877075857315698786&rtpof=true&sd=true,,,Reviewed,TR-0619,report1546699489929 — Jan 2019 Salesforce batch export.,High
Root/MiscSpreadsheets,report1546698988482.xlsx,1I0DwsGiXyzhdPUOnqgj6NsuuJWjqyRI-,File,application/vnd.openxmlformats-officedocument.spreadsheetml.sheet,MiscSpreadsheets,https://docs.google.com/spreadsheets/d/1I0DwsGiXyzhdPUOnqgj6NsuuJWjqyRI-/edit?usp=drivesdk&ouid=117877075857315698786&rtpof=true&sd=true,Yes,,Duplicate — defer,,,
Root/MiscSpreadsheets,report1546698988482.xlsx,1jIqAMeA8GEGPThN3kX8i4W2j5rKP65Dh,File,application/vnd.openxmlformats-officedocument.spreadsheetml.sheet,MiscSpreadsheets,https://docs.google.com/spreadsheets/d/1jIqAMeA8GEGPThN3kX8i4W2j5rKP65Dh/edit?usp=drivesdk&ouid=117877075857315698786&rtpof=true&sd=true,,,Reviewed,TR-0619,report1546698988482 — Jan 2019 Salesforce batch export.,High
Root/MiscSpreadsheets,report1546698694614.xlsx,1gl-cluOxTCQn2hG7a8AgBVRrDOdrxMZ-,File,application/vnd.openxmlformats-officedocument.spreadsheetml.sheet,MiscSpreadsheets,https://docs.google.com/spreadsheets/d/1gl-cluOxTCQn2hG7a8AgBVRrDOdrxMZ-/edit?usp=drivesdk&ouid=117877075857315698786&rtpof=true&sd=true,Yes,,Duplicate — defer,,,
Root/MiscSpreadsheets,report1546698694614.xlsx,1kNNaoY2RQr4JK2Uuej_CYkX3l5dGzm3-,File,application/vnd.openxmlformats-officedocument.spreadsheetml.sheet,MiscSpreadsheets,https://docs.google.com/spreadsheets/d/1kNNaoY2RQr4JK2Uuej_CYkX3l5dGzm3-/edit?usp=drivesdk&ouid=117877075857315698786&rtpof=true&sd=true,,,Reviewed,TR-0619,report1546698694614 — Jan 2019 Salesforce batch export.,High
Root/MiscSpreadsheets,report1546698281531.xlsx,1YR8T3Ec5aU5g-6jDdl0Zxb3hCtDzSyAa,File,application/vnd.openxmlformats-officedocument.spreadsheetml.sheet,MiscSpreadsheets,https://docs.google.com/spreadsheets/d/1YR8T3Ec5aU5g-6jDdl0Zxb3hCtDzSyAa/edit?usp=drivesdk&ouid=117877075857315698786&rtpof=true&sd=true,Yes,,Duplicate — defer,,,
Root/MiscSpreadsheets,report1546698281531.xlsx,1nAvSZaaISqe8rOlRWOW6t9aoGWmzBkb6,File,application/vnd.openxmlformats-officedocument.spreadsheetml.sheet,MiscSpreadsheets,https://docs.google.com/spreadsheets/d/1nAvSZaaISqe8rOlRWOW6t9aoGWmzBkb6/edit?usp=drivesdk&ouid=117877075857315698786&rtpof=true&sd=true,,,Reviewed,TR-0619,report1546698281531 — Jan 2019 Salesforce batch export.,High
Root/MiscSpreadsheets,report1546697366668.xlsx,1QMX2-4YN04U6Bkjv2JiNLEleTufcyYlM,File,application/vnd.openxmlformats-officedocument.spreadsheetml.sheet,MiscSpreadsheets,https://docs.google.com/spreadsheets/d/1QMX2-4YN04U6Bkjv2JiNLEleTufcyYlM/edit?usp=drivesdk&ouid=117877075857315698786&rtpof=true&sd=true,Yes,,Duplicate — defer,,,
Root/MiscSpreadsheets,report1546697366668.xlsx,1lNghY82LmkEZoffUajKoAkOyDNHmk0De,File,application/vnd.openxmlformats-officedocument.spreadsheetml.sheet,MiscSpreadsheets,https://docs.google.com/spreadsheets/d/1lNghY82LmkEZoffUajKoAkOyDNHmk0De/edit?usp=drivesdk&ouid=117877075857315698786&rtpof=true&sd=true,,,Reviewed,TR-0619,report1546697366668 — Jan 2019 Salesforce batch export.,High
Root/MiscSpreadsheets,report1546696848115.xlsx,14G_YMjH0QHl2QPSFQuLiMDPs96bl5e5G,File,application/vnd.openxmlformats-officedocument.spreadsheetml.sheet,MiscSpreadsheets,https://docs.google.com/spreadsheets/d/14G_YMjH0QHl2QPSFQuLiMDPs96bl5e5G/edit?usp=drivesdk&ouid=117877075857315698786&rtpof=true&sd=true,Yes,,Duplicate — defer,,,
Root/MiscSpreadsheets,report1546696848115.xlsx,1Q1lNLHjqlAGxTpHz8pMA8bpG1oMJ45yW,File,application/vnd.openxmlformats-officedocument.spreadsheetml.sheet,MiscSpreadsheets,https://docs.google.com/spreadsheets/d/1Q1lNLHjqlAGxTpHz8pMA8bpG1oMJ45yW/edit?usp=drivesdk&ouid=117877075857315698786&rtpof=true&sd=true,,,Reviewed,TR-0619,report1546696848115 — Jan 2019 Salesforce batch export.,High
Root/MiscSpreadsheets,report1546696324076.xlsx,1B0lFvg1NZmIOOkwADoVaoXzyg4OXnBfD,File,application/vnd.openxmlformats-officedocument.spreadsheetml.sheet,MiscSpreadsheets,https://docs.google.com/spreadsheets/d/1B0lFvg1NZmIOOkwADoVaoXzyg4OXnBfD/edit?usp=drivesdk&ouid=117877075857315698786&rtpof=true&sd=true,Yes,,Duplicate — defer,,,
Root/MiscSpreadsheets,report1546696324076.xlsx,1gbLMGhJDaap-cpOgLR8Ih1WQ6KfnxqX1,File,application/vnd.openxmlformats-officedocument.spreadsheetml.sheet,MiscSpreadsheets,https://docs.google.com/spreadsheets/d/1gbLMGhJDaap-cpOgLR8Ih1WQ6KfnxqX1/edit?usp=drivesdk&ouid=117877075857315698786&rtpof=true&sd=true,,,Reviewed,TR-0619,report1546696324076 — Jan 2019 Salesforce batch export.,High
Root/MiscSpreadsheets,report1546696071984.xlsx,1O4Q7SpQeOc3TT5COh5-Nx-ASR4P_cJ_V,File,application/vnd.openxmlformats-officedocument.spreadsheetml.sheet,MiscSpreadsheets,https://docs.google.com/spreadsheets/d/1O4Q7SpQeOc3TT5COh5-Nx-ASR4P_cJ_V/edit?usp=drivesdk&ouid=117877075857315698786&rtpof=true&sd=true,Yes,,Duplicate — defer,,,
Root/MiscSpreadsheets,report1546696071984.xlsx,1ymp36ZGzmUVUO0jxmD_5nvnRozUJ7Mxp,File,application/vnd.openxmlformats-officedocument.spreadsheetml.sheet,MiscSpreadsheets,https://docs.google.com/spreadsheets/d/1ymp36ZGzmUVUO0jxmD_5nvnRozUJ7Mxp/edit?usp=drivesdk&ouid=117877075857315698786&rtpof=true&sd=true,,,Reviewed,TR-0619,report1546696071984 — Jan 2019 Salesforce batch export.,High
Root/MiscSpreadsheets,report1546695775801.xlsx,148p7mC5PWPol4yRqtRtt6UKFD0dDngNS,File,application/vnd.openxmlformats-officedocument.spreadsheetml.sheet,MiscSpreadsheets,https://docs.google.com/spreadsheets/d/148p7mC5PWPol4yRqtRtt6UKFD0dDngNS/edit?usp=drivesdk&ouid=117877075857315698786&rtpof=true&sd=true,Yes,,Duplicate — defer,,,
Root/MiscSpreadsheets,report1546695775801.xlsx,1IbfNrwXR0EWwn2XSsretorP75MwcwNF8,File,application/vnd.openxmlformats-officedocument.spreadsheetml.sheet,MiscSpreadsheets,https://docs.google.com/spreadsheets/d/1IbfNrwXR0EWwn2XSsretorP75MwcwNF8/edit?usp=drivesdk&ouid=117877075857315698786&rtpof=true&sd=true,,,Reviewed,TR-0619,report1546695775801 — Jan 2019 Salesforce batch export.,High
Root/MiscSpreadsheets,report1546695516684.xlsx,1FhqZbobA1svaVCuAa1NyUYePGGHK1SMj,File,application/vnd.openxmlformats-officedocument.spreadsheetml.sheet,MiscSpreadsheets,https://docs.google.com/spreadsheets/d/1FhqZbobA1svaVCuAa1NyUYePGGHK1SMj/edit?usp=drivesdk&ouid=117877075857315698786&rtpof=true&sd=true,Yes,,Duplicate — defer,,,
Root/MiscSpreadsheets,report1546695516684.xlsx,1WJ8NqNZ8cbWbswvixdB0p2hZ39XCEILg,File,application/vnd.openxmlformats-officedocument.spreadsheetml.sheet,MiscSpreadsheets,https://docs.google.com/spreadsheets/d/1WJ8NqNZ8cbWbswvixdB0p2hZ39XCEILg/edit?usp=drivesdk&ouid=117877075857315698786&rtpof=true&sd=true,,,Reviewed,TR-0619,report1546695516684 — Jan 5 2019 Salesforce batch export.,High
Root/MiscSpreadsheets,report1546694928047.xlsx,1aLsgr_8QWqQgILwjeyLE-x8-w6aIRf27,File,application/vnd.openxmlformats-officedocument.spreadsheetml.sheet,MiscSpreadsheets,https://docs.google.com/spreadsheets/d/1aLsgr_8QWqQgILwjeyLE-x8-w6aIRf27/edit?usp=drivesdk&ouid=117877075857315698786&rtpof=true&sd=true,Yes,,Duplicate — defer,,TR-0316,
Root/MiscSpreadsheets,report1546694928047.xlsx,1qI80DK46UFkGwHJq5Y98p6hFgixgt3xy,File,application/vnd.openxmlformats-officedocument.spreadsheetml.sheet,MiscSpreadsheets,https://docs.google.com/spreadsheets/d/1qI80DK46UFkGwHJq5Y98p6hFgixgt3xy/edit?usp=drivesdk&ouid=117877075857315698786&rtpof=true&sd=true,,,Reviewed,TR-0619,report1546694928047 — Jan 5 2019 Salesforce batch export.,High
Root/MiscSpreadsheets,report1546694086617.xlsx,1KKEYCDpKpdFvABhyXj0gK6gGmbAv0SiS,File,application/vnd.openxmlformats-officedocument.spreadsheetml.sheet,MiscSpreadsheets,https://docs.google.com/spreadsheets/d/1KKEYCDpKpdFvABhyXj0gK6gGmbAv0SiS/edit?usp=drivesdk&ouid=117877075857315698786&rtpof=true&sd=true,,,Reviewed,TR-0619,report1546694086617 — Jan 5 2019 Salesforce batch export.,High
Root/MiscSpreadsheets,Accounts_Errors.xlsx,1kGp56KQRTswgvF-gFhX-_Vpgmx8_jmpq,File,application/vnd.openxmlformats-officedocument.spreadsheetml.sheet,MiscSpreadsheets,https://docs.google.com/spreadsheets/d/1kGp56KQRTswgvF-gFhX-_Vpgmx8_jmpq/edit?usp=drivesdk&ouid=117877075857315698786&rtpof=true&sd=true,,,Reviewed,TR-0611,Accounts_Errors.xlsx — another CRM import error log (same pattern as TR-0611).,High
Root/MiscSpreadsheets,Accounts_Errors.csv,1Ej_UCk3GC7zmD6EP16QIVp_SsozUt3-9,File,text/csv,MiscSpreadsheets,https://drive.google.com/file/d/1Ej_UCk3GC7zmD6EP16QIVp_SsozUt3-9/view?usp=drivesdk,,,Reviewed,TR-0611,Accounts_Errors.csv — companion CSV to row 666.,High
Root/MiscSpreadsheets,report1546693794021.xlsx,1rSZM6mYMMLmOG3AvHmflUC5IZjRzmd4Q,File,application/vnd.openxmlformats-officedocument.spreadsheetml.sheet,MiscSpreadsheets,https://docs.google.com/spreadsheets/d/1rSZM6mYMMLmOG3AvHmflUC5IZjRzmd4Q/edit?usp=drivesdk&ouid=117877075857315698786&rtpof=true&sd=true,,,Reviewed,TR-0619,report1546693794021 — Jan 5 2019 Salesforce batch export.,High
Root/MiscSpreadsheets,report1546692988982.xlsx,1skCmN4j2l38-0jNKtSFLGqJeyTCvCNC1,File,application/vnd.openxmlformats-officedocument.spreadsheetml.sheet,MiscSpreadsheets,https://docs.google.com/spreadsheets/d/1skCmN4j2l38-0jNKtSFLGqJeyTCvCNC1/edit?usp=drivesdk&ouid=117877075857315698786&rtpof=true&sd=true,,,Reviewed,TR-0619,report1546692988982 — Jan 5 2019 Salesforce batch export.,High
Root/MiscSpreadsheets,report1546692463098.xlsx,1F_3ZkQr2U9M1hhrMbGb3KH2AtjgfzZ4q,File,application/vnd.openxmlformats-officedocument.spreadsheetml.sheet,MiscSpreadsheets,https://docs.google.com/spreadsheets/d/1F_3ZkQr2U9M1hhrMbGb3KH2AtjgfzZ4q/edit?usp=drivesdk&ouid=117877075857315698786&rtpof=true&sd=true,,,Reviewed,TR-0619,report1546692463098 — Jan 5 2019 Salesforce batch export.,High
Root/MiscSpreadsheets,report1546692189059.xlsx,1-xHgfhQ22prhY_Hy1XjJi1EE_YNzqcoT,File,application/vnd.openxmlformats-officedocument.spreadsheetml.sheet,MiscSpreadsheets,https://docs.google.com/spreadsheets/d/1-xHgfhQ22prhY_Hy1XjJi1EE_YNzqcoT/edit?usp=drivesdk&ouid=117877075857315698786&rtpof=true&sd=true,,,Reviewed,TR-0619,report1546692189059 — Jan 5 2019 Salesforce batch export.,High
Root/MiscSpreadsheets,report1546691878338.xlsx,1MemhqjVB-GWDbcB0-1CgfMoQS_QSgD_r,File,application/vnd.openxmlformats-officedocument.spreadsheetml.sheet,MiscSpreadsheets,https://docs.google.com/spreadsheets/d/1MemhqjVB-GWDbcB0-1CgfMoQS_QSgD_r/edit?usp=drivesdk&ouid=117877075857315698786&rtpof=true&sd=true,,,Reviewed,TR-0619,report1546691878338 — Jan 5 2019 Salesforce batch export.,High
Root/MiscSpreadsheets,report1546691531149.xlsx,17uo1GHHzhLqqKqyfMqCb52wKgX8YM6tZ,File,application/vnd.openxmlformats-officedocument.spreadsheetml.sheet,MiscSpreadsheets,https://docs.google.com/spreadsheets/d/17uo1GHHzhLqqKqyfMqCb52wKgX8YM6tZ/edit?usp=drivesdk&ouid=117877075857315698786&rtpof=true&sd=true,,,Reviewed,TR-0619,report1546691531149 — Jan 5 2019 Salesforce batch export.,High
Root/MiscSpreadsheets,Untitled spreadsheet(3).xlsx,1K0u2_KwJLX9UPhN1dKUQpvViN2z1joc3,File,application/vnd.openxmlformats-officedocument.spreadsheetml.sheet,MiscSpreadsheets,https://docs.google.com/spreadsheets/d/1K0u2_KwJLX9UPhN1dKUQpvViN2z1joc3/edit?usp=drivesdk&ouid=117877075857315698786&rtpof=true&sd=true,Yes,,Duplicate — defer,,TR-0118,
Root/MiscSpreadsheets,Untitled spreadsheet(3).xlsx,1M6veDcrHWsrWJf1_oU_VxbDR4VqJsBXF,File,application/vnd.openxmlformats-officedocument.spreadsheetml.sheet,MiscSpreadsheets,https://docs.google.com/spreadsheets/d/1M6veDcrHWsrWJf1_oU_VxbDR4VqJsBXF/edit?usp=drivesdk&ouid=117877075857315698786&rtpof=true&sd=true,,,Reviewed,TR-0619,Untitled spreadsheet(3) — Jan 2019 Salesforce export.,High
Root/MiscSpreadsheets,Untitled spreadsheet(4).xlsx,187TyESk_39CT2mtGIE52O2-mIWfrCPik,File,application/vnd.openxmlformats-officedocument.spreadsheetml.sheet,MiscSpreadsheets,https://docs.google.com/spreadsheets/d/187TyESk_39CT2mtGIE52O2-mIWfrCPik/edit?usp=drivesdk&ouid=117877075857315698786&rtpof=true&sd=true,Yes,,Duplicate — defer,,,
Root/MiscSpreadsheets,Untitled spreadsheet(4).xlsx,1JevM_XlVKq-rMsKZfHpcDhuay-QZdNL5,File,application/vnd.openxmlformats-officedocument.spreadsheetml.sheet,MiscSpreadsheets,https://docs.google.com/spreadsheets/d/1JevM_XlVKq-rMsKZfHpcDhuay-QZdNL5/edit?usp=drivesdk&ouid=117877075857315698786&rtpof=true&sd=true,,,Reviewed,TR-0619,Untitled spreadsheet(4) — Jan 2019 Salesforce export.,High
Root/MiscSpreadsheets,Untitled spreadsheet(5).xlsx,1ugwK1zxViOidyiJ2S_CnJkcqeytKERTi,File,application/vnd.openxmlformats-officedocument.spreadsheetml.sheet,MiscSpreadsheets,https://docs.google.com/spreadsheets/d/1ugwK1zxViOidyiJ2S_CnJkcqeytKERTi/edit?usp=drivesdk&ouid=117877075857315698786&rtpof=true&sd=true,,,Reviewed,TR-0619,Untitled spreadsheet(5) — Jan 2019 Salesforce export.,High
Root/MiscSpreadsheets,report1531323432199.xlsx,1B91s7Mcp4WuUMz-GzfiUaoIrfFhFGkfI,File,application/vnd.openxmlformats-officedocument.spreadsheetml.sheet,MiscSpreadsheets,https://docs.google.com/spreadsheets/d/1B91s7Mcp4WuUMz-GzfiUaoIrfFhFGkfI/edit?usp=drivesdk&ouid=117877075857315698786&rtpof=true&sd=true,,,Reviewed,TR-0619,report1531323432199 — Jul 11 2018 Salesforce export.,High
Root/MiscSpreadsheets,report1531323432199.xls,13FznkMdRmBSMxbzGg_SQVAwrsLGDoFD-,File,application/vnd.ms-excel,MiscSpreadsheets,https://docs.google.com/spreadsheets/d/13FznkMdRmBSMxbzGg_SQVAwrsLGDoFD-/edit?usp=drivesdk&ouid=117877075857315698786&rtpof=true&sd=true,Yes,,Duplicate — defer,,,
Root/MiscSpreadsheets,report1531323432199.xls,18sKBH9DBkYQ3bXSdJgWxEJ7qiGDCdjVc,File,application/vnd.ms-excel,MiscSpreadsheets,https://docs.google.com/spreadsheets/d/18sKBH9DBkYQ3bXSdJgWxEJ7qiGDCdjVc/edit?usp=drivesdk&ouid=117877075857315698786&rtpof=true&sd=true,,,Reviewed,TR-0619,report1531323432199.xls — Jul 2018 Salesforce export.,High
Root/MiscSpreadsheets,Untitled spreadsheet(6).xlsx,1rG6JHEIuWAPigyiVuS-hI05y6ywNF2jG,File,application/vnd.openxmlformats-officedocument.spreadsheetml.sheet,MiscSpreadsheets,https://docs.google.com/spreadsheets/d/1rG6JHEIuWAPigyiVuS-hI05y6ywNF2jG/edit?usp=drivesdk&ouid=117877075857315698786&rtpof=true&sd=true,,,Reviewed,TR-0619,Untitled spreadsheet(6) — 2018 Salesforce export.,High
Root/MiscSpreadsheets,report1530562960397.xls,1DeqoDZDe1CdRZHrPHdVXUlz5cURiwbXR,File,application/vnd.ms-excel,MiscSpreadsheets,https://docs.google.com/spreadsheets/d/1DeqoDZDe1CdRZHrPHdVXUlz5cURiwbXR/edit?usp=drivesdk&ouid=117877075857315698786&rtpof=true&sd=true,Yes,,Duplicate — defer,,,
Root/MiscSpreadsheets,report1530562960397.xls,1mEDGL6W6K7KDByW_73wd-Wy6S1eBReK6,File,application/vnd.ms-excel,MiscSpreadsheets,https://docs.google.com/spreadsheets/d/1mEDGL6W6K7KDByW_73wd-Wy6S1eBReK6/edit?usp=drivesdk&ouid=117877075857315698786&rtpof=true&sd=true,,,Reviewed,TR-0619,report1530562960397.xls — Jul 2 2018 Salesforce export.,High
Root/MiscSpreadsheets,Untitled spreadsheet(7).xlsx,1dWqHzZIlSuUGb-q7pnyuRlv-ji3x2t2w,File,application/vnd.openxmlformats-officedocument.spreadsheetml.sheet,MiscSpreadsheets,https://docs.google.com/spreadsheets/d/1dWqHzZIlSuUGb-q7pnyuRlv-ji3x2t2w/edit?usp=drivesdk&ouid=117877075857315698786&rtpof=true&sd=true,,,Reviewed,TR-0619,Untitled spreadsheet(7) — 2018 Salesforce export.,High
Root/MiscSpreadsheets,report1530561932714.xls,1EsvVD5dihzYFDUPQ1LISOnQBelqyApL8,File,application/vnd.ms-excel,MiscSpreadsheets,https://docs.google.com/spreadsheets/d/1EsvVD5dihzYFDUPQ1LISOnQBelqyApL8/edit?usp=drivesdk&ouid=117877075857315698786&rtpof=true&sd=true,,,Reviewed,TR-0619,report1530561932714 — Jul 2018 Salesforce export.,High
Root/MiscSpreadsheets,Morgan_s Opps.xlsx,1JLwYsb1y-oikhBMe-ksUxUbHQDUf3JEu,File,application/vnd.openxmlformats-officedocument.spreadsheetml.sheet,MiscSpreadsheets,https://docs.google.com/spreadsheets/d/1JLwYsb1y-oikhBMe-ksUxUbHQDUf3JEu/edit?usp=drivesdk&ouid=117877075857315698786&rtpof=true&sd=true,Yes,,Duplicate — defer,,,
Root/MiscSpreadsheets,Morgan_s Opps.xlsx,1lVgseQuPtAz6AlAjAhotpA1XJop10UKb,File,application/vnd.openxmlformats-officedocument.spreadsheetml.sheet,MiscSpreadsheets,https://docs.google.com/spreadsheets/d/1lVgseQuPtAz6AlAjAhotpA1XJop10UKb/edit?usp=drivesdk&ouid=117877075857315698786&rtpof=true&sd=true,,,Reviewed,TR-0626,"Morgan's opp revenue tracker: Y1 $84K, Y2 $480K (bonus hit), total $590K+; school-by-school.",High
Root/MiscSpreadsheets,Master -- New Of-Value Hot Zone Schools.xlsx,1Pf2wKH15vKaE8b5iHaj3Go1jzqFUD4Q2,File,application/vnd.openxmlformats-officedocument.spreadsheetml.sheet,MiscSpreadsheets,https://docs.google.com/spreadsheets/d/1Pf2wKH15vKaE8b5iHaj3Go1jzqFUD4Q2/edit?usp=drivesdk&ouid=117877075857315698786&rtpof=true&sd=true,Yes,,Duplicate — defer,,,
Root/MiscSpreadsheets,Master -- New Of-Value Hot Zone Schools.xlsx,1_63Yo2E7z2Hkk5NmsKnU-jiB8sJ2oFF8,File,application/vnd.openxmlformats-officedocument.spreadsheetml.sheet,MiscSpreadsheets,https://docs.google.com/spreadsheets/d/1_63Yo2E7z2Hkk5NmsKnU-jiB8sJ2oFF8/edit?usp=drivesdk&ouid=117877075857315698786&rtpof=true&sd=true,,,Reviewed,TR-0316,HZ school identification data (not fully read — too large),
Root/MiscSpreadsheets,Copy of Hot Zones Master List.xlsx,1AIwj4A4Bv5Mq2qIM79n14qJac6iS7fTh,File,application/vnd.openxmlformats-officedocument.spreadsheetml.sheet,MiscSpreadsheets,https://docs.google.com/spreadsheets/d/1AIwj4A4Bv5Mq2qIM79n14qJac6iS7fTh/edit?usp=drivesdk&ouid=117877075857315698786&rtpof=true&sd=true,,,Reviewed,TR-0117,"$29,251,188 total tracked HZ territory value across ~30 districts",
Root/MiscSpreadsheets,Accounts_Errors.csv.xlsx,1iuT99mlpJ3xzgikZKmw5hk592QCmn9eR,File,application/vnd.openxmlformats-officedocument.spreadsheetml.sheet,MiscSpreadsheets,https://docs.google.com/spreadsheets/d/1iuT99mlpJ3xzgikZKmw5hk592QCmn9eR/edit?usp=drivesdk&ouid=117877075857315698786&rtpof=true&sd=true,Yes,,Duplicate — defer,,TR-0101,
Root/MiscSpreadsheets,Accounts_Errors.csv.xlsx,1u00CJcD00VakNIywFnLqAF88BEpWjR_o,File,application/vnd.openxmlformats-officedocument.spreadsheetml.sheet,MiscSpreadsheets,https://docs.google.com/spreadsheets/d/1u00CJcD00VakNIywFnLqAF88BEpWjR_o/edit?usp=drivesdk&ouid=117877075857315698786&rtpof=true&sd=true,,,Reviewed,TR-0611,Accounts_Errors.csv.xlsx — CRM import error log.,High
Root/MiscSpreadsheets,Accounts_Errors(1).csv,1zDnZAl2Vv--VWeZ74fYNBfYNOjhpDvM8,File,text/csv,MiscSpreadsheets,https://drive.google.com/file/d/1zDnZAl2Vv--VWeZ74fYNBfYNOjhpDvM8/view?usp=drivesdk,,,Reviewed,TR-0611,Accounts_Errors(1).csv — CRM import error log.,High
Root/MiscSpreadsheets,Accounts_Errors.csv(1).xlsx,1nkPEXIKKE2XgtGp8OmgN0yJd3Gm5o7iD,File,application/vnd.openxmlformats-officedocument.spreadsheetml.sheet,MiscSpreadsheets,https://docs.google.com/spreadsheets/d/1nkPEXIKKE2XgtGp8OmgN0yJd3Gm5o7iD/edit?usp=drivesdk&ouid=117877075857315698786&rtpof=true&sd=true,,,Reviewed,TR-0611,Accounts_Errors.csv(1).xlsx — CRM import error log.,High
Root/MiscSpreadsheets,Accounts_Errors(2).csv,1GhV3056C-I5FEhxonRRkADJnCrJNTWeB,File,text/csv,MiscSpreadsheets,https://drive.google.com/file/d/1GhV3056C-I5FEhxonRRkADJnCrJNTWeB/view?usp=drivesdk,,,Reviewed,TR-0611,Accounts_Errors(2).csv — CRM import error log.,High
Root/MiscSpreadsheets,Accounts_Errors.csv(2).xlsx,1yTqjWH1VgeZucELLaoFF51N5S8BkSFg3,File,application/vnd.openxmlformats-officedocument.spreadsheetml.sheet,MiscSpreadsheets,https://docs.google.com/spreadsheets/d/1yTqjWH1VgeZucELLaoFF51N5S8BkSFg3/edit?usp=drivesdk&ouid=117877075857315698786&rtpof=true&sd=true,,,Reviewed,TR-0611,Accounts_Errors.csv(2).xlsx — CRM import error log.,High
Root/MiscSpreadsheets,Accounts_Errors(3).csv,12USHZo-phGydpqU6rgK-TB7q4HsJrFxu,File,text/csv,MiscSpreadsheets,https://drive.google.com/file/d/12USHZo-phGydpqU6rgK-TB7q4HsJrFxu/view?usp=drivesdk,Yes,,Duplicate — defer,,,
Root/MiscSpreadsheets,Accounts_Errors(3).csv,1vMWNA2hfwbQ1L8XAO5kGL_VKVTL6cAzy,File,text/csv,MiscSpreadsheets,https://drive.google.com/file/d/1vMWNA2hfwbQ1L8XAO5kGL_VKVTL6cAzy/view?usp=drivesdk,,,Reviewed,TR-0611,Accounts_Errors(3).csv — CRM import error log.,High
Root/MiscSpreadsheets,Untitled spreadsheet(8).xlsx,1jErojceGQZLvdv6n0stXRvsIt7WotRjR,File,application/vnd.openxmlformats-officedocument.spreadsheetml.sheet,MiscSpreadsheets,https://docs.google.com/spreadsheets/d/1jErojceGQZLvdv6n0stXRvsIt7WotRjR/edit?usp=drivesdk&ouid=117877075857315698786&rtpof=true&sd=true,,,Reviewed,TR-0619,Untitled spreadsheet(8) — 2018 Salesforce export.,High
Root/MiscSpreadsheets,Copy of Hot Zones Master List(1).xlsx,1AniG2T3vKx6468sfCHDHNTh_9GbHG3Cn,File,application/vnd.openxmlformats-officedocument.spreadsheetml.sheet,MiscSpreadsheets,https://docs.google.com/spreadsheets/d/1AniG2T3vKx6468sfCHDHNTh_9GbHG3Cn/edit?usp=drivesdk&ouid=117877075857315698786&rtpof=true&sd=true,,,Reviewed,TR-0118,Version copy of Hot Zones Master List.xlsx,
Root/MiscSpreadsheets,Copy of Hot Zones Master List(2).xlsx,1PpG6Sz8Qa8AIdzAZ1UtOTC6cGXpXxIOH,File,application/vnd.openxmlformats-officedocument.spreadsheetml.sheet,MiscSpreadsheets,https://docs.google.com/spreadsheets/d/1PpG6Sz8Qa8AIdzAZ1UtOTC6cGXpXxIOH/edit?usp=drivesdk&ouid=117877075857315698786&rtpof=true&sd=true,,,Reviewed,TR-0119,Version copy of Hot Zones Master List.xlsx,
Root/MiscSpreadsheets,Untitled spreadsheet(9).xlsx,1DvkCysTludll7B9cCaFpkCxsTuwFqGAt,File,application/vnd.openxmlformats-officedocument.spreadsheetml.sheet,MiscSpreadsheets,https://docs.google.com/spreadsheets/d/1DvkCysTludll7B9cCaFpkCxsTuwFqGAt/edit?usp=drivesdk&ouid=117877075857315698786&rtpof=true&sd=true,Yes,,Duplicate — defer,,,
Root/MiscSpreadsheets,Morgan -- Targeted High Schools.xlsx,1jKQ9eOjdocdky6juGXfSBQBmhBSYmqUa,File,application/vnd.openxmlformats-officedocument.spreadsheetml.sheet,MiscSpreadsheets,https://docs.google.com/spreadsheets/d/1jKQ9eOjdocdky6juGXfSBQBmhBSYmqUa/edit?usp=drivesdk&ouid=117877075857315698786&rtpof=true&sd=true,,,Reviewed,TR-0024,"HS targets with Salesforce IDs, enrollment fields, contacts, emails, prior opportunity status",
Root/MiscSpreadsheets,Morgan_s Opps -- Year 2.xlsx,1sMnDwLQ3cyMSaZIM_YZS0mfWTcaa9Oox,File,application/vnd.openxmlformats-officedocument.spreadsheetml.sheet,MiscSpreadsheets,https://docs.google.com/spreadsheets/d/1sMnDwLQ3cyMSaZIM_YZS0mfWTcaa9Oox/edit?usp=drivesdk&ouid=117877075857315698786&rtpof=true&sd=true,,,Reviewed,TR-0627,Morgan's Opps Year 2 — truncated (#REF errors); full data in TR-0626.,High
Root/MiscSpreadsheets,"Sales Dev_ Lost Opportunities 14-15, 15-16.xlsx",1_Q4ZQMTg5jzxwv1PPQAzxTKHP76JMiHp,File,application/vnd.openxmlformats-officedocument.spreadsheetml.sheet,MiscSpreadsheets,https://docs.google.com/spreadsheets/d/1_Q4ZQMTg5jzxwv1PPQAzxTKHP76JMiHp/edit?usp=drivesdk&ouid=117877075857315698786&rtpof=true&sd=true,Yes,,Duplicate — defer,,,
Root/MiscSpreadsheets,"Sales Dev_ Lost Opportunities 14-15, 15-16.xlsx",1htcdAC4scszqiTOWpGtw7x5lI5IWg_f9,File,application/vnd.openxmlformats-officedocument.spreadsheetml.sheet,MiscSpreadsheets,https://docs.google.com/spreadsheets/d/1htcdAC4scszqiTOWpGtw7x5lI5IWg_f9/edit?usp=drivesdk&ouid=117877075857315698786&rtpof=true&sd=true,,,Reviewed,TR-0628,Morgan's lost deal analysis 14-15/15-16. 'Generated by Morgan Escott.' Notes per account.,High
Root/MiscSpreadsheets,Gwinnett County Schools (GA).xlsx,1BS4Hj7gK5r5sZrdnmxiSNRBasVKu98OB,File,application/vnd.openxmlformats-officedocument.spreadsheetml.sheet,MiscSpreadsheets,https://docs.google.com/spreadsheets/d/1BS4Hj7gK5r5sZrdnmxiSNRBasVKu98OB/edit?usp=drivesdk&ouid=117877075857315698786&rtpof=true&sd=true,,,Reviewed,TR-0617,Gwinnett County Schools GA — territory research DB.,High
Root/MiscSpreadsheets,Untitled spreadsheet(16).xlsx,10tkGCd1inHBIS_bVYsT9ovLOu_jjaRn_,File,application/vnd.openxmlformats-officedocument.spreadsheetml.sheet,MiscSpreadsheets,https://docs.google.com/spreadsheets/d/10tkGCd1inHBIS_bVYsT9ovLOu_jjaRn_/edit?usp=drivesdk&ouid=117877075857315698786&rtpof=true&sd=true,,,Reviewed,TR-0619,Untitled spreadsheet(16) — Salesforce export.,High
Root/MiscSpreadsheets,Dekalb County Schools (GA).xlsx,1Hldyz3KUQfPFYxNO__N32iZCMiCDhr2H,File,application/vnd.openxmlformats-officedocument.spreadsheetml.sheet,MiscSpreadsheets,https://docs.google.com/spreadsheets/d/1Hldyz3KUQfPFYxNO__N32iZCMiCDhr2H/edit?usp=drivesdk&ouid=117877075857315698786&rtpof=true&sd=true,,,Reviewed,TR-0617,Dekalb County Schools GA — territory research DB.,High
Root/MiscSpreadsheets,Henry County Schools (GA).xlsx,1dq_X_fhGfYK5Yj272rM9bUkqZAMjSIfB,File,application/vnd.openxmlformats-officedocument.spreadsheetml.sheet,MiscSpreadsheets,https://docs.google.com/spreadsheets/d/1dq_X_fhGfYK5Yj272rM9bUkqZAMjSIfB/edit?usp=drivesdk&ouid=117877075857315698786&rtpof=true&sd=true,,,Reviewed,TR-0617,Henry County GA territory research DB.,High
Root/MiscSpreadsheets,Barrow County Schools (GA).xlsx,1dCpTEXYwMmfg-a1HOkU2l2wm3Hq7NclD,File,application/vnd.openxmlformats-officedocument.spreadsheetml.sheet,MiscSpreadsheets,https://docs.google.com/spreadsheets/d/1dCpTEXYwMmfg-a1HOkU2l2wm3Hq7NclD/edit?usp=drivesdk&ouid=117877075857315698786&rtpof=true&sd=true,,,Reviewed,TR-0617,Barrow County GA territory research DB.,High
Root/MiscSpreadsheets,Houston County Schools (GA).xlsx,1ncHggiue1TI1gel1unsw59eAIn6UHXyv,File,application/vnd.openxmlformats-officedocument.spreadsheetml.sheet,MiscSpreadsheets,https://docs.google.com/spreadsheets/d/1ncHggiue1TI1gel1unsw59eAIn6UHXyv/edit?usp=drivesdk&ouid=117877075857315698786&rtpof=true&sd=true,,,Reviewed,TR-0617,Houston County GA territory research DB.,High
Root/MiscSpreadsheets,Hall County Schools (GA).xlsx,1G9X1_GtRyCa5blan-BalbdIlVHDQZlet,File,application/vnd.openxmlformats-officedocument.spreadsheetml.sheet,MiscSpreadsheets,https://docs.google.com/spreadsheets/d/1G9X1_GtRyCa5blan-BalbdIlVHDQZlet/edit?usp=drivesdk&ouid=117877075857315698786&rtpof=true&sd=true,,,Reviewed,TR-0617,Hall County GA territory research DB.,High
Root/MiscSpreadsheets,Gainesville City Schools (GA).xlsx,160JiMH1t5asusKn_anMoZRLlsV0b9_Tt,File,application/vnd.openxmlformats-officedocument.spreadsheetml.sheet,MiscSpreadsheets,https://docs.google.com/spreadsheets/d/160JiMH1t5asusKn_anMoZRLlsV0b9_Tt/edit?usp=drivesdk&ouid=117877075857315698786&rtpof=true&sd=true,,,Reviewed,TR-0617,Gainesville City GA territory research DB.,High
Root/MiscSpreadsheets,Long-Term Leads.xlsx,195k79iuLDX7rBSJFTKdTscpIMQkT3iHu,File,application/vnd.openxmlformats-officedocument.spreadsheetml.sheet,MiscSpreadsheets,https://docs.google.com/spreadsheets/d/195k79iuLDX7rBSJFTKdTscpIMQkT3iHu/edit?usp=drivesdk&ouid=117877075857315698786&rtpof=true&sd=true,Yes,,Duplicate — defer,,,
Root/MiscSpreadsheets,Long-Term Leads.xlsx,1kjJavBKXngTYic8Ky5wWEpyK87BD8ANK,File,application/vnd.openxmlformats-officedocument.spreadsheetml.sheet,MiscSpreadsheets,https://docs.google.com/spreadsheets/d/1kjJavBKXngTYic8Ky5wWEpyK87BD8ANK/edit?usp=drivesdk&ouid=117877075857315698786&rtpof=true&sd=true,,,Reviewed,TR-0629,Morgan's multi-year nurture tracker (2016-2021); 35+ prospects; real reply text per contact.,High
Root/MiscSpreadsheets,June Meeting_Survery Tracker.xlsx,1dsUGqoYcuakrpF6wZyCNauVur7cIGJNh,File,application/vnd.openxmlformats-officedocument.spreadsheetml.sheet,MiscSpreadsheets,https://docs.google.com/spreadsheets/d/1dsUGqoYcuakrpF6wZyCNauVur7cIGJNh/edit?usp=drivesdk&ouid=117877075857315698786&rtpof=true&sd=true,Yes,,Duplicate — defer,,TR-0083,
Root/MiscSpreadsheets,June Meeting_Survery Tracker.xlsx,1xBSV-nvcuXI205SQZ8c9UaASAsv94h3Y,File,application/vnd.openxmlformats-officedocument.spreadsheetml.sheet,MiscSpreadsheets,https://docs.google.com/spreadsheets/d/1xBSV-nvcuXI205SQZ8c9UaASAsv94h3Y/edit?usp=drivesdk&ouid=117877075857315698786&rtpof=true&sd=true,,,Reviewed,TR-0101,TR-0205,
Root/MiscSpreadsheets,Outstanding Surveys.xlsx,1tOkaqTpigqNypqiTTolbqOJTC0uuxQTP,File,application/vnd.openxmlformats-officedocument.spreadsheetml.sheet,MiscSpreadsheets,https://docs.google.com/spreadsheets/d/1tOkaqTpigqNypqiTTolbqOJTC0uuxQTP/edit?usp=drivesdk&ouid=117877075857315698786&rtpof=true&sd=true,Yes,,Duplicate — defer,,TR-0110,
Root/MiscSpreadsheets,Outstanding Surveys.xlsx,1w0jO8pwh8cmtJa8PHEBpfwQvu5l_2089,File,application/vnd.openxmlformats-officedocument.spreadsheetml.sheet,MiscSpreadsheets,https://docs.google.com/spreadsheets/d/1w0jO8pwh8cmtJa8PHEBpfwQvu5l_2089/edit?usp=drivesdk&ouid=117877075857315698786&rtpof=true&sd=true,,,Reviewed,TR-0163,TR-0082,
Root/MiscSpreadsheets,Untitled spreadsheet(17).xlsx,1-rUtcVsQz9N1o0JC8wIUMaup-5e9DZi3,File,application/vnd.openxmlformats-officedocument.spreadsheetml.sheet,MiscSpreadsheets,https://docs.google.com/spreadsheets/d/1-rUtcVsQz9N1o0JC8wIUMaup-5e9DZi3/edit?usp=drivesdk&ouid=117877075857315698786&rtpof=true&sd=true,,,Reviewed,TR-0619,Untitled spreadsheet(17) — Salesforce export.,High
Root/MiscSpreadsheets,Untitled spreadsheet(18).xlsx,1ivoLMeRv-6xRURYVuBWO7wTuSaG_29pC,File,application/vnd.openxmlformats-officedocument.spreadsheetml.sheet,MiscSpreadsheets,https://docs.google.com/spreadsheets/d/1ivoLMeRv-6xRURYVuBWO7wTuSaG_29pC/edit?usp=drivesdk&ouid=117877075857315698786&rtpof=true&sd=true,,,Reviewed,TR-0619,Untitled spreadsheet(18) — Salesforce export.,High
Root/MiscSpreadsheets,Untitled spreadsheet(19).xlsx,1hFnhpPu1_wOH6oe3GEjMTR8xbLeGEJ39,File,application/vnd.openxmlformats-officedocument.spreadsheetml.sheet,MiscSpreadsheets,https://docs.google.com/spreadsheets/d/1hFnhpPu1_wOH6oe3GEjMTR8xbLeGEJ39/edit?usp=drivesdk&ouid=117877075857315698786&rtpof=true&sd=true,,,Reviewed,TR-0619,Untitled spreadsheet(19) — Salesforce export.,High
Root/MiscSpreadsheets,Untitled spreadsheet(20).xlsx,153MxyM87XTcGxZwHoaZiJNJsAXf3B0OV,File,application/vnd.openxmlformats-officedocument.spreadsheetml.sheet,MiscSpreadsheets,https://docs.google.com/spreadsheets/d/153MxyM87XTcGxZwHoaZiJNJsAXf3B0OV/edit?usp=drivesdk&ouid=117877075857315698786&rtpof=true&sd=true,,,Reviewed,TR-0619,Untitled spreadsheet(20) — Salesforce export.,High
Root/MiscSpreadsheets,Untitled spreadsheet(21).xlsx,1QryX4U4Ahp092yGs8lcF5rW6uQjlvc1o,File,application/vnd.openxmlformats-officedocument.spreadsheetml.sheet,MiscSpreadsheets,https://docs.google.com/spreadsheets/d/1QryX4U4Ahp092yGs8lcF5rW6uQjlvc1o/edit?usp=drivesdk&ouid=117877075857315698786&rtpof=true&sd=true,,,Reviewed,TR-0619,Untitled spreadsheet(21) — Salesforce export.,High
Root/MiscSpreadsheets,Untitled spreadsheet(22).xlsx,1lYbOJB4HbDMPur2qon7EKH113kNtwdHo,File,application/vnd.openxmlformats-officedocument.spreadsheetml.sheet,MiscSpreadsheets,https://docs.google.com/spreadsheets/d/1lYbOJB4HbDMPur2qon7EKH113kNtwdHo/edit?usp=drivesdk&ouid=117877075857315698786&rtpof=true&sd=true,,,Reviewed,TR-0619,Untitled spreadsheet(22) — Salesforce export.,High
Root/MiscSpreadsheets,Untitled spreadsheet(23).xlsx,1rBDA3B03-HRvLxU7IeyFUfx8h6XuKxpA,File,application/vnd.openxmlformats-officedocument.spreadsheetml.sheet,MiscSpreadsheets,https://docs.google.com/spreadsheets/d/1rBDA3B03-HRvLxU7IeyFUfx8h6XuKxpA/edit?usp=drivesdk&ouid=117877075857315698786&rtpof=true&sd=true,,,Reviewed,TR-0619,Untitled spreadsheet(23) — Salesforce export.,High
Root/MiscSpreadsheets,Untitled spreadsheet(24).xlsx,1RR6s2DosEO3Aom2PyKffAUbOYKfChKsU,File,application/vnd.openxmlformats-officedocument.spreadsheetml.sheet,MiscSpreadsheets,https://docs.google.com/spreadsheets/d/1RR6s2DosEO3Aom2PyKffAUbOYKfChKsU/edit?usp=drivesdk&ouid=117877075857315698786&rtpof=true&sd=true,,,Reviewed,TR-0619,Untitled spreadsheet(24) — Salesforce export.,High
Root/MiscSpreadsheets,Untitled spreadsheet(25).xlsx,1b0dJsKOJV2_97YUJR9BAfFawX2Uw5PA3,File,application/vnd.openxmlformats-officedocument.spreadsheetml.sheet,MiscSpreadsheets,https://docs.google.com/spreadsheets/d/1b0dJsKOJV2_97YUJR9BAfFawX2Uw5PA3/edit?usp=drivesdk&ouid=117877075857315698786&rtpof=true&sd=true,,,Reviewed,TR-0619,Untitled spreadsheet(25) — Salesforce export.,High
Root/MiscSpreadsheets,Untitled spreadsheet(26).xlsx,1qOwljpB-fnbWksosYKRZ7JsTo0n9rffJ,File,application/vnd.openxmlformats-officedocument.spreadsheetml.sheet,MiscSpreadsheets,https://docs.google.com/spreadsheets/d/1qOwljpB-fnbWksosYKRZ7JsTo0n9rffJ/edit?usp=drivesdk&ouid=117877075857315698786&rtpof=true&sd=true,,,Reviewed,TR-0619,Untitled spreadsheet(26) — Salesforce export.,High
Root/MiscSpreadsheets,Untitled spreadsheet(27).xlsx,101h8gNYoV8m-zwl8B7lI4egReCDesDL7,File,application/vnd.openxmlformats-officedocument.spreadsheetml.sheet,MiscSpreadsheets,https://docs.google.com/spreadsheets/d/101h8gNYoV8m-zwl8B7lI4egReCDesDL7/edit?usp=drivesdk&ouid=117877075857315698786&rtpof=true&sd=true,,,Reviewed,TR-0619,Untitled spreadsheet(27) — Salesforce export.,High
Root/MiscSpreadsheets,Untitled spreadsheet(28).xlsx,16Ql1-k-hABT852s-jDWJXsCxJUInkG1w,File,application/vnd.openxmlformats-officedocument.spreadsheetml.sheet,MiscSpreadsheets,https://docs.google.com/spreadsheets/d/16Ql1-k-hABT852s-jDWJXsCxJUInkG1w/edit?usp=drivesdk&ouid=117877075857315698786&rtpof=true&sd=true,,,Reviewed,TR-0619,Untitled spreadsheet(28) — Salesforce export.,High
Root/MiscSpreadsheets,"Old Resets, etc_.xlsx",1DlZmSz_tWVqDNC7hwgyrRzKP6jSZUitC,File,application/vnd.openxmlformats-officedocument.spreadsheetml.sheet,MiscSpreadsheets,https://docs.google.com/spreadsheets/d/1DlZmSz_tWVqDNC7hwgyrRzKP6jSZUitC/edit?usp=drivesdk&ouid=117877075857315698786&rtpof=true&sd=true,Yes,,Duplicate — defer,,,
Root/MiscSpreadsheets,"Old Resets, etc_.xlsx",1ctTOGQoq49NLQBIYco-4r1W_JQ9CMlTy,File,application/vnd.openxmlformats-officedocument.spreadsheetml.sheet,MiscSpreadsheets,https://docs.google.com/spreadsheets/d/1ctTOGQoq49NLQBIYco-4r1W_JQ9CMlTy/edit?usp=drivesdk&ouid=117877075857315698786&rtpof=true&sd=true,,,Reviewed,TR-0619,"Old Resets, etc. — CRM account reset/status data.",High
Root/Trainings,File-2021_Getting_Started_With_Vidyard.pdf,1VQ41wX6Efjngive4rBsHgS_MfzeKLSg0,File,application/pdf,Trainings,https://drive.google.com/file/d/1VQ41wX6Efjngive4rBsHgS_MfzeKLSg0/view?usp=drivesdk,,,Skip — not reviewable,,Trainings folder — Vidyard Getting Started PDF (Medium priority).,Medium
Root/Trainings,File-Leveraging_Vidyards_Video_Selling_Master_C.pdf,1dlAnVx28c9TbMH6JXsC4ecoLCaFYDuMA,File,application/pdf,Trainings,https://drive.google.com/file/d/1dlAnVx28c9TbMH6JXsC4ecoLCaFYDuMA/view?usp=drivesdk,,,Skip — not reviewable,,Trainings folder — Vidyard Video Selling PDF (Medium priority).,Medium
Root/Trainings,The Fine Line_ When AI Enhances Sales and When It_.docx,1w-chRuLA_lRKoBrAHVOrnCZDp480E09i,File,application/vnd.openxmlformats-officedocument.wordprocessingml.document,Trainings,https://docs.google.com/document/d/1w-chRuLA_lRKoBrAHVOrnCZDp480E09i/edit?usp=drivesdk&ouid=117877075857315698786&rtpof=true&sd=true,,,Reviewed,TR-0266,Trainings folder — 'Fine Line When AI Enhances Sales' (already reviewed TR-0266).,
Root/Trainings,How to digitalize enterprise sales for the AI era.docx,1aLKIhO-L5WBtjHMWkWVipjliHg8mgv5F,File,application/vnd.openxmlformats-officedocument.wordprocessingml.document,Trainings,https://docs.google.com/document/d/1aLKIhO-L5WBtjHMWkWVipjliHg8mgv5F/edit?usp=drivesdk&ouid=117877075857315698786&rtpof=true&sd=true,,,Reviewed,TR-0654,AI + B2B sales webinar notes — 'spam cannon isn't working'; quality over quantity.,Medium
Root/Trainings,Outreach Live Webinar_ How AI Will Unlock Seller P.docx,1xs6CGlCMbVH4XuSABp62IQXmSCU14V7b,File,application/vnd.openxmlformats-officedocument.wordprocessingml.document,Trainings,https://docs.google.com/document/d/1xs6CGlCMbVH4XuSABp62IQXmSCU14V7b/edit?usp=drivesdk&ouid=117877075857315698786&rtpof=true&sd=true,,,Reviewed,TR-0655,Outreach AI webinar May 2023 — 3 bullet points only. 'DON’T WAIT. THIS IS NOT A FAD.',Medium
Root/Trainings,Advanced Email Engagement Tactics_ How to Win Clic.docx,1Um5GIwGq3vxNb0GzjB3ng7Yo-OqQBveN,File,application/vnd.openxmlformats-officedocument.wordprocessingml.document,Trainings,https://docs.google.com/document/d/1Um5GIwGq3vxNb0GzjB3ng7Yo-OqQBveN/edit?usp=drivesdk&ouid=117877075857315698786&rtpof=true&sd=true,Yes,,Duplicate — defer,,,
Root/Trainings,Advanced Email Engagement Tactics_ How to Win Clic.docx,1XAPu9ZI8LnYIR0-G6f4yjUcgwruqcgCo,File,application/vnd.openxmlformats-officedocument.wordprocessingml.document,Trainings,https://docs.google.com/document/d/1XAPu9ZI8LnYIR0-G6f4yjUcgwruqcgCo/edit?usp=drivesdk&ouid=117877075857315698786&rtpof=true&sd=true,,,Reviewed,TR-0266,Trainings — Advanced Email Engagement Tactics doc. Medium priority.,Medium
Root/Trainings,Agile Marketing + Michael Niehoff Webinar_ Tech is.docx,1zNcXNAdPO3ZMGg22ZE8S3Ckn0bEoW4xf,File,application/vnd.openxmlformats-officedocument.wordprocessingml.document,Trainings,https://docs.google.com/document/d/1zNcXNAdPO3ZMGg22ZE8S3Ckn0bEoW4xf/edit?usp=drivesdk&ouid=117877075857315698786&rtpof=true&sd=true,,,Reviewed,TR-0266,Trainings — Agile Marketing + Michael Niehoff Webinar doc. Medium priority.,Medium
Root/Trainings,SIA Training 2.17.21.docx,1kz4Z_IX9EcQFBZMarCiwcl25tFBa98ff,File,application/vnd.openxmlformats-officedocument.wordprocessingml.document,Trainings,https://docs.google.com/document/d/1kz4Z_IX9EcQFBZMarCiwcl25tFBa98ff/edit?usp=drivesdk&ouid=117877075857315698786&rtpof=true&sd=true,,,Reviewed,TR-0266,Trainings — SIA Training 2.17.21 doc. Medium priority.,Medium
Root/Trainings,"SIA Training, 2.15.21.docx",1CSZWZIwtA6t0fRrU0c1cIa0nSeXAUpG0,File,application/vnd.openxmlformats-officedocument.wordprocessingml.document,Trainings,https://docs.google.com/document/d/1CSZWZIwtA6t0fRrU0c1cIa0nSeXAUpG0/edit?usp=drivesdk&ouid=117877075857315698786&rtpof=true&sd=true,,,Reviewed,TR-0083,SIA email objections session; full objection framework by reply type; priority matrix; referral strategy; nurture segmentation,
Root/Trainings,SIA Class 2_ Agoge Sequence.docx,1El_aCqwqqeHSnXYI6KAy3PC_oZAPfqnc,File,application/vnd.openxmlformats-officedocument.wordprocessingml.document,Trainings,https://docs.google.com/document/d/1El_aCqwqqeHSnXYI6KAy3PC_oZAPfqnc/edit?usp=drivesdk&ouid=117877075857315698786&rtpof=true&sd=true,,,Reviewed,TR-0205,TR-0278,
Root/Trainings,"SIA Training, Feb 10.docx",1lcvxMPDNaWRMhDN-waikK543nv23GKBV,File,application/vnd.openxmlformats-officedocument.wordprocessingml.document,Trainings,https://docs.google.com/document/d/1lcvxMPDNaWRMhDN-waikK543nv23GKBV/edit?usp=drivesdk&ouid=117877075857315698786&rtpof=true&sd=true,,,Reviewed,TR-0110,TR-0300,
Root/Trainings,SIA Training Feb 8.docx,1XVb_-ECW_i8xtj_sKM1X0yPPW-QPs8yH,File,application/vnd.openxmlformats-officedocument.wordprocessingml.document,Trainings,https://docs.google.com/document/d/1XVb_-ECW_i8xtj_sKM1X0yPPW-QPs8yH/edit?usp=drivesdk&ouid=117877075857315698786&rtpof=true&sd=true,,,Reviewed,TR-0266,Trainings — SIA Training Feb 3 doc. Medium priority.,
Root/Trainings,SIA Training Feb 3.docx,1z-i45nV77aWkVl0xvttkFKoqzprr1N7m,File,application/vnd.openxmlformats-officedocument.wordprocessingml.document,Trainings,https://docs.google.com/document/d/1z-i45nV77aWkVl0xvttkFKoqzprr1N7m/edit?usp=drivesdk&ouid=117877075857315698786&rtpof=true&sd=true,,,Reviewed,TR-0266,Trainings — SIA Training 2_1_2021 doc. Medium priority.,Medium
Root/Trainings,SIA Training 2_1_2021.docx,1tHuyeTuPvZz6PB_p0YC_4ZotIv4Q9SoH,File,application/vnd.openxmlformats-officedocument.wordprocessingml.document,Trainings,https://docs.google.com/document/d/1tHuyeTuPvZz6PB_p0YC_4ZotIv4Q9SoH/edit?usp=drivesdk&ouid=117877075857315698786&rtpof=true&sd=true,,,Reviewed,TR-0658,"SIA Training Feb 3 — tier prioritization, 3 lines of notes.",Medium
Root/Trainings,SIA - Prospecting Through Sequences.docx,11morkgVlh2d7nwKJXBBSeoCdZTj5ke2-,File,application/vnd.openxmlformats-officedocument.wordprocessingml.document,Trainings,https://docs.google.com/document/d/11morkgVlh2d7nwKJXBBSeoCdZTj5ke2-/edit?usp=drivesdk&ouid=117877075857315698786&rtpof=true&sd=true,Yes,,Duplicate — defer,,,
Root/Trainings,SIA - Prospecting Through Sequences.docx,1hLF0LK5Cdwt-sCxwcqQkCHorVcniidvd,File,application/vnd.openxmlformats-officedocument.wordprocessingml.document,Trainings,https://docs.google.com/document/d/1hLF0LK5Cdwt-sCxwcqQkCHorVcniidvd/edit?usp=drivesdk&ouid=117877075857315698786&rtpof=true&sd=true,,,Reviewed,TR-0302,Identical to TR-0297 (duplicate copy),
Root/CultureAmp,"CultureAmp, Skills Coach_ 1-on-1s.docx",19gLZupPgpjJBU8pKg1SeKo-azMw4kxeM,File,application/vnd.openxmlformats-officedocument.wordprocessingml.document,CultureAmp,https://docs.google.com/document/d/19gLZupPgpjJBU8pKg1SeKo-azMw4kxeM/edit?usp=drivesdk&ouid=117877075857315698786&rtpof=true&sd=true,,,Reviewed,TR-0266,CultureAmp Skills Coach 1-on-1s doc. Medium priority.,Medium
Root/CultureAmp,CultureAmp_ Strategic Thinking (Skill Coach Course.docx,1H-byiDpPhnfUaJswU3QSrhiRGo88L8yr,File,application/vnd.openxmlformats-officedocument.wordprocessingml.document,CultureAmp,https://docs.google.com/document/d/1H-byiDpPhnfUaJswU3QSrhiRGo88L8yr/edit?usp=drivesdk&ouid=117877075857315698786&rtpof=true&sd=true,,,Reviewed,TR-0266,CultureAmp Strategic Thinking doc. Medium priority.,Medium
Root/CultureAmp,Copy of Copy of Copy of July Webinar - Supporting_.pptx,1VZb8Ik84f9heorYrTzQrG9gDDlNXyd1w,File,application/vnd.openxmlformats-officedocument.presentationml.presentation,CultureAmp,https://docs.google.com/presentation/d/1VZb8Ik84f9heorYrTzQrG9gDDlNXyd1w/edit?usp=drivesdk&ouid=117877075857315698786&rtpof=true&sd=true,Yes,,Reviewed,TR-0266,CultureAmp July Webinar pptx. Medium priority.,
Root/CultureAmp,Copy of Copy of Copy of July Webinar - Supporting_.pptx,1y_UUbrL3PasBK7SJyh6VZvgDsIp7teyC,File,application/vnd.openxmlformats-officedocument.presentationml.presentation,CultureAmp,https://docs.google.com/presentation/d/1y_UUbrL3PasBK7SJyh6VZvgDsIp7teyC/edit?usp=drivesdk&ouid=117877075857315698786&rtpof=true&sd=true,,,Reviewed,TR-0656,CultureAmp 1-on-1s coaching — Morgan's honest self-assessment + CAMPS model. Score: 8.,Medium
Root/Feedback,Copy of File-Onboarding Feedback (SDR).docx,1BMHBAwFfQGKQpSPkP_fhwt-I_7DVMZ8q,File,application/vnd.openxmlformats-officedocument.wordprocessingml.document,Feedback,https://docs.google.com/document/d/1BMHBAwFfQGKQpSPkP_fhwt-I_7DVMZ8q/edit?usp=drivesdk&ouid=117877075857315698786&rtpof=true&sd=true,,,Reviewed,TR-0630,"Morgan named in v7 mobile UX testing — detailed parent app feedback, cross-functional product role.",High
Root/Feedback,Copy of Copy of  v7 Mobile User Feedback Plan.docx,1FM4g7PZvwhKng4w95k0LoUydWO5ZOOiZ,File,application/vnd.openxmlformats-officedocument.wordprocessingml.document,Feedback,https://docs.google.com/document/d/1FM4g7PZvwhKng4w95k0LoUydWO5ZOOiZ/edit?usp=drivesdk&ouid=117877075857315698786&rtpof=true&sd=true,,,Reviewed,TR-0630,v7 Mobile UX feedback — Morgan named tester. (Row offset fix),High
Root/Feedback,Copy of Drift Feedback.docx,1fA-iDkHfLcs2i2_9kdz1kWkzi6OxEuN-,File,application/vnd.openxmlformats-officedocument.wordprocessingml.document,Feedback,https://docs.google.com/document/d/1fA-iDkHfLcs2i2_9kdz1kWkzi6OxEuN-/edit?usp=drivesdk&ouid=117877075857315698786&rtpof=true&sd=true,Yes,,Duplicate — defer,,,
Root/Feedback,Copy of Drift Feedback.docx,1hLcOEc1iE0qbEKYbKLs7thBX10wZeTr8,File,application/vnd.openxmlformats-officedocument.wordprocessingml.document,Feedback,https://docs.google.com/document/d/1hLcOEc1iE0qbEKYbKLs7thBX10wZeTr8/edit?usp=drivesdk&ouid=117877075857315698786&rtpof=true&sd=true,,,Reviewed,TR-0631,Morgan & Jen's objection handling playbook — 5 scenarios + bonus scripts. 'Compiled with love.' Score: 9.,High
Root/Feedback,Copy of Responses to Common Replies! - By Morgan  & Jen _3.docx,1wSlomdx4N_88rlZylS6j4vt1NdlN-yTU,File,application/vnd.openxmlformats-officedocument.wordprocessingml.document,Feedback,https://docs.google.com/document/d/1wSlomdx4N_88rlZylS6j4vt1NdlN-yTU/edit?usp=drivesdk&ouid=117877075857315698786&rtpof=true&sd=true,,,Reviewed,TR-0631,Responses to Common Replies by Morgan & Jen. (Row offset fix),High
Root/Feedback,Copy of How to Survive_Thrive in Sales in 2020.docx,15YmT3-IzKG1jopJAqAGQ9qisHohCTwuU,File,application/vnd.openxmlformats-officedocument.wordprocessingml.document,Feedback,https://docs.google.com/document/d/15YmT3-IzKG1jopJAqAGQ9qisHohCTwuU/edit?usp=drivesdk&ouid=117877075857315698786&rtpof=true&sd=true,,,Reviewed,TR-0471,"COVID webinar notes (How to Survive/Thrive in Sales 2020); external content, Morgan note-taker",High
Root/Feedback,Copy of Inbound + Outbound Virtual Workday_ 05.12.22.docx,1Js6Qu3jplxcTZ0Dcj-ipon1WIhfDOX2g,File,application/vnd.openxmlformats-officedocument.wordprocessingml.document,Feedback,https://docs.google.com/document/d/1Js6Qu3jplxcTZ0Dcj-ipon1WIhfDOX2g/edit?usp=drivesdk&ouid=117877075857315698786&rtpof=true&sd=true,Yes,,Reviewed,TR-0632,"Morgan prepared workday agenda + strategic ideas: design gaps, digital store integration. Score: 8.",
Root/Feedback,Copy of Inbound + Outbound Virtual Workday_ 05.12.22.docx,1NuwHdFxmpHige9V9jUAI2gL8TSNhl0BN,File,application/vnd.openxmlformats-officedocument.wordprocessingml.document,Feedback,https://docs.google.com/document/d/1NuwHdFxmpHige9V9jUAI2gL8TSNhl0BN/edit?usp=drivesdk&ouid=117877075857315698786&rtpof=true&sd=true,,,Reviewed,TR-0632,Inbound + Outbound Workday — Morgan prepared agenda. (Row offset fix),High
Root/Feedback,Copy of File-Spring Sequence Feedback - Tickler and Po.docx,1Uj3N_19JgMrvj5VIWj6RU0y9EX77dMZv,File,application/vnd.openxmlformats-officedocument.wordprocessingml.document,Feedback,https://docs.google.com/document/d/1Uj3N_19JgMrvj5VIWj6RU0y9EX77dMZv/edit?usp=drivesdk&ouid=117877075857315698786&rtpof=true&sd=true,,,Reviewed,TR-0472,"Compiled pod sequence feedback into CC action items; style guide, persona-specific tone, sequence rules, marketing requests",High
Root/Feedback,Copy of Content Feedback Survey_ May 2022.docx,1XuAGfDDYOsOvV3-bhE1J3C1zryjuCor8,File,application/vnd.openxmlformats-officedocument.wordprocessingml.document,Feedback,https://docs.google.com/document/d/1XuAGfDDYOsOvV3-bhE1J3C1zryjuCor8/edit?usp=drivesdk&ouid=117877075857315698786&rtpof=true&sd=true,,,Reviewed,TR-0633,Morgan's Nirvana Pod spring sequence feedback — 20+ suggestions. 'I did jot down who said what.',High
Root/Feedback,Copy of File-spring sequence feedback.docx,1_5hVyDemrcA0eBZrkQlsLRScKO2bNmeu,File,application/vnd.openxmlformats-officedocument.wordprocessingml.document,Feedback,https://docs.google.com/document/d/1_5hVyDemrcA0eBZrkQlsLRScKO2bNmeu/edit?usp=drivesdk&ouid=117877075857315698786&rtpof=true&sd=true,,,Reviewed,TR-0633,Nirvana Pod spring sequence feedback. (Row offset fix),High
Root/Feedback,Copy of MPP_ Team + Treering Feedback!.docx,1jL2vMLjvs-m9VjmtJb2FVkhETOmaYRX9,File,application/vnd.openxmlformats-officedocument.wordprocessingml.document,Feedback,https://docs.google.com/document/d/1jL2vMLjvs-m9VjmtJb2FVkhETOmaYRX9/edit?usp=drivesdk&ouid=117877075857315698786&rtpof=true&sd=true,,,Reviewed,TR-0634,CC compiled spring sequence guidelines — Morgan's pod suggestions integrated into official doc.,High
Root/Feedback,Copy of Spring Sequence Feedback - Tickler and Pods.docx,1mqzBW7FOBo_ZiCq4iad8nyent7vGJAHx,File,application/vnd.openxmlformats-officedocument.wordprocessingml.document,Feedback,https://docs.google.com/document/d/1mqzBW7FOBo_ZiCq4iad8nyent7vGJAHx/edit?usp=drivesdk&ouid=117877075857315698786&rtpof=true&sd=true,,,Reviewed,TR-0634,Spring Sequence Feedback Tickler and Pods. (Row offset fix),High
Root/Feedback,"CC Summer 2022_ Sequences, etc_.xlsx",13TecJLNQcAYOH9fws8UPOFEE4dco4-Ox,File,application/vnd.openxmlformats-officedocument.spreadsheetml.sheet,Feedback,https://docs.google.com/spreadsheets/d/13TecJLNQcAYOH9fws8UPOFEE4dco4-Ox/edit?usp=drivesdk&ouid=117877075857315698786&rtpof=true&sd=true,Yes,,Duplicate — defer,,,
Root/Feedback,SDR Monthly Training_ Common Objections_Replie.2023(1).pptx,14SFGIFHgP4-cvuO88T-l5TBKRIKUTyne,File,application/vnd.openxmlformats-officedocument.presentationml.presentation,Feedback,https://docs.google.com/presentation/d/14SFGIFHgP4-cvuO88T-l5TBKRIKUTyne/edit?usp=drivesdk&ouid=117877075857315698786&rtpof=true&sd=true,Yes,,Duplicate — defer,,,
Root/Feedback,Copy of  v7 Mobile User Feedback Plan.docx,1wPsPOHvU7pV1yukw5HwqLeATRXZPuQDR,File,application/vnd.openxmlformats-officedocument.wordprocessingml.document,Feedback,https://docs.google.com/document/d/1wPsPOHvU7pV1yukw5HwqLeATRXZPuQDR/edit?usp=drivesdk&ouid=117877075857315698786&rtpof=true&sd=true,Yes,,Duplicate — defer,,,
Root/Feedback,MPP_ Team + Treering Feedback!.docx,1Bnjt3rnXWYW2EUf4OC2s8pM5uBolM3xS,File,application/vnd.openxmlformats-officedocument.wordprocessingml.document,Feedback,https://docs.google.com/document/d/1Bnjt3rnXWYW2EUf4OC2s8pM5uBolM3xS/edit?usp=drivesdk&ouid=117877075857315698786&rtpof=true&sd=true,,,Reviewed,TR-0278,"Structured feedback infrastructure across product, HR, sales, marketing, and content — Morgan facilitating",
Root/Feedback,Sales Content Feedback  2022.xlsx,1DB6bPaI4WdJ4ks7ruj2jzA1hO9xeFwsJ,File,application/vnd.openxmlformats-officedocument.spreadsheetml.sheet,Feedback,https://docs.google.com/spreadsheets/d/1DB6bPaI4WdJ4ks7ruj2jzA1hO9xeFwsJ/edit?usp=drivesdk&ouid=117877075857315698786&rtpof=true&sd=true,,,Reviewed,TR-0300,Raw SurveyMonkey export; qualitative response data (too large to fully read),
Root/Feedback,Responses_All_220608.pdf,13r7ZsO9Xj8a1mOUC4Wup8MPLAa5ssIwh,File,application/pdf,Feedback,https://drive.google.com/file/d/13r7ZsO9Xj8a1mOUC4Wup8MPLAa5ssIwh/view?usp=drivesdk,,,Reviewed,TR-0109,Qualitative response data (pairs with SurveyMonkey export),
Root/Feedback,Data_All_220608.pdf,17dJeTCvHqf2Nq_00_45Hrq1tYzjytN7g,File,application/pdf,Feedback,https://drive.google.com/file/d/17dJeTCvHqf2Nq_00_45Hrq1tYzjytN7g/view?usp=drivesdk,,,Reviewed,TR-0479,Data_All_220608.pdf — quantitative companion to TR-0109 (Content Feedback Survey data).,High
Root/Feedback,Content Feedback Survey_ May 2022-comments.html,1om2I2ORjz1HE7hvbj8bXzyIoXP-Fp-oM,File,text/html,Feedback,https://drive.google.com/file/d/1om2I2ORjz1HE7hvbj8bXzyIoXP-Fp-oM/view?usp=drivesdk,Yes,,Duplicate — defer,,,
Root/Feedback,Inbound + Outbound Virtual Workday_ 05.12.22.docx,106Ao3Idfui6gvBy8X8Iomzt7geJ3eYEf,File,application/vnd.openxmlformats-officedocument.wordprocessingml.document,Feedback,https://docs.google.com/document/d/106Ao3Idfui6gvBy8X8Iomzt7geJ3eYEf/edit?usp=drivesdk&ouid=117877075857315698786&rtpof=true&sd=true,Yes,,Reviewed,TR-0632,"Inbound + Outbound Virtual Workday — same doc as TR-0632, another copy.",
Root/Feedback,Inbound + Outbound Virtual Workday_ 05.12.22.docx,1bWL4FfTW3DUzOoiL_sPLeaL9qCDmJ0Yu,File,application/vnd.openxmlformats-officedocument.wordprocessingml.document,Feedback,https://docs.google.com/document/d/1bWL4FfTW3DUzOoiL_sPLeaL9qCDmJ0Yu/edit?usp=drivesdk&ouid=117877075857315698786&rtpof=true&sd=true,,,Skip — not reviewable,,HTML file — Sequence Review In Contract comments. Not readable.,High
Root/Feedback,Sequence Review_ In Contract (Starts w_ Reply)-com.html,13q4wCRmizPuXEk61iylZgg0Tm019TKNQ,File,text/html,Feedback,https://drive.google.com/file/d/13q4wCRmizPuXEk61iylZgg0Tm019TKNQ/view?usp=drivesdk,,,Skip — not reviewable,,HTML file — CC Edit Sequence Update comments. Not readable.,High
Root/Feedback,"CC Edit_ Sequence Update, In Contract-comments.html",1f0_RpTagY9cZPjO4MoUna_hlt_BNDa3o,File,text/html,Feedback,https://drive.google.com/file/d/1f0_RpTagY9cZPjO4MoUna_hlt_BNDa3o/view?usp=drivesdk,,,Skip — not reviewable,,HTML file — Notes for Sequence Review Meeting comments. Not readable.,High
Root/Feedback,"Notes for Sequence Review Meeting, Sept 10 2021-co.html",1BhPWTAt-j6fdAyYs1EWTNWhnFnu00mTf,File,text/html,Feedback,https://drive.google.com/file/d/1BhPWTAt-j6fdAyYs1EWTNWhnFnu00mTf/view?usp=drivesdk,,,Skip — not reviewable,,Notes for Sequence Review Meeting HTML — not readable.,High
Root/Feedback,2021 Content Feedback.xlsx,16y0vTAG6twcm7CR3dkcKfyF6J3gA3qyF,File,application/vnd.openxmlformats-officedocument.spreadsheetml.sheet,Feedback,https://docs.google.com/spreadsheets/d/16y0vTAG6twcm7CR3dkcKfyF6J3gA3qyF/edit?usp=drivesdk&ouid=117877075857315698786&rtpof=true&sd=true,Yes,,Duplicate — defer,,,
Root/Feedback,Content Feedback June 2021.pptx,10viGAdlHWQFMVjHrkK_XVfctHgCrJqmT,File,application/vnd.openxmlformats-officedocument.presentationml.presentation,Feedback,https://docs.google.com/presentation/d/10viGAdlHWQFMVjHrkK_XVfctHgCrJqmT/edit?usp=drivesdk&ouid=117877075857315698786&rtpof=true&sd=true,Yes,,Duplicate — defer,,,
Root/Feedback,Content Committee.pptx,1Bramq3CbOs3PIlvstoPyyfJa0NqS3007,File,application/vnd.openxmlformats-officedocument.presentationml.presentation,Feedback,https://docs.google.com/presentation/d/1Bramq3CbOs3PIlvstoPyyfJa0NqS3007/edit?usp=drivesdk&ouid=117877075857315698786&rtpof=true&sd=true,Yes,,Duplicate — defer,,,
Root/Feedback,How to Survive_Thrive in Sales in 2020.docx,1mcxuRWAwc-lKYzzfG2vWaVx80H-BG34j,File,application/vnd.openxmlformats-officedocument.wordprocessingml.document,Feedback,https://docs.google.com/document/d/1mcxuRWAwc-lKYzzfG2vWaVx80H-BG34j/edit?usp=drivesdk&ouid=117877075857315698786&rtpof=true&sd=true,Yes,,Duplicate — defer,,,
Root/Feedback,Responses to Common Replies! - By Morgan  & Jen _3.docx,1TLXYCaceflZUEoaaGO6iTuxmUJuc79jd,File,application/vnd.openxmlformats-officedocument.wordprocessingml.document,Feedback,https://docs.google.com/document/d/1TLXYCaceflZUEoaaGO6iTuxmUJuc79jd/edit?usp=drivesdk&ouid=117877075857315698786&rtpof=true&sd=true,,,Reviewed,TR-0366,5 reply scenarios with response templates; Morgan named as author; referral + nurture strategies included,
Root/Feedback,Lightning Brainstorm Version1.docx,14WgBbhulnFqV-QardPEg5Io24tBxmE2c,File,application/vnd.openxmlformats-officedocument.wordprocessingml.document,Feedback,https://docs.google.com/document/d/14WgBbhulnFqV-QardPEg5Io24tBxmE2c/edit?usp=drivesdk&ouid=117877075857315698786&rtpof=true&sd=true,,,Reviewed,TR-0364,Classic vs Lightning comparison; Morgan quoted re 400 CA accounts; Dec 2019,
Root/Feedback,"For Outreach, Sept 2019_ Sent Sample, Follow Up.docx",1zcRPLTKjjSwxATqpgesjYNZbufzGdGDR,File,application/vnd.openxmlformats-officedocument.wordprocessingml.document,Feedback,https://docs.google.com/document/d/1zcRPLTKjjSwxATqpgesjYNZbufzGdGDR/edit?usp=drivesdk&ouid=117877075857315698786&rtpof=true&sd=true,,,Reviewed,TR-0480,THE 'Sample Sent No Demo' sequence Morgan invented (Sept 2019); 12 steps fully documented; corroborates TR-0419 authorship claim,High
Root/Feedback,Wake Summer 2019 Event Emails.docx,1ehTkT5t4sESCS9AFdV4uNZFTCQz31_yg,File,application/vnd.openxmlformats-officedocument.wordprocessingml.document,Feedback,https://docs.google.com/document/d/1ehTkT5t4sESCS9AFdV4uNZFTCQz31_yg/edit?usp=drivesdk&ouid=117877075857315698786&rtpof=true&sd=true,,,Reviewed,TR-0332,TR-0361,
Root/Feedback,Spring Blog Articles.xlsx,1-TtFeKGzNyapoJkVmenyctXdSD-jhe9j,File,application/vnd.openxmlformats-officedocument.spreadsheetml.sheet,Feedback,https://docs.google.com/spreadsheets/d/1-TtFeKGzNyapoJkVmenyctXdSD-jhe9j/edit?usp=drivesdk&ouid=117877075857315698786&rtpof=true&sd=true,Yes,,Duplicate — defer,,,
Root/Feedback,Spring Blog Articles.xlsx,1B0PWeEyiZZP4m-7g2WilJ4Gbx7rWc3VB,File,application/vnd.openxmlformats-officedocument.spreadsheetml.sheet,Feedback,https://docs.google.com/spreadsheets/d/1B0PWeEyiZZP4m-7g2WilJ4Gbx7rWc3VB/edit?usp=drivesdk&ouid=117877075857315698786&rtpof=true&sd=true,Yes,,Duplicate — defer,,,
Root/Feedback,Drift Feedback.docx,1cKpmshDO5Nf-ON370QjkV6IKtUEmx9m9,File,application/vnd.openxmlformats-officedocument.wordprocessingml.document,Feedback,https://docs.google.com/document/d/1cKpmshDO5Nf-ON370QjkV6IKtUEmx9m9/edit?usp=drivesdk&ouid=117877075857315698786&rtpof=true&sd=true,Yes,,Duplicate — defer,,TR-0333,
Root/Feedback,Drift Feedback.docx,1uQYwxyIuWkOq0vfR5SS0-5NwiBB0Dri3,File,application/vnd.openxmlformats-officedocument.wordprocessingml.document,Feedback,https://docs.google.com/document/d/1uQYwxyIuWkOq0vfR5SS0-5NwiBB0Dri3/edit?usp=drivesdk&ouid=117877075857315698786&rtpof=true&sd=true,,,Reviewed,TR-0298,20+ detailed feature requests and bug reports filed by Morgan,
Root/.DS_Store,.DS_Store,1ds0mXPUYlZpbEf5kx31SHc8oVS8AnZuw,File,application/octet-stream,.DS_Store,https://drive.google.com/file/d/1ds0mXPUYlZpbEf5kx31SHc8oVS8AnZuw/view?usp=drivesdk,,YES,Skip — not reviewable,,,
Root/.DS_Store,.DS_Store,1OY3xAPbCv4Iujm07ZfyLf6Vhy92xZvug,File,application/octet-stream,.DS_Store,https://drive.google.com/file/d/1OY3xAPbCv4Iujm07ZfyLf6Vhy92xZvug/view?usp=drivesdk,,YES,Skip — not reviewable,,,
Root/.DS_Store,.DS_Store,16GGwcQ-OB4s5xa5gKH8eAFGqjXrQN2wD,File,application/octet-stream,.DS_Store,https://drive.google.com/file/d/16GGwcQ-OB4s5xa5gKH8eAFGqjXrQN2wD/view?usp=drivesdk,,YES,Skip — not reviewable,,,
Root/.DS_Store,.DS_Store,18ybkGSsP83OSYd4auYXUMrIjUrzuriVH,File,application/octet-stream,.DS_Store,https://drive.google.com/file/d/18ybkGSsP83OSYd4auYXUMrIjUrzuriVH/view?usp=drivesdk,,YES,Skip — not reviewable,,,
Root/.DS_Store,.DS_Store,1AVJwjer_7k7kWM1-issnEHwTBiVmv0zV,File,application/octet-stream,.DS_Store,https://drive.google.com/file/d/1AVJwjer_7k7kWM1-issnEHwTBiVmv0zV/view?usp=drivesdk,,YES,Skip — not reviewable,,,
Root/.DS_Store,.DS_Store,1J6Uj4hnhb51IEn-x3J5_V4Bp8Qr4Egv2,File,application/octet-stream,.DS_Store,https://drive.google.com/file/d/1J6Uj4hnhb51IEn-x3J5_V4Bp8Qr4Egv2/view?usp=drivesdk,,YES,Skip — not reviewable,,,
Root/.DS_Store,.DS_Store,1USG1o8hLUOBW95Bfjdq2rMNLG7GB6IT_,File,application/octet-stream,.DS_Store,https://drive.google.com/file/d/1USG1o8hLUOBW95Bfjdq2rMNLG7GB6IT_/view?usp=drivesdk,,YES,Skip — not reviewable,,,
Root/.DS_Store,.DS_Store,1mMNoSOCaVHlS-6Mu__KSPlbYpFM_AFWZ,File,application/octet-stream,.DS_Store,https://drive.google.com/file/d/1mMNoSOCaVHlS-6Mu__KSPlbYpFM_AFWZ/view?usp=drivesdk,,YES,Skip — not reviewable,,TR-0348,
Root/.DS_Store,.DS_Store,1skq8I6-9IOsyAdnlQVuEjvKs2_8wWaIP,File,application/octet-stream,.DS_Store,https://drive.google.com/file/d/1skq8I6-9IOsyAdnlQVuEjvKs2_8wWaIP/view?usp=drivesdk,,YES,Skip — not reviewable,,TR-0076,
Root/.DS_Store,.DS_Store,1yYc4RgNw0uqy3sh3_AsZIOz-w5koLq54,File,application/octet-stream,.DS_Store,https://drive.google.com/file/d/1yYc4RgNw0uqy3sh3_AsZIOz-w5koLq54/view?usp=drivesdk,,YES,Skip — not reviewable,,TR-0369,
Root/To Sort,District Research (GetURL).json,1DWnWtxejf-F_5_QVhitw82Nz9mFkEC_l,File,application/json,To Sort,https://drive.google.com/file/d/1DWnWtxejf-F_5_QVhitw82Nz9mFkEC_l/view?usp=drivesdk,,YES,Skip — not reviewable,,TR-0372,
Root/To Sort,Elementary School PTA Contacts 2022-23.docx,19MN8yGpVwIqTE_xqCUiLm9-Nqn2JMDzP,File,application/vnd.openxmlformats-officedocument.wordprocessingml.document,To Sort,https://docs.google.com/document/d/19MN8yGpVwIqTE_xqCUiLm9-Nqn2JMDzP/edit?usp=drivesdk&ouid=117877075857315698786&rtpof=true&sd=true,,,Reviewed,TR-0664,"Wake County ES PTA 2022-23 — 40+ schools, PTA officers with emails.",Medium
Root/To Sort,Morgan_ Summer 2024 Prep.docx,11JjinoI_tuTL6nmvUdus4OtgUNfzlnmz,File,application/vnd.openxmlformats-officedocument.wordprocessingml.document,To Sort,https://docs.google.com/document/d/11JjinoI_tuTL6nmvUdus4OtgUNfzlnmz/edit?usp=drivesdk&ouid=117877075857315698786&rtpof=true&sd=true,,,Reviewed,TR-0646,"Morgan's 2024 Summer Prep — 5-step methodology, Salesforce links, video tutorials. Score: 9.",Medium
Root/To Sort,Bloomington MN 2023-24 PTA Officers Roster.docx,1q8fWHYyzic8TPLzfHBOyIYNm6amsSUOw,File,application/vnd.openxmlformats-officedocument.wordprocessingml.document,To Sort,https://docs.google.com/document/d/1q8fWHYyzic8TPLzfHBOyIYNm6amsSUOw/edit?usp=drivesdk&ouid=117877075857315698786&rtpof=true&sd=true,,,Reviewed,TR-0665,"Bloomington MN 2023-24 PTA Officers — complete district, names/emails/phones.",Medium
Root/To Sort,Morgan_s Summer 2023 Prep List.docx,18LHAOn5Yb8mz-qU70geeQQa6VRHEwUgU,File,application/vnd.openxmlformats-officedocument.wordprocessingml.document,To Sort,https://docs.google.com/document/d/18LHAOn5Yb8mz-qU70geeQQa6VRHEwUgU/edit?usp=drivesdk&ouid=117877075857315698786&rtpof=true&sd=true,,,Reviewed,TR-0647,Morgan's 2023 Summer Prep — same framework + coaching voice ('You're amazing 💪'). Score: 9.,Medium
Root/To Sort,22-23 So Far_.docx,1bTByQV6kVfwv-m6_RIGwwgv-wMB0q-fS,File,application/vnd.openxmlformats-officedocument.wordprocessingml.document,To Sort,https://docs.google.com/document/d/1bTByQV6kVfwv-m6_RIGwwgv-wMB0q-fS/edit?usp=drivesdk&ouid=117877075857315698786&rtpof=true&sd=true,,,Reviewed,TR-0651,Morgan's pod dashboard 22-23 — 5 reps: Tevis/Jamie/Julie/Erin/Ayesha; 9.1% avg reply. Score: 9.,Medium
Root/To Sort,Plan.docx,1EihxnXbt9ScfvhxbiYOc_ftr-i-2MgoE,File,application/vnd.openxmlformats-officedocument.wordprocessingml.document,To Sort,https://docs.google.com/document/d/1EihxnXbt9ScfvhxbiYOc_ftr-i-2MgoE/edit?usp=drivesdk&ouid=117877075857315698786&rtpof=true&sd=true,,,Reviewed,TR-0660,Personal evening plans for Dom — no career evidence.,Medium
Root/To Sort,Copy of Spreadsheet Mapper v3.2 (SM3.2).json,1eGj-kn2Vs6FOM192fZMs1A7NJoPUdX2v,File,application/json,To Sort,https://drive.google.com/file/d/1eGj-kn2Vs6FOM192fZMs1A7NJoPUdX2v/view?usp=drivesdk,,YES,Skip — not reviewable,,TR-0343,
Root/To Sort,Form Embedding Test.zip,1L4_JflM7sOQkYup08loNuEsjLrdYPAwG,File,application/zip,To Sort,https://drive.google.com/file/d/1L4_JflM7sOQkYup08loNuEsjLrdYPAwG/view?usp=drivesdk,,,Skip — not reviewable,,Copy of Spreadsheet Mapper JSON — not readable.,Medium
Root/To Sort,2022 Budget-comments.html,1vhBuTP_DOFWREkAKzPoNoCdUY6zV8R9z,File,text/html,To Sort,https://drive.google.com/file/d/1vhBuTP_DOFWREkAKzPoNoCdUY6zV8R9z/view?usp=drivesdk,,,Skip — not reviewable,,2022 Budget-comments.html — not readable.,Medium
Root/To Sort,30 Minute Break-Out.docx,1ShklQT3WUpiqrWfpSNAkp5XDjK23Sle6,File,application/vnd.openxmlformats-officedocument.wordprocessingml.document,To Sort,https://docs.google.com/document/d/1ShklQT3WUpiqrWfpSNAkp5XDjK23Sle6/edit?usp=drivesdk&ouid=117877075857315698786&rtpof=true&sd=true,,,Reviewed,TR-0661,"Morgan's breakout session agenda — Process Map, Dashboards, Salesforce. She was presenter.",Medium
Root/To Sort,Video Brainstorm.docx,1WRv7q-R7DrCLwS4UpHl7H58NinvnNYuZ,File,application/vnd.openxmlformats-officedocument.wordprocessingml.document,To Sort,https://docs.google.com/document/d/1WRv7q-R7DrCLwS4UpHl7H58NinvnNYuZ/edit?usp=drivesdk&ouid=117877075857315698786&rtpof=true&sd=true,,,Reviewed,TR-0185,"30+ video ideas: Getting Started, CE/Parent editions, common questions, feature-based, special audiences (Title 1, private)",
Root/To Sort,SDR What_s Working Brainstorm March 2021.docx,1vkbKxSqu3BiqUzBP2ApYZNbJGarLDRNk,File,application/vnd.openxmlformats-officedocument.wordprocessingml.document,To Sort,https://docs.google.com/document/d/1vkbKxSqu3BiqUzBP2ApYZNbJGarLDRNk/edit?usp=drivesdk&ouid=117877075857315698786&rtpof=true&sd=true,,,Reviewed,TR-0361,TR-0045,
Root/To Sort,Feb and March.docx,1a6m1uGokzPMI9Yk32_40BTgS2YyiBKum,File,application/vnd.openxmlformats-officedocument.wordprocessingml.document,To Sort,https://docs.google.com/document/d/1a6m1uGokzPMI9Yk32_40BTgS2YyiBKum/edit?usp=drivesdk&ouid=117877075857315698786&rtpof=true&sd=true,,,Reviewed,TR-0662,Email sender leaderboard 'Excluding Past Winners' — Morgan not listed = prior winner.,Medium
Root/To Sort,1099-NEC.pdf,1kE1-IzaxWa3dTjpqgMbHldexSv0yfm7h,File,application/pdf,To Sort,https://drive.google.com/file/d/1kE1-IzaxWa3dTjpqgMbHldexSv0yfm7h/view?usp=drivesdk,,,Skip — not reviewable,,1099-NEC.pdf — personal tax document.,Medium
Root/To Sort,Morgan_s Hot Zones.kmz,1Lvx1Qk55eFP3LbiCG-w6HL4NLY_Zxly6,File,application/vnd.google-earth.kmz,To Sort,https://drive.google.com/file/d/1Lvx1Qk55eFP3LbiCG-w6HL4NLY_Zxly6/view?usp=drivesdk,,,Reviewed,TR-0333,TR-0038,
Root/To Sort,Morgan Copy of SDR - Interview Process and Questio.docx,1qZ4bTiCBlbNxuR3T0yXq5SFm0r8QuDyY,File,application/vnd.openxmlformats-officedocument.wordprocessingml.document,To Sort,https://docs.google.com/document/d/1qZ4bTiCBlbNxuR3T0yXq5SFm0r8QuDyY/edit?usp=drivesdk&ouid=117877075857315698786&rtpof=true&sd=true,,,Reviewed,TR-0653,Morgan interviewing SDR candidate Stephen Bryan — scored 9/7/6 = 7/10. Score: 8.,Medium
Root/To Sort,Morgan_s Copy -- After Action Review (Post-Mortem).docx,1GWfcaiohChJJGV3cVMscC7hbe2RDhYiR,File,application/vnd.openxmlformats-officedocument.wordprocessingml.document,To Sort,https://docs.google.com/document/d/1GWfcaiohChJJGV3cVMscC7hbe2RDhYiR/edit?usp=drivesdk&ouid=117877075857315698786&rtpof=true&sd=true,,,Reviewed,TR-0652,Morgan's Sales Peak AAR — $1.762M/$1.847M goal; 'My language... even Jen's emails came from me.' Score: 10.,Medium
Root/To Sort,2016 School Year - Marketing Plan - Rough Draft.docx,1dLSBwVsLyzGb2bpoweSaLz6Nkk1Y21IH,File,application/vnd.openxmlformats-officedocument.wordprocessingml.document,To Sort,https://docs.google.com/document/d/1dLSBwVsLyzGb2bpoweSaLz6Nkk1Y21IH/edit?usp=drivesdk&ouid=117877075857315698786&rtpof=true&sd=true,Yes,,Duplicate — defer,,TR-0054,
Root/To Sort,2016 School Year - Marketing Plan - Rough Draft.docx,1zNBDKJ__9iL7Ll7uQbl9hlJGlUpeXJLI,File,application/vnd.openxmlformats-officedocument.wordprocessingml.document,To Sort,https://docs.google.com/document/d/1zNBDKJ__9iL7Ll7uQbl9hlJGlUpeXJLI/edit?usp=drivesdk&ouid=117877075857315698786&rtpof=true&sd=true,,,Reviewed,TR-0663,Morgan's 2016 Marketing Plan — full multi-touch philosophy; precursor to 2020 Sales Dev Process. Score: 9.,Medium
Root/To Sort,Outreach Plan.docx,1NSPm3ZG_RcVl-aNweiO6UEWdr4ffNA1f,File,application/vnd.openxmlformats-officedocument.wordprocessingml.document,To Sort,https://docs.google.com/document/d/1NSPm3ZG_RcVl-aNweiO6UEWdr4ffNA1f/edit?usp=drivesdk&ouid=117877075857315698786&rtpof=true&sd=true,Yes,,Duplicate — defer,,,
Root/To Sort,Outreach Plan.docx,1bRewqjHewOWB6lPNZ2aytGDMjnuTl3xN,File,application/vnd.openxmlformats-officedocument.wordprocessingml.document,To Sort,https://docs.google.com/document/d/1bRewqjHewOWB6lPNZ2aytGDMjnuTl3xN/edit?usp=drivesdk&ouid=117877075857315698786&rtpof=true&sd=true,,,Reviewed,TR-0635,Morgan's comprehensive qual call script — full pitch methodology in her own voice. Score: 8.,Medium
Root/Call_Demo Notes,"Michelle King, Alvin Elementary.docx",1pL55nMMSa-bp1isx6eyUoYQqR_J0RdWM,File,application/vnd.openxmlformats-officedocument.wordprocessingml.document,Call_Demo Notes,https://docs.google.com/document/d/1pL55nMMSa-bp1isx6eyUoYQqR_J0RdWM/edit?usp=drivesdk&ouid=117877075857315698786&rtpof=true&sd=true,,,Reviewed,TR-0636,Morgan + Mike demo — Inter-State Danville CA; 'portraits almost made her quit the yearbook.',High
Root/Call_Demo Notes,Bevin King.docx,1tqipoAgwirQrvhAu-K5WBHFJqRcdVNkg,File,application/vnd.openxmlformats-officedocument.wordprocessingml.document,Call_Demo Notes,https://docs.google.com/document/d/1tqipoAgwirQrvhAu-K5WBHFJqRcdVNkg/edit?usp=drivesdk&ouid=117877075857315698786&rtpof=true&sd=true,,,Reviewed,TR-0348,Zeiger Elementary PTA Demo 1-21-21. (Row offset fix),High
Root/Call_Demo Notes,Zeiger Elementary PTA Demo - 1-21-21.docx,1T8o0Eh6pHlZrgsMDYeIHlYW_FmTpDhMh,File,application/vnd.openxmlformats-officedocument.wordprocessingml.document,Call_Demo Notes,https://docs.google.com/document/d/1T8o0Eh6pHlZrgsMDYeIHlYW_FmTpDhMh/edit?usp=drivesdk&ouid=117877075857315698786&rtpof=true&sd=true,,,Reviewed,TR-0348,TR-0077,
Root/Call_Demo Notes,"Tye, GA PTA.docx",1-NAOA-FAjRmpP1O9C-tQGOogw7FkMysa,File,application/vnd.openxmlformats-officedocument.wordprocessingml.document,Call_Demo Notes,https://docs.google.com/document/d/1-NAOA-FAjRmpP1O9C-tQGOogw7FkMysa/edit?usp=drivesdk&ouid=117877075857315698786&rtpof=true&sd=true,,,Reviewed,TR-0076,Joint call with Bobby; PTA member benefit model; Gwinnett area; Morgan as note-taker/support,
Root/Call_Demo Notes,Demo Script - Morgan _3.docx,1JHSsI8sPO-vecbHpM2vMQ6CSrvqBjIjY,File,application/vnd.openxmlformats-officedocument.wordprocessingml.document,Call_Demo Notes,https://docs.google.com/document/d/1JHSsI8sPO-vecbHpM2vMQ6CSrvqBjIjY/edit?usp=drivesdk&ouid=117877075857315698786&rtpof=true&sd=true,,,Reviewed,TR-0369,"100% close rate on demos run; comprehensive feature walkthrough (same file as TR-0337, corrected)",
Root/Call_Demo Notes,"Jordan, Demo.docx",1bbIUzQol98T9Cf5_ogkWtEb8_AtrEQAL,File,application/vnd.openxmlformats-officedocument.wordprocessingml.document,Call_Demo Notes,https://docs.google.com/document/d/1bbIUzQol98T9Cf5_ogkWtEb8_AtrEQAL/edit?usp=drivesdk&ouid=117877075857315698786&rtpof=true&sd=true,,,Reviewed,TR-0637,"Morgan + Kristie account setup — Brittany, 68pp, 700 students, ~300 books.",
Root/Call_Demo Notes,Brittany.docx,18K05vdx9QlDD624ykqwuZbNwqQqhhfMj,File,application/vnd.openxmlformats-officedocument.wordprocessingml.document,Call_Demo Notes,https://docs.google.com/document/d/18K05vdx9QlDD624ykqwuZbNwqQqhhfMj/edit?usp=drivesdk&ouid=117877075857315698786&rtpof=true&sd=true,,,Reviewed,TR-0638,Morgan solo demo — Brittany Buckhorn; volun-told photographer; Wake County ref close; 'she's excited!',High
Root/Call_Demo Notes,"Brittany, Buckhorn Elem.docx",1ppRJXZl1hUfgRm8dvgcVbXyXfZNTx_3B,File,application/vnd.openxmlformats-officedocument.wordprocessingml.document,Call_Demo Notes,https://docs.google.com/document/d/1ppRJXZl1hUfgRm8dvgcVbXyXfZNTx_3B/edit?usp=drivesdk&ouid=117877075857315698786&rtpof=true&sd=true,,,Reviewed,TR-0041,"Private K-12 librarian call; Yelp/support concern; pricing, quote, samples, demo access discussed",High
Root/Call_Demo Notes,"CALL PRACTICE -- Formal, Teacher (Notes from Oct 2.docx",1o9oIGqX238TZlia0ahBCvQc2BEW-2WVM,File,application/vnd.openxmlformats-officedocument.wordprocessingml.document,Call_Demo Notes,https://docs.google.com/document/d/1o9oIGqX238TZlia0ahBCvQc2BEW-2WVM/edit?usp=drivesdk&ouid=117877075857315698786&rtpof=true&sd=true,,,Reviewed,TR-0041,"Private K-12 librarian call; Yelp/support concern; pricing, quote, samples, demo access discussed",
Root/Call_Demo Notes,CALL PRACTICE -- Struggling (Notes from Aug 12 201.docx,18JC-CIcpfJySo8U3Ue7d7a8MIDZt_2zi,File,application/vnd.openxmlformats-officedocument.wordprocessingml.document,Call_Demo Notes,https://docs.google.com/document/d/18JC-CIcpfJySo8U3Ue7d7a8MIDZt_2zi/edit?usp=drivesdk&ouid=117877075857315698786&rtpof=true&sd=true,,,Reviewed,TR-0037,"Bill call converted into structured persona: questions, pain points, objections, next steps",
Root/Call_Demo Notes,"CALL PRACTICE -- PTA, Super Nice but in Contract (.docx",1vNqjeffBUrxN-xcNslmEriTr2pIePlvK,File,application/vnd.openxmlformats-officedocument.wordprocessingml.document,Call_Demo Notes,https://docs.google.com/document/d/1vNqjeffBUrxN-xcNslmEriTr2pIePlvK/edit?usp=drivesdk&ouid=117877075857315698786&rtpof=true&sd=true,,,Reviewed,TR-0159,"Jennifer call: 720-750 students, Jostens, green ribbon school, ReplayIt pain, artwork scanning navigation",
Root/Call_Demo Notes,CALL PRACTICE -- Super Interested (Notes from Oct_.docx,14GEhbRAbhSpy2fe_VtfXEGqQ_v5m7Pq_,File,application/vnd.openxmlformats-officedocument.wordprocessingml.document,Call_Demo Notes,https://docs.google.com/document/d/14GEhbRAbhSpy2fe_VtfXEGqQ_v5m7Pq_/edit?usp=drivesdk&ouid=117877075857315698786&rtpof=true&sd=true,,,Reviewed,TR-0040,"High RLP PTA prospect; no prior yearbook; licensing, software, turnaround, delivery, demo questions",
Root/Call_Demo Notes,"August 29 2019 -- Call Notes, Melissa (chat about_.docx",1TKq8or3AHGC0i7big8M6cuTyRWMnJYEc,File,application/vnd.openxmlformats-officedocument.wordprocessingml.document,Call_Demo Notes,https://docs.google.com/document/d/1TKq8or3AHGC0i7big8M6cuTyRWMnJYEc/edit?usp=drivesdk&ouid=117877075857315698786&rtpof=true&sd=true,,,Reviewed,TR-0343,TR-0210,
Root/Call_Demo Notes,"Aug 12 2019 -- Call notes, Bill Lanxner.docx",1BQ4i3U7A9Glav_PjsobGQc-MVC5qBliu,File,application/vnd.openxmlformats-officedocument.wordprocessingml.document,Call_Demo Notes,https://docs.google.com/document/d/1BQ4i3U7A9Glav_PjsobGQc-MVC5qBliu/edit?usp=drivesdk&ouid=117877075857315698786&rtpof=true&sd=true,,,Reviewed,TR-0036,"~45 books sold out of ~1,000 students; Title I/high RLP context; no minimum, no risk, pricing concerns",
Root/Call_Demo Notes,"Oct 19 2019 - Call Notes, Angela.docx",1t6Oqh6MhRVkQ7u2BlKnu8qFj_EPuIav6,File,application/vnd.openxmlformats-officedocument.wordprocessingml.document,Call_Demo Notes,https://docs.google.com/document/d/1t6Oqh6MhRVkQ7u2BlKnu8qFj_EPuIav6/edit?usp=drivesdk&ouid=117877075857315698786&rtpof=true&sd=true,,,Reviewed,TR-0052,TR-0122,
Root/Call_Demo Notes,"Sept 16 2019 -- Demo, Kristie.docx",1qaXt7LU4nUvtIrnd-jslMRblT4zWhpC8,File,application/vnd.openxmlformats-officedocument.wordprocessingml.document,Call_Demo Notes,https://docs.google.com/document/d/1qaXt7LU4nUvtIrnd-jslMRblT4zWhpC8/edit?usp=drivesdk&ouid=117877075857315698786&rtpof=true&sd=true,,,Reviewed,TR-0055,TR-0120,
Root/Call_Demo Notes,"Sept 16 2019 -- Demo, Kristie(1).docx",1QHRi2JKczcPyK_6jge8op_8TMAO9wAyg,File,application/vnd.openxmlformats-officedocument.wordprocessingml.document,Call_Demo Notes,https://docs.google.com/document/d/1QHRi2JKczcPyK_6jge8op_8TMAO9wAyg/edit?usp=drivesdk&ouid=117877075857315698786&rtpof=true&sd=true,,,Reviewed,TR-0639,Morgan + Kristie demo — school restarting yearbook; account setup next day 3:30pm.,High
Root/Call_Demo Notes,"Jan 8 2020 -- Call Notes, Mr. Ray.docx",1QEbkcfwobzvkOAF2ApJ_pZgDcWiygKzo,File,application/vnd.openxmlformats-officedocument.wordprocessingml.document,Call_Demo Notes,https://docs.google.com/document/d/1QEbkcfwobzvkOAF2ApJ_pZgDcWiygKzo/edit?usp=drivesdk&ouid=117877075857315698786&rtpof=true&sd=true,,,Reviewed,TR-0045,TR-0048,
Root/Call_Demo Notes,"Nov 7 2019 -- Demo, Kristie.docx",18h7DFC4m0SV1QJ15A-g5e1ElHA-bDW-4,File,application/vnd.openxmlformats-officedocument.wordprocessingml.document,Call_Demo Notes,https://docs.google.com/document/d/18h7DFC4m0SV1QJ15A-g5e1ElHA-bDW-4/edit?usp=drivesdk&ouid=117877075857315698786&rtpof=true&sd=true,,,Reviewed,TR-0051,TR-0047,
Root/Call_Demo Notes,Oct 23 2019 -- Call Notes.docx,1GvD9gLyB5ZFI0sZikNhal6LGSOxb0Op4,File,application/vnd.openxmlformats-officedocument.wordprocessingml.document,Call_Demo Notes,https://docs.google.com/document/d/1GvD9gLyB5ZFI0sZikNhal6LGSOxb0Op4/edit?usp=drivesdk&ouid=117877075857315698786&rtpof=true&sd=true,,,Reviewed,TR-0053,"Private K-12 librarian; all-school purchase; Yelp/support concerns; quote, samples, demo request",
Root/Call_Demo Notes,"Aug 13 2019 -- Demo, Kris.docx",1PsZ4Lv_BCjSkxRDW8bJ0_P3wMrscPLRH,File,application/vnd.openxmlformats-officedocument.wordprocessingml.document,Call_Demo Notes,https://docs.google.com/document/d/1PsZ4Lv_BCjSkxRDW8bJ0_P3wMrscPLRH/edit?usp=drivesdk&ouid=117877075857315698786&rtpof=true&sd=true,,,Reviewed,TR-0038,"Title I school call; Spanish materials, portraits, pricing, personal pages, samples, account setup",
Root/Call_Demo Notes,"Sept 24 2019 -- Call Notes, Jennifer.docx",1dAGvR-vaRcReicmBWqzSzxnjGTEZsWdy,File,application/vnd.openxmlformats-officedocument.wordprocessingml.document,Call_Demo Notes,https://docs.google.com/document/d/1dAGvR-vaRcReicmBWqzSzxnjGTEZsWdy/edit?usp=drivesdk&ouid=117877075857315698786&rtpof=true&sd=true,,,Reviewed,TR-0056,720-750 books; 148 pages; $30-$40 price; photo-upload pain; green mission; no-minimum; custom pages for 750 kids,
Root/Call_Demo Notes,"Sept 25 2019, Call Notes.docx",1N9KQsP1922e1hYvJYXv8T3bn10uabe1C,File,application/vnd.openxmlformats-officedocument.wordprocessingml.document,Call_Demo Notes,https://docs.google.com/document/d/1N9KQsP1922e1hYvJYXv8T3bn10uabe1C/edit?usp=drivesdk&ouid=117877075857315698786&rtpof=true&sd=true,,,Reviewed,TR-0057,"$10,000 ad goal; 625 copies; 40-45% purchase rate; 8-week turnaround; Jostens software vs Windows 93/Paint comparison",
Root/Call_Demo Notes,"Oct 3 2019 - Demo, Kristie.docx",151hHzeYMx2is22q2nVaEURAoTMFV5QSY,File,application/vnd.openxmlformats-officedocument.wordprocessingml.document,Call_Demo Notes,https://docs.google.com/document/d/151hHzeYMx2is22q2nVaEURAoTMFV5QSY/edit?usp=drivesdk&ouid=117877075857315698786&rtpof=true&sd=true,,,Reviewed,TR-0054,TR-0341,
Root/Call_Demo Notes,Jan 8 2020 - Marisa.docx,1QJ7IaFuaQ-lnTfJsGE916cxe5PwLmf51,File,application/vnd.openxmlformats-officedocument.wordprocessingml.document,Call_Demo Notes,https://docs.google.com/document/d/1QJ7IaFuaQ-lnTfJsGE916cxe5PwLmf51/edit?usp=drivesdk&ouid=117877075857315698786&rtpof=true&sd=true,,,Reviewed,TR-0044,"74 eighth graders; possible 1,000-student K-12 book; collective memory book; student/team logins; portraits; 70 pages",
Root/Call_Demo Notes,Camden-Rockport Middle School - Kristina Research.docx,1OW2UXmMZlNFo2S4eBdhuQ_nxOosoCIqb,File,application/vnd.openxmlformats-officedocument.wordprocessingml.document,Call_Demo Notes,https://docs.google.com/document/d/1OW2UXmMZlNFo2S4eBdhuQ_nxOosoCIqb/edit?usp=drivesdk&ouid=117877075857315698786&rtpof=true&sd=true,,,Reviewed,TR-0640,Morgan's Camden-Rockport research: Facebook analysis + #WATER-personalized email. Score: 8.,High
Root/Call_Demo Notes,Mr. Ray Call with TJ.docx,1_j7S9MivPRPJNc82gGvolGIzyRWfm0xU,File,application/vnd.openxmlformats-officedocument.wordprocessingml.document,Call_Demo Notes,https://docs.google.com/document/d/1_j7S9MivPRPJNc82gGvolGIzyRWfm0xU/edit?usp=drivesdk&ouid=117877075857315698786&rtpof=true&sd=true,,,Reviewed,TR-0384,"Initial qualification call (Jan 8 2020): Morgan qualified prospect, booked follow-up",
Root/Call_Demo Notes,Marisa and Bessie.docx,1_pcGy2PUpMONiS91eZndacckqRxVl3H8,File,application/vnd.openxmlformats-officedocument.wordprocessingml.document,Call_Demo Notes,https://docs.google.com/document/d/1_pcGy2PUpMONiS91eZndacckqRxVl3H8/edit?usp=drivesdk&ouid=117877075857315698786&rtpof=true&sd=true,,,Reviewed,TR-0641,"Morgan's notes on TJ/Mikelle demo — 8th grade, 75 students, account converted on call.",High
Root/Call_Demo Notes,"Morgan -- Solo Intro Call, Private.docx",1x3SemJxOSqCuII6UNBe08XjGP6Ri3Vjq,File,application/vnd.openxmlformats-officedocument.wordprocessingml.document,Call_Demo Notes,https://docs.google.com/document/d/1x3SemJxOSqCuII6UNBe08XjGP6Ri3Vjq/edit?usp=drivesdk&ouid=117877075857315698786&rtpof=true&sd=true,,,Reviewed,TR-0385,TR-0121,
Root/Call_Demo Notes,Watauga Elementary.docx,1z2Ewkess0nViGnYJqgcRxfV-US90i6M3,File,application/vnd.openxmlformats-officedocument.wordprocessingml.document,Call_Demo Notes,https://docs.google.com/document/d/1z2Ewkess0nViGnYJqgcRxfV-US90i6M3/edit?usp=drivesdk&ouid=117877075857315698786&rtpof=true&sd=true,,,Reviewed,TR-0642,Morgan's earlier call script + prospect notes (225 students; EPD 15/10/5%). Score: 7.,
Root/Call_Demo Notes,"Cheryl, Bessimer (_).docx",1uGo_NjzOGR0qhLP2ZGEmERD7esRo8TzT,File,application/vnd.openxmlformats-officedocument.wordprocessingml.document,Call_Demo Notes,https://docs.google.com/document/d/1uGo_NjzOGR0qhLP2ZGEmERD7esRo8TzT/edit?usp=drivesdk&ouid=117877075857315698786&rtpof=true&sd=true,,,Reviewed,TR-0642,"Cheryl, Bessimer — Morgan call script + prospect notes. (Row offset fix)",High
Root/Call_Demo Notes,DEMOS FOR TREERING.docx,15XPYne1-_Rdk5uXEkQUIDn_4bQl5kGju,File,application/vnd.openxmlformats-officedocument.wordprocessingml.document,Call_Demo Notes,https://docs.google.com/document/d/15XPYne1-_Rdk5uXEkQUIDn_4bQl5kGju/edit?usp=drivesdk&ouid=117877075857315698786&rtpof=true&sd=true,Yes,,Duplicate — defer,,TR-0280,
Root/Call_Demo Notes,DEMOS FOR TREERING.docx,1LphJoW_mWwJqxwh1F4RgxeZDzCTbrdQg,File,application/vnd.openxmlformats-officedocument.wordprocessingml.document,Call_Demo Notes,https://docs.google.com/document/d/1LphJoW_mWwJqxwh1F4RgxeZDzCTbrdQg/edit?usp=drivesdk&ouid=117877075857315698786&rtpof=true&sd=true,,,Reviewed,TR-0459,"Demo playbook: 10-min Aaron demo script, SDR-AE handoff protocol, closing technique, qualifying questions",High
Root/Call_Demo Notes,INTRO CALL SCRIPT.docx,1Yxu5Wop943X6QJ-XWXc_ZaYeQJ4Ia5Kc,File,application/vnd.openxmlformats-officedocument.wordprocessingml.document,Call_Demo Notes,https://docs.google.com/document/d/1Yxu5Wop943X6QJ-XWXc_ZaYeQJ4Ia5Kc/edit?usp=drivesdk&ouid=117877075857315698786&rtpof=true&sd=true,Yes,,Duplicate — defer,,,
Root/Call_Demo Notes,INTRO CALL SCRIPT.docx,1rX-jx6ktAM3LBBDUyrDkmO0ufnp6D8Qh,File,application/vnd.openxmlformats-officedocument.wordprocessingml.document,Call_Demo Notes,https://docs.google.com/document/d/1rX-jx6ktAM3LBBDUyrDkmO0ufnp6D8Qh/edit?usp=drivesdk&ouid=117877075857315698786&rtpof=true&sd=true,,,Reviewed,TR-0460,"Morgan's cold call intro script for school PTAs; no-contract pitch, qualifying questions, sample book close",High
Root/Sequences/SequencesToSort,Copy of CC Tickle File 1.22,1FAjXCRu1ZwBbncQqsvLl9Py2fz7fESfHA1nySZO7PKs,File,application/vnd.google-apps.document,SequencesToSort,https://docs.google.com/document/d/1FAjXCRu1ZwBbncQqsvLl9Py2fz7fESfHA1nySZO7PKs/edit?usp=drivesdk,,,Reviewed,TR-0713,CC Tickler File 2nd Semester 2022 — per-persona feedback + email performance + CTA ideas. Score: 9.,Medium
Root/Sequences/SequencesToSort,"Copy of Notes for Sequence Review Meeting, Sept 10 2021.docx",1OX4z9xEzDUP9If7Y88LSd_5JlTHQ6Maa,File,application/vnd.openxmlformats-officedocument.wordprocessingml.document,SequencesToSort,https://docs.google.com/document/d/1OX4z9xEzDUP9If7Y88LSd_5JlTHQ6Maa/edit?usp=drivesdk&ouid=117877075857315698786&rtpof=true&sd=true,,,Reviewed,TR-0714,"CC + Marketing Sequence Review 09.10.21 — sending windows, Vidyard, variables, Morgan’s notes linked.",Medium
Root/Sequences/SequencesToSort,Sales Dev_ Outreach Prospect Tag List-comments.html,1kWxVjCkF2BjJZTKYL_NJHEmirro2_2MB,File,text/html,SequencesToSort,https://drive.google.com/file/d/1kWxVjCkF2BjJZTKYL_NJHEmirro2_2MB/view?usp=drivesdk,,,Skip — not reviewable,,HTML file — Outreach Prospect Tag List comments export.,Medium
Root/Sequences/SequencesToSort,DISTRICT_ 1st TOUCH - Morgan Copy-comments.html,1mJzqua0oM171sWe5vpIK0U4YrVCyOZ19,File,text/html,SequencesToSort,https://drive.google.com/file/d/1mJzqua0oM171sWe5vpIK0U4YrVCyOZ19/view?usp=drivesdk,,,Skip — not reviewable,,HTML file — DISTRICT 1st TOUCH Morgan Copy comments export.,Medium
Root/Sequences/SequencesToSort,"Sequence Email Dates, Draft.docx",1C0HtoDAcVGWfRBK6jRl62ox_SxXpR49m,File,application/vnd.openxmlformats-officedocument.wordprocessingml.document,SequencesToSort,https://docs.google.com/document/d/1C0HtoDAcVGWfRBK6jRl62ox_SxXpR49m/edit?usp=drivesdk&ouid=117877075857315698786&rtpof=true&sd=true,,,Reviewed,TR-0210,Sequence email date-tracking draft doc,
Root/Sequences/SequencesToSort,CC HOLIDAYS.docx,1d9uwkXcSiW4Qn4vOPuPnMkH3of6l-Ooy,File,application/vnd.openxmlformats-officedocument.wordprocessingml.document,SequencesToSort,https://docs.google.com/document/d/1d9uwkXcSiW4Qn4vOPuPnMkH3of6l-Ooy/edit?usp=drivesdk&ouid=117877075857315698786&rtpof=true&sd=true,,,Reviewed,TR-0715,CC Holidays calendar — Aug-May observances for seasonal sequence targeting.,Medium
Root/Sequences/SequencesToSort,Spring 2022 Outbound Content Data Review (2022.html,1inu3oFLxu11R6OhZfwz-iMsmjCC0QfUr,File,text/html,SequencesToSort,https://drive.google.com/file/d/1inu3oFLxu11R6OhZfwz-iMsmjCC0QfUr/view?usp=drivesdk,,,Reviewed,TR-0122,HTML export of Content Performance Review presentation; unsupported format — canonical version already reviewed,
Root/Sequences/SequencesToSort,"White Flag, Intro Templates-comments.html",1BAHFOLVoS9KMAULxC44mVXBltIu8AxeT,File,text/html,SequencesToSort,https://drive.google.com/file/d/1BAHFOLVoS9KMAULxC44mVXBltIu8AxeT/view?usp=drivesdk,,,Reviewed,TR-0120,"HTML comment export; unsupported format — derivative of 'White Flag, Intro Templates' doc",
Root/Sequences/SequencesToSort,"White Flag, Intro Templates.docx",1FxPTIljmtQm2-RizdflVJBdnItiBIy3o,File,application/vnd.openxmlformats-officedocument.wordprocessingml.document,SequencesToSort,https://docs.google.com/document/d/1FxPTIljmtQm2-RizdflVJBdnItiBIy3o/edit?usp=drivesdk&ouid=117877075857315698786&rtpof=true&sd=true,,,Reviewed,TR-0199,White Flag intro templates — re-engagement sequence doc (Morgan-authored),
Root/Sequences/SequencesToSort,"CC_ Sample Sent, No Demo V2.docx",1N_3fD2P_1ipyGvppT3ACQKJbrfDv3W2p,File,application/vnd.openxmlformats-officedocument.wordprocessingml.document,SequencesToSort,https://docs.google.com/document/d/1N_3fD2P_1ipyGvppT3ACQKJbrfDv3W2p/edit?usp=drivesdk&ouid=117877075857315698786&rtpof=true&sd=true,,,Reviewed,TR-0048,Same core 12-step content as working draft (near-duplicate),
Root/Sequences/SequencesToSort,"CC_ Sample Sent, No Demo (WORKING).docx",1_u72-nWXfCA3pjOa0T_N6PeREm4odsgD,File,application/vnd.openxmlformats-officedocument.wordprocessingml.document,SequencesToSort,https://docs.google.com/document/d/1_u72-nWXfCA3pjOa0T_N6PeREm4odsgD/edit?usp=drivesdk&ouid=117877075857315698786&rtpof=true&sd=true,,,Reviewed,TR-0047,"12-step flow: delivery confirmation, timing preference, Top 10 Reasons, phone tasks, A/B subjects, non-contract PDF",
Root/Sequences/SequencesToSort,"CC_ Sample Sent, No Demo (WORKING)-comments.html",1aZErftByrTB_325DbzZF0li0MxClRlln,File,text/html,SequencesToSort,https://drive.google.com/file/d/1aZErftByrTB_325DbzZF0li0MxClRlln/view?usp=drivesdk,,,Skip — not reviewable,,HTML file — CC Sample Sent No Demo comments export.,Medium
Root/Sequences/SequencesToSort,"Morgan_CC_ In Contract, Draft 2 with Thoughts!-com.html",1lbixF--C0W-VLc7dS1CVTLYcHVIqplfw,File,text/html,SequencesToSort,https://drive.google.com/file/d/1lbixF--C0W-VLc7dS1CVTLYcHVIqplfw/view?usp=drivesdk,,,Skip — not reviewable,,HTML file — Morgan CC In Contract Draft 2 comments export.,Medium
Root/Sequences/SequencesToSort,"Sequence_ Signed up, Didn_t Complete a Book (21-22.html",1FvdxguxbZnGY-dCuRU2okRDYeKjWi8DR,File,text/html,SequencesToSort,https://drive.google.com/file/d/1FvdxguxbZnGY-dCuRU2okRDYeKjWi8DR/view?usp=drivesdk,,,Skip — not reviewable,,HTML file — Sequence Signed up Didn't Complete Book comments export.,Medium
Root/Sequences/SequencesToSort,2nd Semester_ Re-Approach Cloning Changes.docx,1Ar5QoREqc312LcEdrpbnhQCf0fa1PuE2,File,application/vnd.openxmlformats-officedocument.wordprocessingml.document,SequencesToSort,https://docs.google.com/document/d/1Ar5QoREqc312LcEdrpbnhQCf0fa1PuE2/edit?usp=drivesdk&ouid=117877075857315698786&rtpof=true&sd=true,Yes,,Duplicate — defer,,,
Root/Sequences/SequencesToSort,"Notes for Sequence Review Meeting, Sept 10 2021.docx",1xuOfyq-9QnwT9HovAZ9VuAFj0wpGgxOo,File,application/vnd.openxmlformats-officedocument.wordprocessingml.document,SequencesToSort,https://docs.google.com/document/d/1xuOfyq-9QnwT9HovAZ9VuAFj0wpGgxOo/edit?usp=drivesdk&ouid=117877075857315698786&rtpof=true&sd=true,,,Reviewed,TR-0341,TR-0112,
Root/Sequences/SequencesToSort,PTA Emails 21-22.xlsx,13fG739VQdpWsfyhMnQrCx0yBr0xhME6z,File,application/vnd.openxmlformats-officedocument.spreadsheetml.sheet,SequencesToSort,https://docs.google.com/spreadsheets/d/13fG739VQdpWsfyhMnQrCx0yBr0xhME6z/edit?usp=drivesdk&ouid=117877075857315698786&rtpof=true&sd=true,,,Reviewed,TR-0740,20-email PTA re-approach sequence (21-22/22-23); $8M fundraising ref; signed Morgan,Medium
Root/Sequences/SequencesToSort,Outreach Sequence List-comments.html,1DlUnbCT9DenFdf-HlMbyBJ05wCb8Nrxn,File,text/html,SequencesToSort,https://drive.google.com/file/d/1DlUnbCT9DenFdf-HlMbyBJ05wCb8Nrxn/view?usp=drivesdk,,,Skip — not reviewable,,HTML file — Outreach Sequence List comments export.,Medium
Root/Sequences/SequencesToSort,"ES PTA, 1st Touch-comments.html",18oTTtlhT3fYJdPXyNWknc2iby2a8iGjW,File,text/html,SequencesToSort,https://drive.google.com/file/d/18oTTtlhT3fYJdPXyNWknc2iby2a8iGjW/view?usp=drivesdk,,,Skip — not reviewable,,HTML file — ES PTA 1st Touch comments export.,Medium
Root/Sequences/SequencesToSort,"ES PTA, 1st Touch.docx",1K2sTaX6hGNXU248U_OAjKo5waNJayfDk,File,application/vnd.openxmlformats-officedocument.wordprocessingml.document,SequencesToSort,https://docs.google.com/document/d/1K2sTaX6hGNXU248U_OAjKo5waNJayfDk/edit?usp=drivesdk&ouid=117877075857315698786&rtpof=true&sd=true,,,Reviewed,TR-0716,YBA First Touch 9-email sequence — 6 'No...' bullets; themes; PUR binding; crowdsource.,Medium
Root/Sequences/SequencesToSort,Template Idea-comments.html,1pRIxdM33iADxhBrfosmzTetrwMyjviLU,File,text/html,SequencesToSort,https://drive.google.com/file/d/1pRIxdM33iADxhBrfosmzTetrwMyjviLU/view?usp=drivesdk,,,Reviewed,TR-0121,TR-0127,
Root/Sequences/SequencesToSort,Template Idea.docx,1vh4aoht2yLoL1Gt2znmJ3hMBJSXlmljX,File,application/vnd.openxmlformats-officedocument.wordprocessingml.document,SequencesToSort,https://docs.google.com/document/d/1vh4aoht2yLoL1Gt2znmJ3hMBJSXlmljX/edit?usp=drivesdk&ouid=117877075857315698786&rtpof=true&sd=true,,,Reviewed,TR-0206,TR-0138,
Root/Sequences/SequencesToSort,"Collections Brainstorm, Snippets + Sequences.docx",1UCLpfQvXFzrQxUJxtNRRIg1FcTZ3Cj2o,File,application/vnd.openxmlformats-officedocument.wordprocessingml.document,SequencesToSort,https://docs.google.com/document/d/1UCLpfQvXFzrQxUJxtNRRIg1FcTZ3Cj2o/edit?usp=drivesdk&ouid=117877075857315698786&rtpof=true&sd=true,,,Reviewed,TR-0087,Outreach collection/snippet architecture brainstorm; snippet types by persona; sequence collection proposals,
Root/Sequences/SequencesToSort,Sequence Training 2.docx,19p4y0B_Lcl5O9ptSU2wMgHo6LxbkA10f,File,application/vnd.openxmlformats-officedocument.wordprocessingml.document,SequencesToSort,https://docs.google.com/document/d/19p4y0B_Lcl5O9ptSU2wMgHo6LxbkA10f/edit?usp=drivesdk&ouid=117877075857315698786&rtpof=true&sd=true,,,Reviewed,TR-0280,TR-0140,
Root/Sequences/SequencesToSort,SEQUENCE TRAINING FOR NEW HIRES.docx,1M33GQ5wfBfE_kk9TyK5CBZCh7Tts8a68,File,application/vnd.openxmlformats-officedocument.wordprocessingml.document,SequencesToSort,https://docs.google.com/document/d/1M33GQ5wfBfE_kk9TyK5CBZCh7Tts8a68/edit?usp=drivesdk&ouid=117877075857315698786&rtpof=true&sd=true,,,Reviewed,TR-0007,129 sequences; 55 SDR Persona sequences; Outreach + Salesforce process; bulk sequencing; CC strategy,
Root/Sequences/SequencesToSort,Formulas I used _).docx,1Qg7XHEjY-eeazSZjBOgjfE8W8KLIBIHO,File,application/vnd.openxmlformats-officedocument.wordprocessingml.document,SequencesToSort,https://docs.google.com/document/d/1Qg7XHEjY-eeazSZjBOgjfE8W8KLIBIHO/edit?usp=drivesdk&ouid=117877075857315698786&rtpof=true&sd=true,,,Reviewed,TR-0717,Morgan's Handlebars formula library — 'Formulas I used :)'; day-of-week greetings; nested variables. Score: 9.,Medium
Root/Sequences/SequencesToSort,Fall Sequence To Do.docx,1FS2KhqAio3tJ_uPC1N7HjENeQVYZI_5B,File,application/vnd.openxmlformats-officedocument.wordprocessingml.document,SequencesToSort,https://docs.google.com/document/d/1FS2KhqAio3tJ_uPC1N7HjENeQVYZI_5B/edit?usp=drivesdk&ouid=117877075857315698786&rtpof=true&sd=true,Yes,,Duplicate — defer,,,
Root/Sequences/SequencesToSort,Fall Sequence To Do.docx,1hfhHo-au_fBP78FAcgzDCnW_acHWunqw,File,application/vnd.openxmlformats-officedocument.wordprocessingml.document,SequencesToSort,https://docs.google.com/document/d/1hfhHo-au_fBP78FAcgzDCnW_acHWunqw/edit?usp=drivesdk&ouid=117877075857315698786&rtpof=true&sd=true,,,Reviewed,TR-0304,Brief 6-word planning note,
Root/Sequences/SequencesToSort,Timing Brainstorm.docx,1TmwHTJIc__AXrT2hWlDWqEOTDABIeVyS,File,application/vnd.openxmlformats-officedocument.wordprocessingml.document,SequencesToSort,https://docs.google.com/document/d/1TmwHTJIc__AXrT2hWlDWqEOTDABIeVyS/edit?usp=drivesdk&ouid=117877075857315698786&rtpof=true&sd=true,,,Reviewed,TR-0383,"4 audience segments mapped to school calendar: Principal (11 emails), Office Staff (6), General (5), PTA+Advisor (14)",
Root/Sequences/SequencesToSort,Summer _20 - Sequence List.xlsx,15MdW1RxbvqrbvE4EcCTGAHULMScQv11d,File,application/vnd.openxmlformats-officedocument.spreadsheetml.sheet,SequencesToSort,https://docs.google.com/spreadsheets/d/15MdW1RxbvqrbvE4EcCTGAHULMScQv11d/edit?usp=drivesdk&ouid=117877075857315698786&rtpof=true&sd=true,,,Reviewed,TR-0208,Summer '20 Sequence List: 21 Morgan-authored + 18 Kristina sequences; key authorship attribution doc,
Root/Sequences/SequencesToSort,Private Administrators - Year 1.docx,1tANzfDoXLZVu2wVF27BoWAFjfENMyhw8,File,application/vnd.openxmlformats-officedocument.wordprocessingml.document,SequencesToSort,https://docs.google.com/document/d/1tANzfDoXLZVu2wVF27BoWAFjfENMyhw8/edit?usp=drivesdk&ouid=117877075857315698786&rtpof=true&sd=true,,,Reviewed,TR-0718,Private Admin sequence — 'My son went to private'; CA 'San Mateo!'; $4M raised; 3 variants. Score: 8.,Medium
Root/Sequences/SequencesToSort,Follow-Up Email for Kristie _3.docx,1nxoVMrrCUmveyxwAwOtz8YET2W70-nmD,File,application/vnd.openxmlformats-officedocument.wordprocessingml.document,SequencesToSort,https://docs.google.com/document/d/1nxoVMrrCUmveyxwAwOtz8YET2W70-nmD/edit?usp=drivesdk&ouid=117877075857315698786&rtpof=true&sd=true,,,Reviewed,TR-0719,COVID check-in — '2nd grader's distance learning and it is taxing'; 3-option reply format. Score: 7.,Medium
Root/Sequences/SequencesToSort,Contract Email Updates.docx,1bsiZWjkC9yMGC21T14BxGeJHya-CHdtp,File,application/vnd.openxmlformats-officedocument.wordprocessingml.document,SequencesToSort,https://docs.google.com/document/d/1bsiZWjkC9yMGC21T14BxGeJHya-CHdtp/edit?usp=drivesdk&ouid=117877075857315698786&rtpof=true&sd=true,,,Reviewed,TR-0720,Empty placeholder — 'Email 9 / Email 10' only.,Medium
Root/Sequences/SequencesToSort,"Copy of TreeRing and COVID Template - April 9, 11_.docx",1AmhDkjY3ilgaS8f_GD-7_Ij6jvfSkn4k,File,application/vnd.openxmlformats-officedocument.wordprocessingml.document,SequencesToSort,https://docs.google.com/document/d/1AmhDkjY3ilgaS8f_GD-7_Ij6jvfSkn4k/edit?usp=drivesdk&ouid=117877075857315698786&rtpof=true&sd=true,Yes,,Duplicate — defer,,,
Root/Sequences/SequencesToSort,"Copy of TreeRing and COVID Template - April 9, 11_.docx",1RQaYs_c0YubDlHnb5FIMjFR0OyIUXl61,File,application/vnd.openxmlformats-officedocument.wordprocessingml.document,SequencesToSort,https://docs.google.com/document/d/1RQaYs_c0YubDlHnb5FIMjFR0OyIUXl61/edit?usp=drivesdk&ouid=117877075857315698786&rtpof=true&sd=true,,,Reviewed,TR-0721,COVID template — 'Is your yearbook company doing this for you?'; Ship to Home $2.99; e-sign.,Medium
Root/Sequences/SequencesToSort,"Copy of TreeRing and COVID Template - April 9, 11_(1).docx",1iKTR4dQMIwPOLsWDG-oF_CPrR_vd-YLk,File,application/vnd.openxmlformats-officedocument.wordprocessingml.document,SequencesToSort,https://docs.google.com/document/d/1iKTR4dQMIwPOLsWDG-oF_CPrR_vd-YLk/edit?usp=drivesdk&ouid=117877075857315698786&rtpof=true&sd=true,Yes,,Duplicate — defer,,,
Root/Sequences/SequencesToSort,"Copy of TreeRing and COVID Template - April 9, 11_(1).docx",1j2xB-VTaawEX0p6BRUFnE7Lu4szajC5m,File,application/vnd.openxmlformats-officedocument.wordprocessingml.document,SequencesToSort,https://docs.google.com/document/d/1j2xB-VTaawEX0p6BRUFnE7Lu4szajC5m/edit?usp=drivesdk&ouid=117877075857315698786&rtpof=true&sd=true,,,Reviewed,TR-0722,Empty file — no content.,Medium
Root/Sequences/SequencesToSort,SchoolDigger - Principals.docx,1ur1SRV18YK71YB3jOQ-k1Q-Ec0hzB0Zy,File,application/vnd.openxmlformats-officedocument.wordprocessingml.document,SequencesToSort,https://docs.google.com/document/d/1ur1SRV18YK71YB3jOQ-k1Q-Ec0hzB0Zy/edit?usp=drivesdk&ouid=117877075857315698786&rtpof=true&sd=true,,,Reviewed,TR-0723,Title 1 CA Principal — 'As a mom myself'; San Mateo; parents LOVE custom pages. Score: 8.,Medium
Root/Sequences/SequencesToSort,Private Administrators - Year 2.docx,17XHdng9XcknjhjWfLoXlbbmLolC1h23g,File,application/vnd.openxmlformats-officedocument.wordprocessingml.document,SequencesToSort,https://docs.google.com/document/d/17XHdng9XcknjhjWfLoXlbbmLolC1h23g/edit?usp=drivesdk&ouid=117877075857315698786&rtpof=true&sd=true,,,Reviewed,TR-0724,Private Admin re-approach — 2 variants + 'CC second contact' research step; $4M.,Medium
Root/Sequences/SequencesToSort,Title 1 - Principals.docx,1YG_yW1JhDdG366Oryem2IfeX6B7MLtZh,File,application/vnd.openxmlformats-officedocument.wordprocessingml.document,SequencesToSort,https://docs.google.com/document/d/1YG_yW1JhDdG366Oryem2IfeX6B7MLtZh/edit?usp=drivesdk&ouid=117877075857315698786&rtpof=true&sd=true,,,Reviewed,TR-0133,Morgan-signed Title 1 CA principal email; 'My name is Morgan'; San Mateo/CA personalization; mission framing,
Root/Sequences/SequencesToSort,"Private Advisor, Year 2.docx",1XOdSZDZOgFgbg-HnyxxemOWHhn5nVkbz,File,application/vnd.openxmlformats-officedocument.wordprocessingml.document,SequencesToSort,https://docs.google.com/document/d/1XOdSZDZOgFgbg-HnyxxemOWHhn5nVkbz/edit?usp=drivesdk&ouid=117877075857315698786&rtpof=true&sd=true,,,Reviewed,TR-0725,Private advisor referred follow-up — 'As you might remember'; design software tour.,Medium
Root/Sequences/SequencesToSort,Private Office Staff.docx,1ZCJfkJ7910-3bQYQbsGshpC5-SetTkUD,File,application/vnd.openxmlformats-officedocument.wordprocessingml.document,SequencesToSort,https://docs.google.com/document/d/1ZCJfkJ7910-3bQYQbsGshpC5-SetTkUD/edit?usp=drivesdk&ouid=117877075857315698786&rtpof=true&sd=true,,,Reviewed,TR-0726,Private office staff 'Hi Kimberly' — Providence Catholic; 'I’ve worked in offices before myself'. Score: 7.,Medium
Root/Sequences/SequencesToSort,McKinney District Emails.docx,1cE7ZC-PeSR2apasVEeBtLDc2b2QRfG-6,File,application/vnd.openxmlformats-officedocument.wordprocessingml.document,SequencesToSort,https://docs.google.com/document/d/1cE7ZC-PeSR2apasVEeBtLDc2b2QRfG-6/edit?usp=drivesdk&ouid=117877075857315698786&rtpof=true&sd=true,,,Reviewed,TR-0112,Morgan-signed McKinney ISD district outreach; 3 variants by account status; 7 social proof schools named,
Root/Sequences/SequencesToSort,Soapbox Video Test.docx,1JwISuwq1d9sS9AXEvT40ON2KhrmezSXW,File,application/vnd.openxmlformats-officedocument.wordprocessingml.document,SequencesToSort,https://docs.google.com/document/d/1JwISuwq1d9sS9AXEvT40ON2KhrmezSXW/edit?usp=drivesdk&ouid=117877075857315698786&rtpof=true&sd=true,,,Reviewed,TR-0116,Soapbox/Vidyard video outreach email template with {{company_name}} personalization (misclassified as Personal),
Root/Sequences/SequencesToSort,17-18 HZ Follow Up.docx,1DruqC-y1Qik_tYT6fqFCSiZc1QkM7JQL,File,application/vnd.openxmlformats-officedocument.wordprocessingml.document,SequencesToSort,https://docs.google.com/document/d/1DruqC-y1Qik_tYT6fqFCSiZc1QkM7JQL/edit?usp=drivesdk&ouid=117877075857315698786&rtpof=true&sd=true,,,Reviewed,TR-0213,17-18 HZ Follow-Up sequence (canonical copy) — earliest HZ sequence era,
Root/Sequences/SequencesToSort,Principal Survey.docx,1RAdKUpV9XU5GZT-9_9O-1arHvnylwgLX,File,application/vnd.openxmlformats-officedocument.wordprocessingml.document,SequencesToSort,https://docs.google.com/document/d/1RAdKUpV9XU5GZT-9_9O-1arHvnylwgLX/edit?usp=drivesdk&ouid=117877075857315698786&rtpof=true&sd=true,,,Reviewed,TR-0389,"3 email variants: pre-school-start call request, survey follow-up, summer research frame; gift card incentive",
Root/Sequences/SequencesToSort,Button Test code.docx,1HJv_fjvWts7f43Id-RAdmZsCu-ppRcqs,File,application/vnd.openxmlformats-officedocument.wordprocessingml.document,SequencesToSort,https://docs.google.com/document/d/1HJv_fjvWts7f43Id-RAdmZsCu-ppRcqs/edit?usp=drivesdk&ouid=117877075857315698786&rtpof=true&sd=true,,,Reviewed,TR-0727,HTML calendar button template — calendly.com/morgan-treering; TreeRing green #84ad3e.,Medium
Root/Sequences/SequencesToSort,"Wake County PTA -- May 2019 -- ES, Did not see TJ.docx",1ggv3xcp8EkwMLcndSzBn70a3KKl8mmlC,File,application/vnd.openxmlformats-officedocument.wordprocessingml.document,SequencesToSort,https://docs.google.com/document/d/1ggv3xcp8EkwMLcndSzBn70a3KKl8mmlC/edit?usp=drivesdk&ouid=117877075857315698786&rtpof=true&sd=true,,,Reviewed,TR-0127,Sequence copy (pairs with verified 73%/25% open/reply metrics),
Root/Sequences/SequencesToSort,Task Clean-Up.docx,1rfPnygJ00jtolWJVIrbbFLGHxIhE8Lg9,File,application/vnd.openxmlformats-officedocument.wordprocessingml.document,SequencesToSort,https://docs.google.com/document/d/1rfPnygJ00jtolWJVIrbbFLGHxIhE8Lg9/edit?usp=drivesdk&ouid=117877075857315698786&rtpof=true&sd=true,,,Reviewed,TR-0138,"Burbank Elementary discovery (Ana, Lifetouch, portraits, demo booked); 'Morgan's Pod Feedback on Sequences' attributed",
Root/Sequences/SequencesToSort,Sent Sample.docx,1e2emt1-ibfpohtU8Eof94TKnUnAGEJJp,File,application/vnd.openxmlformats-officedocument.wordprocessingml.document,SequencesToSort,https://docs.google.com/document/d/1e2emt1-ibfpohtU8Eof94TKnUnAGEJJp/edit?usp=drivesdk&ouid=117877075857315698786&rtpof=true&sd=true,,,Reviewed,TR-0728,Sample check-in 2-step — 'Did it land in the right place?'; timeline question.,Medium
Root/Sequences/SequencesToSort,Unresponsive Sample Leads.docx,1006NNrrvy05H62EYe69QC4BnFMfb33M9,File,application/vnd.openxmlformats-officedocument.wordprocessingml.document,SequencesToSort,https://docs.google.com/document/d/1006NNrrvy05H62EYe69QC4BnFMfb33M9/edit?usp=drivesdk&ouid=117877075857315698786&rtpof=true&sd=true,,,Reviewed,TR-0140,4-variant sample lead re-engagement; CRM housecleaning frame; dignity-preserving goodbye option; Morgan-signed,
Root/Sequences/SequencesToSort,"Engaged, Asked for Specific Follow-Up Time.docx",1i-qbMh05TCNXmegdRsWy4SS0Wu4y7mzi,File,application/vnd.openxmlformats-officedocument.wordprocessingml.document,SequencesToSort,https://docs.google.com/document/d/1i-qbMh05TCNXmegdRsWy4SS0Wu4y7mzi/edit?usp=drivesdk&ouid=117877075857315698786&rtpof=true&sd=true,,,Reviewed,TR-0729,Still a good time?' follow-up — 2 steps; calendly.com/morgan-treering in step 2.,Medium
Root/Sequences/SequencesToSort,Local Schools -- Principals (Assistant Principals_.docx,1lkrzpHWG5Q6HUS17HNjlAHhxhbYqrXPZ,File,application/vnd.openxmlformats-officedocument.wordprocessingml.document,SequencesToSort,https://docs.google.com/document/d/1lkrzpHWG5Q6HUS17HNjlAHhxhbYqrXPZ/edit?usp=drivesdk&ouid=117877075857315698786&rtpof=true&sd=true,,,Reviewed,TR-0730,Local delivery pitch — 'I live very close by; Amherst deserves love'; personal sample drop-off. Score: 9.,Medium
Root/Sequences/SequencesToSort,"Local Schools -- Parent Org, Not sure if handles Y.docx",1681FYk4YEDC4wbLshxDHOBVvz1u-0wSZ,File,application/vnd.openxmlformats-officedocument.wordprocessingml.document,SequencesToSort,https://docs.google.com/document/d/1681FYk4YEDC4wbLshxDHOBVvz1u-0wSZ/edit?usp=drivesdk&ouid=117877075857315698786&rtpof=true&sd=true,,,Reviewed,TR-0731,"Local routing — 'I live close by, I’d love to drop off a sample personally'.",Medium
Root/Sequences/SequencesToSort,Local Schools -- Office.docx,1P-U9b7fMJVqQWcY_J1MjAH13FP3BbC0p,File,application/vnd.openxmlformats-officedocument.wordprocessingml.document,SequencesToSort,https://docs.google.com/document/d/1P-U9b7fMJVqQWcY_J1MjAH13FP3BbC0p/edit?usp=drivesdk&ouid=117877075857315698786&rtpof=true&sd=true,,,Reviewed,TR-0731,Local office staff routing — companion to TR-0731.,Medium
Root/Sequences/SequencesToSort,Local Schools -- Yearbook Advisors.docx,1Pp2eSU6iZCDY11MoDNsQzOhhyeHuyWKR,File,application/vnd.openxmlformats-officedocument.wordprocessingml.document,SequencesToSort,https://docs.google.com/document/d/1Pp2eSU6iZCDY11MoDNsQzOhhyeHuyWKR/edit?usp=drivesdk&ouid=117877075857315698786&rtpof=true&sd=true,,,Reviewed,TR-0732,YBA local delivery — 'most wholesome company I’ve ever worked for'; 4 years; 10K customers. Score: 7.,Medium
Root/Sequences/SequencesToSort,"Local Schools -- Parent Org, Handles YB.docx",14-8WgI2yr_1D4JPp1T2abTvLbuN4d3RJ,File,application/vnd.openxmlformats-officedocument.wordprocessingml.document,SequencesToSort,https://docs.google.com/document/d/14-8WgI2yr_1D4JPp1T2abTvLbuN4d3RJ/edit?usp=drivesdk&ouid=117877075857315698786&rtpof=true&sd=true,Yes,,Duplicate — defer,,,
Root/Sequences/SequencesToSort,"Local Schools -- Parent Org, Handles YB.docx",1O4ZY_R_wMYN7SisOCwWzZxQM5-q7jz0j,File,application/vnd.openxmlformats-officedocument.wordprocessingml.document,SequencesToSort,https://docs.google.com/document/d/1O4ZY_R_wMYN7SisOCwWzZxQM5-q7jz0j/edit?usp=drivesdk&ouid=117877075857315698786&rtpof=true&sd=true,,,Reviewed,TR-0732,YBA local delivery companion version — same 'most wholesome company' content.,Medium
Root/Sequences/SequencesToSort,"Principal Quote, Call Script.docx",1S0WmYhXC8omMpU9AukqizjPK0IsTOabF,File,application/vnd.openxmlformats-officedocument.wordprocessingml.document,SequencesToSort,https://docs.google.com/document/d/1S0WmYhXC8omMpU9AukqizjPK0IsTOabF/edit?usp=drivesdk&ouid=117877075857315698786&rtpof=true&sd=true,Yes,,Duplicate — defer,,,
Root/Sequences/SequencesToSort,"Principal Quote, Call Script.docx",1gx599cOVkk7lk4vZVRQpVn9UkzV4SdPX,File,application/vnd.openxmlformats-officedocument.wordprocessingml.document,SequencesToSort,https://docs.google.com/document/d/1gx599cOVkk7lk4vZVRQpVn9UkzV4SdPX/edit?usp=drivesdk&ouid=117877075857315698786&rtpof=true&sd=true,,,Reviewed,TR-0375,Structured qual flow: qualification to pricing to cover choice to discount tiers (15%/10%/5%); no cost to schools,
Root/Sequences/SequencesToSort,Intro Email_Follow-Up.docx,1wXzuefGfO0n9UUI8n29t3UCYEAWZLdF_,File,application/vnd.openxmlformats-officedocument.wordprocessingml.document,SequencesToSort,https://docs.google.com/document/d/1wXzuefGfO0n9UUI8n29t3UCYEAWZLdF_/edit?usp=drivesdk&ouid=117877075857315698786&rtpof=true&sd=true,Yes,,Duplicate — defer,,TR-0305,
Root/Sequences/SequencesToSort,Intro Email_Follow-Up.docx,1yS-WwOztvbmAk86p4MfNEJ6e5xnRkrtu,File,application/vnd.openxmlformats-officedocument.wordprocessingml.document,SequencesToSort,https://docs.google.com/document/d/1yS-WwOztvbmAk86p4MfNEJ6e5xnRkrtu/edit?usp=drivesdk&ouid=117877075857315698786&rtpof=true&sd=true,,,Reviewed,TR-0733,Early 2-step sequence — Sidekick tracking; 'woman who answered was very kind'; IST era.,Medium
Root/Sequences/SequencesToSort,Final Summer Email Draft.docx,1bMZ46FiPVGqsyv7hPIaJ51bs5YryzPUL,File,application/vnd.openxmlformats-officedocument.wordprocessingml.document,SequencesToSort,https://docs.google.com/document/d/1bMZ46FiPVGqsyv7hPIaJ51bs5YryzPUL/edit?usp=drivesdk&ouid=117877075857315698786&rtpof=true&sd=true,Yes,,Duplicate — defer,,TR-0301,
Root/Sequences/SequencesToSort,Final Summer Email Draft.docx,1sD_qWvTRQOuM5LFsVEq7ZdI755uIaljs,File,application/vnd.openxmlformats-officedocument.wordprocessingml.document,SequencesToSort,https://docs.google.com/document/d/1sD_qWvTRQOuM5LFsVEq7ZdI755uIaljs/edit?usp=drivesdk&ouid=117877075857315698786&rtpof=true&sd=true,,,Reviewed,TR-0734,IST 'Yearbook Therapist' emails — 617.830.7317; 'over 1M trees'; 4 variants; editorial notes. Score: 9.,Medium
Root/Sequences/SequencesToSort,2016 Campaigns - By Ray.docx,1MuIOchvFKNVYa0jX_hwZYCMQZFFTPAte,File,application/vnd.openxmlformats-officedocument.wordprocessingml.document,SequencesToSort,https://docs.google.com/document/d/1MuIOchvFKNVYa0jX_hwZYCMQZFFTPAte/edit?usp=drivesdk&ouid=117877075857315698786&rtpof=true&sd=true,Yes,,Duplicate — defer,,TR-0151,
Root/Sequences/SequencesToSort,2016 Campaigns - By Ray.docx,1gkQyzgQIopnojLiLrSk0GIMvL7IP2I5G,File,application/vnd.openxmlformats-officedocument.wordprocessingml.document,SequencesToSort,https://docs.google.com/document/d/1gkQyzgQIopnojLiLrSk0GIMvL7IP2I5G/edit?usp=drivesdk&ouid=117877075857315698786&rtpof=true&sd=true,,,Reviewed,TR-0735,IST 5-email intro — 'advisors we call heroes'; 3 A/B openers; 617; 'over 1M trees'; 'growing company'. Score: 9.,Medium
Root/Sequences/SequencesToSort,2018 Basic Intro Campaign.docx,1KSaNhbl7mTYM4yxLZ2cba_MDRvgshdGY,File,application/vnd.openxmlformats-officedocument.wordprocessingml.document,SequencesToSort,https://docs.google.com/document/d/1KSaNhbl7mTYM4yxLZ2cba_MDRvgshdGY/edit?usp=drivesdk&ouid=117877075857315698786&rtpof=true&sd=true,Yes,,Duplicate — defer,,,
Root/Sequences/SequencesToSort,2018 Basic Intro Campaign.docx,1_aG9YCx2ifFG2mpax5jjduD2UcXvxz9k,File,application/vnd.openxmlformats-officedocument.wordprocessingml.document,SequencesToSort,https://docs.google.com/document/d/1_aG9YCx2ifFG2mpax5jjduD2UcXvxz9k/edit?usp=drivesdk&ouid=117877075857315698786&rtpof=true&sd=true,,,Reviewed,TR-0736,Early district sequence — 'calendly.com/morgan-kris'; 2M trees; 'woman answered was very kind'.,Medium
Root/Sequences/SequencesToSort,Email Drafts from Forever Ago.docx,1L_aYm6WwhSjlePWWyvU_kNvN-PnDtbLM,File,application/vnd.openxmlformats-officedocument.wordprocessingml.document,SequencesToSort,https://docs.google.com/document/d/1L_aYm6WwhSjlePWWyvU_kNvN-PnDtbLM/edit?usp=drivesdk&ouid=117877075857315698786&rtpof=true&sd=true,Yes,,Duplicate — defer,,,
Root/Sequences/SequencesToSort,Email Drafts from Forever Ago.docx,1RbVaV8JNgFNC_7t9u5I-kC_Bn-iGBgaa,File,application/vnd.openxmlformats-officedocument.wordprocessingml.document,SequencesToSort,https://docs.google.com/document/d/1RbVaV8JNgFNC_7t9u5I-kC_Bn-iGBgaa/edit?usp=drivesdk&ouid=117877075857315698786&rtpof=true&sd=true,,,Reviewed,TR-0737,IST eco emails '2.5M trees' — companion to TR-0734 but later era; same editorial notes. Score: 8.,Medium
Root/Sequences/SequencesToSort,Sample Follow-Up.docx,1Jfh9we5J7NZpOEg751uIEljSnBBtCsF_,File,application/vnd.openxmlformats-officedocument.wordprocessingml.document,SequencesToSort,https://docs.google.com/document/d/1Jfh9we5J7NZpOEg751uIEljSnBBtCsF_/edit?usp=drivesdk&ouid=117877075857315698786&rtpof=true&sd=true,Yes,,Duplicate — defer,,TR-0152,
Root/Sequences/SequencesToSort,Sample Follow-Up.docx,1xKUdtjhxAsSIJQdgwZpIAHFYTsXCNWhw,File,application/vnd.openxmlformats-officedocument.wordprocessingml.document,SequencesToSort,https://docs.google.com/document/d/1xKUdtjhxAsSIJQdgwZpIAHFYTsXCNWhw/edit?usp=drivesdk&ouid=117877075857315698786&rtpof=true&sd=true,,,Reviewed,TR-0738,Inbound sample phone script — 7 qualifier questions; softcover/hardcover; contract; demo close. Score: 7.,Medium
Root/Sequences/SequencesToSort,HZ Intro emails.docx,1aCV43ESgIrQ9taGVweZO97ypqMrFckCw,File,application/vnd.openxmlformats-officedocument.wordprocessingml.document,SequencesToSort,https://docs.google.com/document/d/1aCV43ESgIrQ9taGVweZO97ypqMrFckCw/edit?usp=drivesdk&ouid=117877075857315698786&rtpof=true&sd=true,Yes,,Duplicate — defer,,,
Root/Sequences/SequencesToSort,HZ Intro emails.docx,1xLMi1NWqZ3eIT4MHV9MXMTGVD3czML8D,File,application/vnd.openxmlformats-officedocument.wordprocessingml.document,SequencesToSort,https://docs.google.com/document/d/1xLMi1NWqZ3eIT4MHV9MXMTGVD3czML8D/edit?usp=drivesdk&ouid=117877075857315698786&rtpof=true&sd=true,,,Reviewed,TR-0241,HZ Intro email sequence (canonical copy),
Root/Sequences/SequencesToSort,Email Draft for Previous_Unresponsive IST Leads.docx,1cErKaOi6hDf-2Sq0qDh5feB-elg4noTx,File,application/vnd.openxmlformats-officedocument.wordprocessingml.document,SequencesToSort,https://docs.google.com/document/d/1cErKaOi6hDf-2Sq0qDh5feB-elg4noTx/edit?usp=drivesdk&ouid=117877075857315698786&rtpof=true&sd=true,,,Reviewed,TR-0739,IST summer re-engagement — '95% chance of contract... I’d love to see if we can win your business.' Score: 8.,Medium
Root/Sequences/20-21Insights,File-Screen Shot 2021-04-28 at 4.21.20 PM.png,1YzYUky-wkJ46tDwAxXzI3uOB5AZLjNiJ,File,image/png,20-21Insights,https://drive.google.com/file/d/1YzYUky-wkJ46tDwAxXzI3uOB5AZLjNiJ/view?usp=drivesdk,Yes,,Duplicate — defer,,,
Root/Sequences/20-21Insights,File-Screen Shot 2021-04-28 at 4.21.20 PM.png,1lN9jkMsHPkVKjitmfrQUtZrKnnaZMvfv,File,image/png,20-21Insights,https://drive.google.com/file/d/1lN9jkMsHPkVKjitmfrQUtZrKnnaZMvfv/view?usp=drivesdk,,,Reviewed,TR-0643,20-21Insights screenshot Apr 2021 — 83%/32% reply MS/HS Teacher; 1901 on Principal seq.,High
Root/Sequences/20-21Insights,File-Screen Shot 2021-03-18 at 2.28.20 PM.png,1Y79ZNm_XRX3rq14qVJofMGMatmMxoABY,File,image/png,20-21Insights,https://drive.google.com/file/d/1Y79ZNm_XRX3rq14qVJofMGMatmMxoABY/view?usp=drivesdk,,,Reviewed,TR-0644,"20-21Insights screenshot Mar 2021 — AM-2021 Retention seqs, 0 contacts yet.",High
Root/Sequences/20-21Insights,File-Screen Shot 2021-02-09 at 2.35.53 PM.png,1pgZ-SCbXuzk2569gOBFoTHNGQBr7tM9U,File,image/png,20-21Insights,https://drive.google.com/file/d/1pgZ-SCbXuzk2569gOBFoTHNGQBr7tM9U/view?usp=drivesdk,,,Reviewed,TR-0645,20-21Insights screenshot Feb 2021 — District 83%/62% reply; Trial 88%/57% reply.,High
Root/Sequences/20-21Insights,Spring _23 Re-Approaches.xlsx,10HiFc2PSYXvas9SKXF1gTekEWdNecH44,File,application/vnd.openxmlformats-officedocument.spreadsheetml.sheet,20-21Insights,https://docs.google.com/spreadsheets/d/10HiFc2PSYXvas9SKXF1gTekEWdNecH44/edit?usp=drivesdk&ouid=117877075857315698786&rtpof=true&sd=true,,,Reviewed,TR-0229,Spring 2023 re-approach outreach data spreadsheet,
Root/Sequences/20-21Insights,Email Customization Best Practices!.docx,19K0a0EaPAKWgWHw7mrchp5Rm4zF4FWJ7,File,application/vnd.openxmlformats-officedocument.wordprocessingml.document,20-21Insights,https://docs.google.com/document/d/19K0a0EaPAKWgWHw7mrchp5Rm4zF4FWJ7/edit?usp=drivesdk&ouid=117877075857315698786&rtpof=true&sd=true,Yes,,Duplicate — defer,,,
Root/Sequences/20-21Insights,Email Customization Best Practices!.docx,1KBdos0nRv2dNbLEfTdKGoXaSgiH9WetN,File,application/vnd.openxmlformats-officedocument.wordprocessingml.document,20-21Insights,https://docs.google.com/document/d/1KBdos0nRv2dNbLEfTdKGoXaSgiH9WetN/edit?usp=drivesdk&ouid=117877075857315698786&rtpof=true&sd=true,,,Reviewed,TR-0470,"CC email customization training guide Morgan wrote; audience tone guides (Admins/Teachers/PTAs), Outreach bulk editing how-to, brand voice rules",High
Root/Sequences/20-21Insights,Melanie + Anna + Morgan_ 4.28.22.docx,19sLp_mm1J5RovBdRo_OgaIxOPoD1E_2N,File,application/vnd.openxmlformats-officedocument.wordprocessingml.document,20-21Insights,https://docs.google.com/document/d/19sLp_mm1J5RovBdRo_OgaIxOPoD1E_2N/edit?usp=drivesdk&ouid=117877075857315698786&rtpof=true&sd=true,,,Reviewed,TR-0475,Cross-functional data analysis project Morgan led (Melanie+Anna); exhaustive spec for sequences/Vidyard/THNKS/Salesforce 2018-2022,High
Root/Sequences/20-21Insights,21-22 Suggested Collections.xlsx,1n4hRsq0ykSjC2bVAZ2NEoFptORvgJn-5,File,application/vnd.openxmlformats-officedocument.spreadsheetml.sheet,20-21Insights,https://docs.google.com/spreadsheets/d/1n4hRsq0ykSjC2bVAZ2NEoFptORvgJn-5/edit?usp=drivesdk&ouid=117877075857315698786&rtpof=true&sd=true,,,Reviewed,TR-0648,Spring '23 Re-Approach prospect DB — 100+ private/HZ schools with Outreach tags.,High
Root/Sequences/20-21Insights,Content Committee.xlsx,1SSXyRgl12ShmIF5NVFD3_Z8sPYybZbax,File,application/vnd.openxmlformats-officedocument.spreadsheetml.sheet,20-21Insights,https://docs.google.com/spreadsheets/d/1SSXyRgl12ShmIF5NVFD3_Z8sPYybZbax/edit?usp=drivesdk&ouid=117877075857315698786&rtpof=true&sd=true,,,Reviewed,TR-0290,52 snippets created in February (22 public = 35%); Stacey K won Most Likely to Create a Snippet; CC operational data,
Root/Sequences/20-21Insights,"Outreach Code, Confirmed Working — Jan 2021.xlsx",1IZFFMhXxrM-wb0Btc8cWkAcjCh3H3lhi,File,application/vnd.openxmlformats-officedocument.spreadsheetml.sheet,20-21Insights,https://docs.google.com/spreadsheets/d/1IZFFMhXxrM-wb0Btc8cWkAcjCh3H3lhi/edit?usp=drivesdk&ouid=117877075857315698786&rtpof=true&sd=true,Yes,,Duplicate — defer,,TR-0028,
Root/Sequences/20-21Insights,Formulas I used _).docx,1vgOjzmwXWUEoGRkRXs_jSuvJtY421pgi,File,application/vnd.openxmlformats-officedocument.wordprocessingml.document,20-21Insights,https://docs.google.com/document/d/1vgOjzmwXWUEoGRkRXs_jSuvJtY421pgi/edit?usp=drivesdk&ouid=117877075857315698786&rtpof=true&sd=true,,,Reviewed,TR-0481,Outreach conditional Handlebars formulas Morgan created; nickname/yearbook name/parent org/day-of-week personalization logic,High
Root/Sequences/20-21Insights,Fall Sequence TO DO.xlsx,10NQjUIfIfDbS-07gqfJWnui-fwXUobCT,File,application/vnd.openxmlformats-officedocument.spreadsheetml.sheet,20-21Insights,https://docs.google.com/spreadsheets/d/10NQjUIfIfDbS-07gqfJWnui-fwXUobCT/edit?usp=drivesdk&ouid=117877075857315698786&rtpof=true&sd=true,,,Reviewed,TR-0305,Operational spreadsheet (not fully read),
Root/Sequences/20-21Insights,Summer _20 Sequences - Proofreading.xlsx,1I97KULBa-D3ayxqJfFZebQQwebCBYsSf,File,application/vnd.openxmlformats-officedocument.spreadsheetml.sheet,20-21Insights,https://docs.google.com/spreadsheets/d/1I97KULBa-D3ayxqJfFZebQQwebCBYsSf/edit?usp=drivesdk&ouid=117877075857315698786&rtpof=true&sd=true,,,Reviewed,TR-0209,Summer '20 Sequences Proofreading tracker: Morgan proofed all 39 sequences incl. Kristina's 18,
Root/Sequences/20-21Insights,SDR Outreach Sequences - Master.xlsx,12UtQ3NRcMMOOuiCrZLMdfsnE_5M6UXTh,File,application/vnd.openxmlformats-officedocument.spreadsheetml.sheet,20-21Insights,https://docs.google.com/spreadsheets/d/12UtQ3NRcMMOOuiCrZLMdfsnE_5M6UXTh/edit?usp=drivesdk&ouid=117877075857315698786&rtpof=true&sd=true,,,Reviewed,TR-0301,30+ sequence edits tracked Jan-Apr 2020; approval workflow with requester/date/edit/approved/progress columns,
Root/Sequences/20-21SequenceCopy,Week of July 19 One-on-Ones.docx,1_m0reiq_c5bQDWQeMp3r76G_e0EgLjrh,File,application/vnd.openxmlformats-officedocument.wordprocessingml.document,20-21SequenceCopy,https://docs.google.com/document/d/1_m0reiq_c5bQDWQeMp3r76G_e0EgLjrh/edit?usp=drivesdk&ouid=117877075857315698786&rtpof=true&sd=true,,,Reviewed,TR-0172,Morgan coaching reps on sequencing; references Process Map in live coaching; 'I got the latest section up last night',
Root/Sequences/20-21SequenceCopy,Title 1 Advisor - Draft Complete.docx,1X6CKqcXDw4hn0bag0lUsCCb8tidYnZ8P,File,application/vnd.openxmlformats-officedocument.wordprocessingml.document,20-21SequenceCopy,https://docs.google.com/document/d/1X6CKqcXDw4hn0bag0lUsCCb8tidYnZ8P/edit?usp=drivesdk&ouid=117877075857315698786&rtpof=true&sd=true,,,Reviewed,TR-0151,"Complete 10-step A/B Title 1 Advisor sequence; intro A/B, bump, phone, best time+fundraising ($700K/$4M), hidden gem steps",
Root/Sequences/20-21SequenceCopy,Cold Walk-Up Sequence.docx,1K4mDLqGaeU9fvtlnapYyBfOqCe_zN4pB,File,application/vnd.openxmlformats-officedocument.wordprocessingml.document,20-21SequenceCopy,https://docs.google.com/document/d/1K4mDLqGaeU9fvtlnapYyBfOqCe_zN4pB/edit?usp=drivesdk&ouid=117877075857315698786&rtpof=true&sd=true,,,Reviewed,TR-0086,2-email warm re-engagement for account-created but silent prospects; low-pressure tone,
Root/Sequences/20-21SequenceCopy,Contract Email 4 Update.docx,1IHihkGMKC2IBJB31K3I8r_-q2A3KIXUq,File,application/vnd.openxmlformats-officedocument.wordprocessingml.document,20-21SequenceCopy,https://docs.google.com/document/d/1IHihkGMKC2IBJB31K3I8r_-q2A3KIXUq/edit?usp=drivesdk&ouid=117877075857315698786&rtpof=true&sd=true,,,Reviewed,TR-0691,COVID-era In Contract step — 'wishing you safety and good health; especially in times of crisis'.,Medium
Root/Sequences/20-21SequenceCopy,Morgan Copy of covid ideas.docx,18GWNlaJ_OsvIfN4YBLzarl3gy2hHa7Qg,File,application/vnd.openxmlformats-officedocument.wordprocessingml.document,20-21SequenceCopy,https://docs.google.com/document/d/18GWNlaJ_OsvIfN4YBLzarl3gy2hHa7Qg/edit?usp=drivesdk&ouid=117877075857315698786&rtpof=true&sd=true,,,Reviewed,TR-0692,Morgan’s COVID sequence planning — 3 audience tones; 'rockstars'; supplemental YB idea. Score: 8.,Medium
Root/Sequences/20-21SequenceCopy,Title 1 Principal - Email 1 - Draft Done.docx,19qANJogPc9IfTNb2PqGk-qTBf8njWVkt,File,application/vnd.openxmlformats-officedocument.wordprocessingml.document,20-21SequenceCopy,https://docs.google.com/document/d/19qANJogPc9IfTNb2PqGk-qTBf8njWVkt/edit?usp=drivesdk&ouid=117877075857315698786&rtpof=true&sd=true,Yes,,Duplicate — defer,,,
Root/Sequences/20-21SequenceCopy,Title 1 Principal - Email 1.docx,1Lo8hlnKKxGcWOGc16ePaP1Yd0zUL_-jX,File,application/vnd.openxmlformats-officedocument.wordprocessingml.document,20-21SequenceCopy,https://docs.google.com/document/d/1Lo8hlnKKxGcWOGc16ePaP1Yd0zUL_-jX/edit?usp=drivesdk&ouid=117877075857315698786&rtpof=true&sd=true,,,Reviewed,TR-0132,A/B test variants for Title 1 Principal: Version A bullets vs Version B prose; Outreach variables; referral ask,
Root/Sequences/20-21SequenceCopy,Title 1 Advisor.docx,16lhzMKKeTSNREnsB_8DT1kRbfn5gqS88,File,application/vnd.openxmlformats-officedocument.wordprocessingml.document,20-21SequenceCopy,https://docs.google.com/document/d/16lhzMKKeTSNREnsB_8DT1kRbfn5gqS88/edit?usp=drivesdk&ouid=117877075857315698786&rtpof=true&sd=true,,,Reviewed,TR-0152,Earlier draft version of Title 1 Advisor - Draft Complete,
Root/Sequences/20-21SequenceCopy,Done - In Contract.docx,1ESOR-vIUo5djF2v11Wfy4TkJQ1lY7Wyt,File,application/vnd.openxmlformats-officedocument.wordprocessingml.document,20-21SequenceCopy,https://docs.google.com/document/d/1ESOR-vIUo5djF2v11Wfy4TkJQ1lY7Wyt/edit?usp=drivesdk&ouid=117877075857315698786&rtpof=true&sd=true,,,Reviewed,TR-0693,Morgan’s In Contract sequence — calendar/user/morgan; signed 'Morgan'; 'My personal favorite: recognition ads!' Score: 9.,Medium
Root/Sequences/20-21SequenceCopy,In Contract.docx,1T_DFng7lnDo-BhXZWTV7oTBXmr59E50E,File,application/vnd.openxmlformats-officedocument.wordprocessingml.document,20-21SequenceCopy,https://docs.google.com/document/d/1T_DFng7lnDo-BhXZWTV7oTBXmr59E50E/edit?usp=drivesdk&ouid=117877075857315698786&rtpof=true&sd=true,,,Reviewed,TR-0693,"In Contract companion version — same sequence, cleaner draft.",Medium
Root/Sequences/20-21SequenceCopy,Advisor Year 2 - Done.docx,1tnZ23-FGk5MOUhdPRKksHKK90fh_SM6U,File,application/vnd.openxmlformats-officedocument.wordprocessingml.document,20-21SequenceCopy,https://docs.google.com/document/d/1tnZ23-FGk5MOUhdPRKksHKK90fh_SM6U/edit?usp=drivesdk&ouid=117877075857315698786&rtpof=true&sd=true,,,Reviewed,TR-0694,Advisor Year 2 — A/B testimonials (432 books sold!); PUR binding email; Morgan calendar. Score: 9.,Medium
Root/Sequences/20-21SequenceCopy,Principal Year 2 - Done.docx,1DA2k-lzMf2bDOK4xZ1Ug-D7yutzzkD5s,File,application/vnd.openxmlformats-officedocument.wordprocessingml.document,20-21SequenceCopy,https://docs.google.com/document/d/1DA2k-lzMf2bDOK4xZ1Ug-D7yutzzkD5s/edit?usp=drivesdk&ouid=117877075857315698786&rtpof=true&sd=true,,,Reviewed,TR-0695,Principal Year 2 — school event ultra-personalization; 'Kristina added call step!!!!'; reviving programs. Score: 9.,Medium
Root/Sequences/20-21SequenceCopy,Advisor Year 2 - Morgan Draft.docx,1ygdXXyUDo8RxoLbugGvYZXnaYE3ppzNa,File,application/vnd.openxmlformats-officedocument.wordprocessingml.document,20-21SequenceCopy,https://docs.google.com/document/d/1ygdXXyUDo8RxoLbugGvYZXnaYE3ppzNa/edit?usp=drivesdk&ouid=117877075857315698786&rtpof=true&sd=true,,,Reviewed,TR-0696,Advisor Year 2 draft — companion to TR-0694.,Medium
Root/Sequences/20-21SequenceCopy,Principal Year 2 - Morgan Draft.docx,14RzFQ62LbH90gtAxdOMJ3r8m0Xy8BMjt,File,application/vnd.openxmlformats-officedocument.wordprocessingml.document,20-21SequenceCopy,https://docs.google.com/document/d/14RzFQ62LbH90gtAxdOMJ3r8m0Xy8BMjt/edit?usp=drivesdk&ouid=117877075857315698786&rtpof=true&sd=true,,,Reviewed,TR-0697,Principal Year 2 draft — companion to TR-0695. Note: 'VP sequence to come later maybe?',Medium
Root/Sequences/20-21SequenceCopy,"For Outreach, Sept 2019_ Time-Specific Follow-Up.docx",1gXgN3BK-c4SqjcQSJj6O-6ooLZPPCmUS,File,application/vnd.openxmlformats-officedocument.wordprocessingml.document,20-21SequenceCopy,https://docs.google.com/document/d/1gXgN3BK-c4SqjcQSJj6O-6ooLZPPCmUS/edit?usp=drivesdk&ouid=117877075857315698786&rtpof=true&sd=true,,,Reviewed,TR-0698,Morgan's Time-Specific Follow-Up sequence — CONFIRMED her own invention. 'Owl/raven'; 'flying cars'. Score: 9.,Medium
Root/Sequences/20-21SequenceCopy,Hot Zone YBA Reapproach.docx,1cJNEbcLRRZOkj59TVMLz9ek7WyXEGaG9,File,application/vnd.openxmlformats-officedocument.wordprocessingml.document,20-21SequenceCopy,https://docs.google.com/document/d/1cJNEbcLRRZOkj59TVMLz9ek7WyXEGaG9/edit?usp=drivesdk&ouid=117877075857315698786&rtpof=true&sd=true,,,Reviewed,TR-0325,YBA-specific HZ reapproach sequence (not fully read),
Root/Sequences/20-21SequenceCopy,PTA - Planting Trees.docx,1HEZGccClorNHvyPbiP27b0iCn5y1DTXR,File,application/vnd.openxmlformats-officedocument.wordprocessingml.document,20-21SequenceCopy,https://docs.google.com/document/d/1HEZGccClorNHvyPbiP27b0iCn5y1DTXR/edit?usp=drivesdk&ouid=117877075857315698786&rtpof=true&sd=true,,,Reviewed,TR-0699,Eco email drafts — 'Plant trees in the name of' + 'One tree at a time'; CNN link; 3M trees.,Medium
Root/Sequences/21-22Insights,File-Screen Shot 2021-07-26 at 12.53.28 PM.png,17i70v9dQGEUA8YeDcGMEli08utEi47gK,File,image/png,21-22Insights,https://drive.google.com/file/d/17i70v9dQGEUA8YeDcGMEli08utEi47gK/view?usp=drivesdk,Yes,,Duplicate — defer,,TR-0198,
Root/Sequences/21-22Insights,File-Screen Shot 2021-07-26 at 12.53.28 PM.png,1h7GeTp6R4FdffT4nmrdQAN4UHBB3WfRe,File,image/png,21-22Insights,https://drive.google.com/file/d/1h7GeTp6R4FdffT4nmrdQAN4UHBB3WfRe/view?usp=drivesdk,,,Reviewed,TR-0649,21-22Insights Jul 2021 — ES PTA 1st Touch YL 61%/5.6% reply (early stage).,High
Root/Sequences/21-22Insights,File-Screen Shot 2022-06-28 at 12.49.59 PM.png,1gc9bLzmeaWOvt6l_MZHTBJ_J--q6fuCD,File,image/png,21-22Insights,https://drive.google.com/file/d/1gc9bLzmeaWOvt6l_MZHTBJ_J--q6fuCD/view?usp=drivesdk,,,Reviewed,TR-0649,21-22Insights Jul 2021 (duplicate screenshot) — companion to TR-0649.,High
Root/Sequences/21-22Insights,File-Screen Shot 2021-07-27 at 4.32.48 PM.png,1OqajpVi4viwgpN1VShIdT1dYPfsTUNNN,File,image/png,21-22Insights,https://drive.google.com/file/d/1OqajpVi4viwgpN1VShIdT1dYPfsTUNNN/view?usp=drivesdk,Yes,,Duplicate — defer,,,
Root/Sequences/21-22Insights,File-Screen Shot 2021-07-27 at 4.32.48 PM.png,1wklhrmJ1Jii7BXX2cSgHDW8sT2Y5DEz_,File,image/png,21-22Insights,https://drive.google.com/file/d/1wklhrmJ1Jii7BXX2cSgHDW8sT2Y5DEz_/view?usp=drivesdk,,,Reviewed,TR-0650,21-22Insights Jun 2022 — TEAM HONORS: 77% lead conversion / 82% opp / 480K emails. Score: 9.,High
Root/Sequences/21-22Insights,File-Screen Shot 2022-04-27 at 12.12.52 PM.png,1t67j05wFtQhqN21PxoWzGM_e7mB3pgXx,File,image/png,21-22Insights,https://drive.google.com/file/d/1t67j05wFtQhqN21PxoWzGM_e7mB3pgXx/view?usp=drivesdk,,,Reviewed,TR-0028,"Possible source of 480,000 emails / 77% open dashboard stat; not readable via API fetch",
Root/Sequences/23-24SequenceCopy,Copy of HS Principal Spring 22-23,1gRqdDtgyEPhCnZ80Q1gj3VdrhbY5MJPpvUCTiXjRjpM,File,application/vnd.google-apps.document,23-24SequenceCopy,https://docs.google.com/document/d/1gRqdDtgyEPhCnZ80Q1gj3VdrhbY5MJPpvUCTiXjRjpM/edit?usp=drivesdk,,,Reviewed,TR-0675,HS Principal Spring 22-23 — 18-step production sequence; Handlebars vars; Morgan co-authored.,Medium
Root/Sequences/23-24SequenceCopy,Copy of PTA YL 1st Touch,1AHzhLiMFigDZWIVhEMRFjgWKB-X-XVml9ldg4XmaPoI,File,application/vnd.google-apps.document,23-24SequenceCopy,https://docs.google.com/document/d/1AHzhLiMFigDZWIVhEMRFjgWKB-X-XVml9ldg4XmaPoI/edit?usp=drivesdk,,,Reviewed,TR-0676,PTA First Touch 22-23 — 21-step sequence with TOC; persona-specific; Morgan co-authored.,Medium
Root/Sequences/23-24SequenceCopy,Copy of PTA YL 1st Touch_ Morgan.docx,1KOk1QbRKw-JrBjXRgK0T8-7KQ_VjHbix,File,application/vnd.openxmlformats-officedocument.wordprocessingml.document,23-24SequenceCopy,https://docs.google.com/document/d/1KOk1QbRKw-JrBjXRgK0T8-7KQ_VjHbix/edit?usp=drivesdk&ouid=117877075857315698786&rtpof=true&sd=true,,,Reviewed,TR-0683,23-24 ES PTA companion (draft with 'Anna' in Step 17 = pre-production).,Medium
Root/Sequences/23-24SequenceCopy,Copy of MS YL 1st Touch 22-23,1LhscyldP7nIi6MSlLub582Nj50RgMjzmQSO5egluB28,File,application/vnd.google-apps.document,23-24SequenceCopy,https://docs.google.com/document/d/1LhscyldP7nIi6MSlLub582Nj50RgMjzmQSO5egluB28/edit?usp=drivesdk,,,Reviewed,TR-0677,MS Yearlong 1st Touch 22-23 — 22-step sequence; MS-specific; yearbook club links; Morgan co-authored.,Medium
Root/Sequences/23-24SequenceCopy,Copy of Support Staff Spring 22-23,1_qrUxnVvQw0Ro48B3sCx3Gd3JsRXuXxigXgCwTG374Y,File,application/vnd.google-apps.document,23-24SequenceCopy,https://docs.google.com/document/d/1_qrUxnVvQw0Ro48B3sCx3Gd3JsRXuXxigXgCwTG374Y/edit?usp=drivesdk,,,Reviewed,TR-0678,General Support Staff Spring 22-23 — 19-step; routing strategy; 'fewer calls to field'; Morgan co-authored.,Medium
Root/Sequences/23-24SequenceCopy,Copy of DISTRICT_ 1st TOUCH - Morgan Copy.docx,1gctbScWgHwM3VyPqtgMXmwSV6dQSehBC,File,application/vnd.openxmlformats-officedocument.wordprocessingml.document,23-24SequenceCopy,https://docs.google.com/document/d/1gctbScWgHwM3VyPqtgMXmwSV6dQSehBC/edit?usp=drivesdk&ouid=117877075857315698786&rtpof=true&sd=true,Yes,,Duplicate — defer,,,
Root/Sequences/23-24SequenceCopy,Copy of PTA YL 1st Touch_ Morgan.docx,1jYHfVKCYU5mkv4XOEXoxIz-4hAHsHwiK,File,application/vnd.openxmlformats-officedocument.wordprocessingml.document,23-24SequenceCopy,https://docs.google.com/document/d/1jYHfVKCYU5mkv4XOEXoxIz-4hAHsHwiK/edit?usp=drivesdk&ouid=117877075857315698786&rtpof=true&sd=true,,,Reviewed,TR-0683,23-24 ES PTA companion version.,Medium
Root/Sequences/23-24SequenceCopy,Copy of ES YBA YL 1st Touch,1rZisD2Rjy8eJulngrxqBkvHhRF_hRPodZgacFqURuo0,File,application/vnd.google-apps.document,23-24SequenceCopy,https://docs.google.com/document/d/1rZisD2Rjy8eJulngrxqBkvHhRF_hRPodZgacFqURuo0/edit?usp=drivesdk,,,Reviewed,TR-0683,23-24 ES PTA companion version.,Medium
Root/Sequences/23-24SequenceCopy,Copy of MS Principal Spring 22-23,1u3CuY36btaGDKWrtyV9hWpW2uH4jgoTUwi3oxu2XXkI,File,application/vnd.google-apps.document,23-24SequenceCopy,https://docs.google.com/document/d/1u3CuY36btaGDKWrtyV9hWpW2uH4jgoTUwi3oxu2XXkI/edit?usp=drivesdk,Yes,,Duplicate — defer,,,
Root/Sequences/23-24SequenceCopy,Copy of DISTRICT_ 1st TOUCH - Morgan Copy.docx,1yXAuzAHONPzSSHKuobWND-tpOTJ-IYkt,File,application/vnd.openxmlformats-officedocument.wordprocessingml.document,23-24SequenceCopy,https://docs.google.com/document/d/1yXAuzAHONPzSSHKuobWND-tpOTJ-IYkt/edit?usp=drivesdk&ouid=117877075857315698786&rtpof=true&sd=true,,,Reviewed,TR-0683,23-24 ES PTA companion version.,Medium
Root/Sequences/23-24SequenceCopy,Copy of ES Principal Spring 22-23,1rLiG5IeMdk3q0bCXW7rcaexrnn6cDPH7llBe0QzDasw,File,application/vnd.google-apps.document,23-24SequenceCopy,https://docs.google.com/document/d/1rLiG5IeMdk3q0bCXW7rcaexrnn6cDPH7llBe0QzDasw/edit?usp=drivesdk,Yes,,Duplicate — defer,,,
Root/Sequences/23-24SequenceCopy,DISTRICT_ 1st TOUCH - Morgan Copy.docx,1nizJFgjiQm5Eoz3AIA0hsKy1HiwairOo,File,application/vnd.openxmlformats-officedocument.wordprocessingml.document,23-24SequenceCopy,https://docs.google.com/document/d/1nizJFgjiQm5Eoz3AIA0hsKy1HiwairOo/edit?usp=drivesdk&ouid=117877075857315698786&rtpof=true&sd=true,Yes,,Duplicate — defer,,TR-0326,
Root/Sequences/23-24SequenceCopy,DISTRICT_ 1st TOUCH - Morgan Copy.docx,1qb8bEO4yb5MQgt3sSeQrGggVX3pR9bKL,File,application/vnd.openxmlformats-officedocument.wordprocessingml.document,23-24SequenceCopy,https://docs.google.com/document/d/1qb8bEO4yb5MQgt3sSeQrGggVX3pR9bKL/edit?usp=drivesdk&ouid=117877075857315698786&rtpof=true&sd=true,Yes,,Duplicate — defer,,,
Root/Sequences/23-24SequenceCopy,PTA YL 1st Touch_ Morgan.docx,19rrJIqfwvLJHkAHlq5V6MXvs9XfIUHWp,File,application/vnd.openxmlformats-officedocument.wordprocessingml.document,23-24SequenceCopy,https://docs.google.com/document/d/19rrJIqfwvLJHkAHlq5V6MXvs9XfIUHWp/edit?usp=drivesdk&ouid=117877075857315698786&rtpof=true&sd=true,Yes,,Duplicate — defer,,,
Root/Sequences/23-24SequenceCopy,PTA YL 1st Touch_ Morgan.docx,1AhOy4x8zxaErIOwcOZMYi9_B70h3oOmn,File,application/vnd.openxmlformats-officedocument.wordprocessingml.document,23-24SequenceCopy,https://docs.google.com/document/d/1AhOy4x8zxaErIOwcOZMYi9_B70h3oOmn/edit?usp=drivesdk&ouid=117877075857315698786&rtpof=true&sd=true,,,Reviewed,TR-0683,23-24 ES PTA companion version.,Medium
Root/Sequences/22-23SequenceCopy,SDR NURTURE SEQUENCE_ Spring 22-23.docx,12P370xfm8mFrO4pRjcQXOBZj6roDucAO,File,application/vnd.openxmlformats-officedocument.wordprocessingml.document,22-23SequenceCopy,https://docs.google.com/document/d/12P370xfm8mFrO4pRjcQXOBZj6roDucAO/edit?usp=drivesdk&ouid=117877075857315698786&rtpof=true&sd=true,,,Reviewed,TR-0679,Nurture 2nd Semester 22-23 — CC brainstorm; two versions; HTML experiments; Morgan planning. Score: 9.,Medium
Root/Sequences/22-23SequenceCopy,"Morgan_CC_ In Contract, Draft 2 with Thoughts!.docx",1_59Vi0Hp6aXsRq5ptHjT_oaGjfYoFOmW,File,application/vnd.openxmlformats-officedocument.wordprocessingml.document,22-23SequenceCopy,https://docs.google.com/document/d/1_59Vi0Hp6aXsRq5ptHjT_oaGjfYoFOmW/edit?usp=drivesdk&ouid=117877075857315698786&rtpof=true&sd=true,,,Reviewed,TR-0680,In Contract CC-edited — annotated brainstorm notes; every change explained; Morgan’s methodology. Score: 9.,Medium
Root/Sequences/22-23SequenceCopy,"Archive Copy_ 1st Draft CC Edit, In Contract.docx",1FOLXO04F6IpySEEt0XMpoVqQ3VUrMiGE,File,application/vnd.openxmlformats-officedocument.wordprocessingml.document,22-23SequenceCopy,https://docs.google.com/document/d/1FOLXO04F6IpySEEt0XMpoVqQ3VUrMiGE/edit?usp=drivesdk&ouid=117877075857315698786&rtpof=true&sd=true,,,Reviewed,TR-0681,In Contract original — pre-CC edit; companion to TR-0680 showing improvement.,Medium
Root/Sequences/22-23SequenceCopy,Sequence Review_ In Contract (Starts w_ Reply).docx,1CIPmJw_it4Vr-8wQ_9zCHoT7C8Zf1F19,File,application/vnd.openxmlformats-officedocument.wordprocessingml.document,22-23SequenceCopy,https://docs.google.com/document/d/1CIPmJw_it4Vr-8wQ_9zCHoT7C8Zf1F19/edit?usp=drivesdk&ouid=117877075857315698786&rtpof=true&sd=true,,,Reviewed,TR-0682,In Contract CC v2 — alternate Step 1 variants; A/B testing approach.,Medium
Root/Sequences/22-23SequenceCopy,"CC Edit_ Sequence Update, In Contract.docx",1kFmz5eBuBbftWpZTUVAXkLyYASYbU_L8,File,application/vnd.openxmlformats-officedocument.wordprocessingml.document,22-23SequenceCopy,https://docs.google.com/document/d/1kFmz5eBuBbftWpZTUVAXkLyYASYbU_L8/edit?usp=drivesdk&ouid=117877075857315698786&rtpof=true&sd=true,Yes,,Duplicate — defer,,,
Root/Sequences/21-22SequenceCopy,Content Feedback Survey_ May 2022.docx,1rRmFc7_oywjWAW3Ew888XzqEQdXKO9nG,File,application/vnd.openxmlformats-officedocument.wordprocessingml.document,21-22SequenceCopy,https://docs.google.com/document/d/1rRmFc7_oywjWAW3Ew888XzqEQdXKO9nG/edit?usp=drivesdk&ouid=117877075857315698786&rtpof=true&sd=true,,,Reviewed,TR-0292,Survey instrument only (no metrics),
Root/Sequences/21-22SequenceCopy,"Sequence_ Signed up, Didn_t Complete a Book (21-22.docx",1IDyGSLG4Lj8F632kyOv8BF21x5HXenM3,File,application/vnd.openxmlformats-officedocument.wordprocessingml.document,21-22SequenceCopy,https://docs.google.com/document/d/1IDyGSLG4Lj8F632kyOv8BF21x5HXenM3/edit?usp=drivesdk&ouid=117877075857315698786&rtpof=true&sd=true,,,Reviewed,TR-0198,TR-0237,
Root/Sequences/21-22SequenceCopy,ERIKA_ ES - Principal (21-22) (1st Touch) (2nd Sem.docx,18DTDBbRVx_316VlZv6SP2qgcuYvANuuJ,File,application/vnd.openxmlformats-officedocument.wordprocessingml.document,21-22SequenceCopy,https://docs.google.com/document/d/18DTDBbRVx_316VlZv6SP2qgcuYvANuuJ/edit?usp=drivesdk&ouid=117877075857315698786&rtpof=true&sd=true,,,Reviewed,TR-0684,21-22 Principal sequence — 13 emails; Bobby Vidyard; $9M raised; non-commissioned sales reps.,Medium
Root/Sequences/21-22SequenceCopy,ERIKA_ ES - Parent_PTA (21-22) (1st Touch) (2nd Se.docx,13Cfszs3SNbD2eYpanlZQWfpdwGrOlj3V,File,application/vnd.openxmlformats-officedocument.wordprocessingml.document,21-22SequenceCopy,https://docs.google.com/document/d/13Cfszs3SNbD2eYpanlZQWfpdwGrOlj3V/edit?usp=drivesdk&ouid=117877075857315698786&rtpof=true&sd=true,,,Reviewed,TR-0685,21-22 YBA sequence — 15 emails; Tevis/Erika/Bobby/Kristina Vidyards; 'Hello friends!',Medium
Root/Sequences/21-22SequenceCopy,ERIKA_ ES - Teacher (21-22) (1st Touch) (2nd Semes.docx,1vekZenq-XLQuEOeJTNQozPnQtra9W7iU,File,application/vnd.openxmlformats-officedocument.wordprocessingml.document,21-22SequenceCopy,https://docs.google.com/document/d/1vekZenq-XLQuEOeJTNQozPnQtra9W7iU/edit?usp=drivesdk&ouid=117877075857315698786&rtpof=true&sd=true,,,Reviewed,TR-0686,21-22 Advisor sequence — 16 emails; Matt Jones testimonial; Chrissy unboxing.,Medium
Root/Sequences/21-22SequenceCopy,ERIKA_ MS_HS - Teacher (21-22) (1st Touch) (2nd Se.docx,1MBRka3PKXF4ex_U5ATPlXnwzbujLfdPs,File,application/vnd.openxmlformats-officedocument.wordprocessingml.document,21-22SequenceCopy,https://docs.google.com/document/d/1MBRka3PKXF4ex_U5ATPlXnwzbujLfdPs/edit?usp=drivesdk&ouid=117877075857315698786&rtpof=true&sd=true,,,Reviewed,TR-0687,21-22 Spring Advisor — 16 emails; 'your scholars'; collaboration + curriculum focus.,Medium
Root/Sequences/21-22SequenceCopy,ERIKA_ MS_HS - Principal (21-22) (1st Touch) (2nd_.docx,1N0zyt5-eUzTLn36afmA859KP3yiZ4bje,File,application/vnd.openxmlformats-officedocument.wordprocessingml.document,21-22SequenceCopy,https://docs.google.com/document/d/1N0zyt5-eUzTLn36afmA859KP3yiZ4bje/edit?usp=drivesdk&ouid=117877075857315698786&rtpof=true&sd=true,,,Reviewed,TR-0688,21-22 Principal-Admin — 14 emails; superlatives email; '100+ signatures in my yearbook' sign-off.,Medium
Root/Sequences/21-22SequenceCopy,ERIKA_ General Support Staff (21-22) (1st Touch) (.docx,1lo9nFJjVeIgzohRZosHVxWUmv7UsE69x,File,application/vnd.openxmlformats-officedocument.wordprocessingml.document,21-22SequenceCopy,https://docs.google.com/document/d/1lo9nFJjVeIgzohRZosHVxWUmv7UsE69x/edit?usp=drivesdk&ouid=117877075857315698786&rtpof=true&sd=true,Yes,,Duplicate — defer,,TR-0215,
Root/Sequences/21-22SequenceCopy,Spring Sequence Feedback - Tickler and Pods.docx,1mERocAPTziYLNAWFAuPHjPanN-shQ0lZ,File,application/vnd.openxmlformats-officedocument.wordprocessingml.document,21-22SequenceCopy,https://docs.google.com/document/d/1mERocAPTziYLNAWFAuPHjPanN-shQ0lZ/edit?usp=drivesdk&ouid=117877075857315698786&rtpof=true&sd=true,,,Reviewed,TR-0281,TR-0243,
Root/Sequences/21-22SequenceCopy,TRL Event - Sequence Notes.docx,1oXNkJLlzW4HYb9v8f4Ve8idnkgIOT1xv,File,application/vnd.openxmlformats-officedocument.wordprocessingml.document,21-22SequenceCopy,https://docs.google.com/document/d/1oXNkJLlzW4HYb9v8f4Ve8idnkgIOT1xv/edit?usp=drivesdk&ouid=117877075857315698786&rtpof=true&sd=true,,,Reviewed,TR-0340,Planning doc (no metrics),
Root/Sequences/21-22SequenceCopy,"SDR_ Links and PDFs for Prospects, 21-22.docx",1tDV2lHxYNadJ6tecdy0xUM16BR0JJBrC,File,application/vnd.openxmlformats-officedocument.wordprocessingml.document,21-22SequenceCopy,https://docs.google.com/document/d/1tDV2lHxYNadJ6tecdy0xUM16BR0JJBrC/edit?usp=drivesdk&ouid=117877075857315698786&rtpof=true&sd=true,,,Reviewed,TR-0689,Morgan’s 21-22 SDR resource guide — 'heaviest lifters'; videos/PDFs/case studies with editorial opinions.,Medium
Root/Sequences/21-22SequenceCopy,Outreach Sequence List.docx,1UluXYy-v7dP2laDfSJzcYcoP5G0uFTLv,File,application/vnd.openxmlformats-officedocument.wordprocessingml.document,21-22SequenceCopy,https://docs.google.com/document/d/1UluXYy-v7dP2laDfSJzcYcoP5G0uFTLv/edit?usp=drivesdk&ouid=117877075857315698786&rtpof=true&sd=true,,,Reviewed,TR-0115,Master 21-22 sequence taxonomy; Morgan named on Teachers sequences with Stacey; full inbound/outbound/sales cycle library,
Root/Sequences/21-22SequenceCopy,Morgan + CC Deliverables.docx,1YP1BwJnxexQzlCszjK0LUNqM3el1zkbl,File,application/vnd.openxmlformats-officedocument.wordprocessingml.document,21-22SequenceCopy,https://docs.google.com/document/d/1YP1BwJnxexQzlCszjK0LUNqM3el1zkbl/edit?usp=drivesdk&ouid=117877075857315698786&rtpof=true&sd=true,,,Reviewed,TR-0690,Morgan + CC Deliverables tracking doc — 5 linked CC process documents.,Medium
Root/Sequences/19-20SequenceCopy,Task Clean-Up.docx,1zFgifgEayxtgbmPWwcSwY_Kmni7ftm4h,File,application/vnd.openxmlformats-officedocument.wordprocessingml.document,19-20SequenceCopy,https://docs.google.com/document/d/1zFgifgEayxtgbmPWwcSwY_Kmni7ftm4h/edit?usp=drivesdk&ouid=117877075857315698786&rtpof=true&sd=true,,,Reviewed,TR-0331,Task clean-up sequence (not fully read),
Root/Sequences/19-20SequenceCopy,COVID Intro - Message 1 Changes.docx,10arq8E4AIwoFN9EV4-PRMiXZmzgNsSeW,File,application/vnd.openxmlformats-officedocument.wordprocessingml.document,19-20SequenceCopy,https://docs.google.com/document/d/10arq8E4AIwoFN9EV4-PRMiXZmzgNsSeW/edit?usp=drivesdk&ouid=117877075857315698786&rtpof=true&sd=true,Yes,,Duplicate — defer,,TR-0214,
Root/Sequences/19-20SequenceCopy,COVID Intro - Message 1 Changes.docx,11cmqcmTrDC0_Grum9Ip79eqWQ3FxQnU2,File,application/vnd.openxmlformats-officedocument.wordprocessingml.document,19-20SequenceCopy,https://docs.google.com/document/d/11cmqcmTrDC0_Grum9Ip79eqWQ3FxQnU2/edit?usp=drivesdk&ouid=117877075857315698786&rtpof=true&sd=true,,,Reviewed,TR-0700,COVID-19 response email — 5 pandemic features; 'all in this together'. Score: 8.,Medium
Root/Sequences/19-20SequenceCopy,TreeRing and COVID Template.docx,1bpfeR25mV2P-TfGqkSnd6MjEOwRdXVmR,File,application/vnd.openxmlformats-officedocument.wordprocessingml.document,19-20SequenceCopy,https://docs.google.com/document/d/1bpfeR25mV2P-TfGqkSnd6MjEOwRdXVmR/edit?usp=drivesdk&ouid=117877075857315698786&rtpof=true&sd=true,,,Reviewed,TR-0207,TreeRing and COVID template document,
Root/Sequences/19-20SequenceCopy,"Morgan Edit, Hot Zone PTA Reapproach - For Kristin.docx",1JzpZp9iRzykttB8dgFAZTQ0qMgBgRXk5,File,application/vnd.openxmlformats-officedocument.wordprocessingml.document,19-20SequenceCopy,https://docs.google.com/document/d/1JzpZp9iRzykttB8dgFAZTQ0qMgBgRXk5/edit?usp=drivesdk&ouid=117877075857315698786&rtpof=true&sd=true,Yes,,Duplicate — defer,,,
Root/Sequences/19-20SequenceCopy,"Morgan Edit, Hot Zone PTA Reapproach.docx",1bc5o-Pt5JdTf1DGaj3ohHKToWzOqoPCT,File,application/vnd.openxmlformats-officedocument.wordprocessingml.document,19-20SequenceCopy,https://docs.google.com/document/d/1bc5o-Pt5JdTf1DGaj3ohHKToWzOqoPCT/edit?usp=drivesdk&ouid=117877075857315698786&rtpof=true&sd=true,,,Reviewed,TR-0326,HZ PTA reapproach sequence edits (not fully read),
Root/Sequences/19-20SequenceCopy,"Private Advisor, Referred.docx",1vTmP8LMFbqkyL9Q7c74UskfFNzI4l0M4,File,application/vnd.openxmlformats-officedocument.wordprocessingml.document,19-20SequenceCopy,https://docs.google.com/document/d/1vTmP8LMFbqkyL9Q7c74UskfFNzI4l0M4/edit?usp=drivesdk&ouid=117877075857315698786&rtpof=true&sd=true,,,Reviewed,TR-0701,"Referred Private Advisor email — 'Hi Lynn, Suzanne Thompson said...'; 3M trees.",Medium
Root/Sequences/19-20SequenceCopy,"Engaged, Misc. Clean-Up.docx",16FnCzF7DFPn_mU2zxNqW9kvRHcOCSOV_,File,application/vnd.openxmlformats-officedocument.wordprocessingml.document,19-20SequenceCopy,https://docs.google.com/document/d/16FnCzF7DFPn_mU2zxNqW9kvRHcOCSOV_/edit?usp=drivesdk&ouid=117877075857315698786&rtpof=true&sd=true,Yes,,Duplicate — defer,,,
Root/Sequences/19-20SequenceCopy,"Engaged, Misc. Clean-Up.docx",19kIrvqD8nLWKjOonrC_87iweTV5dXFlq,File,application/vnd.openxmlformats-officedocument.wordprocessingml.document,19-20SequenceCopy,https://docs.google.com/document/d/19kIrvqD8nLWKjOonrC_87iweTV5dXFlq/edit?usp=drivesdk&ouid=117877075857315698786&rtpof=true&sd=true,,,Reviewed,TR-0702,19-20 re-approach — calendly.com/morgan-treering; 716.352.9050; blog articles; $3M. Score: 8.,Medium
Root/Sequences/19-20SequenceCopy,"Engaged, Misc. Clean-Up.docx",1_L-FFYBt-iUg0zWilUDgcjFH9IH1HmXC,File,application/vnd.openxmlformats-officedocument.wordprocessingml.document,19-20SequenceCopy,https://docs.google.com/document/d/1_L-FFYBt-iUg0zWilUDgcjFH9IH1HmXC/edit?usp=drivesdk&ouid=117877075857315698786&rtpof=true&sd=true,,,Reviewed,TR-0128,Multi-version re-engagement sequence; spring stress angle; Calendly link confirms calendly.com/morgan-treering era,
Root/Sequences/18-19SequenceCopy,"Dem HS, Late Start.docx",1xmUhlN1TaozOBuj7CZHUw7OjDXGdSMkZ,File,application/vnd.openxmlformats-officedocument.wordprocessingml.document,18-19SequenceCopy,https://docs.google.com/document/d/1xmUhlN1TaozOBuj7CZHUw7OjDXGdSMkZ/edit?usp=drivesdk&ouid=117877075857315698786&rtpof=true&sd=true,,,Reviewed,TR-0329,"Sequence copy — metrics captured in TR-0311 (88% open, 52% reply on 105 prospects)",
Root/Sequences/18-19SequenceCopy,"Dem HS, Late Start.docx",1kvbpblvUDUE0aud-1U18nrx50Wo3ghCc,File,application/vnd.openxmlformats-officedocument.wordprocessingml.document,18-19SequenceCopy,https://docs.google.com/document/d/1kvbpblvUDUE0aud-1U18nrx50Wo3ghCc/edit?usp=drivesdk&ouid=117877075857315698786&rtpof=true&sd=true,,,Reviewed,TR-0703,18-19 1st Touch — 'My name is Morgan'; 1.9M trees; Azle TX HZ; real testimonials. Score: 8.,Medium
Root/Sequences/18-19SequenceCopy,"18-19 HZ Principals, Previously Contacted.docx",1pIk6q9OskJwSzbqumB6r2ReeAPijqHBo,File,application/vnd.openxmlformats-officedocument.wordprocessingml.document,18-19SequenceCopy,https://docs.google.com/document/d/1pIk6q9OskJwSzbqumB6r2ReeAPijqHBo/edit?usp=drivesdk&ouid=117877075857315698786&rtpof=true&sd=true,,,Reviewed,TR-0242,18-19 HZ Principals Previously Contacted sequence (canonical copy),
Root/Sequences/18-19SequenceCopy,"18-19 HZ Principals, Previously Contacted.docx",1HMoMnIAzpiVy2SEF-a-OF4nRvhOzQfMS,File,application/vnd.openxmlformats-officedocument.wordprocessingml.document,18-19SequenceCopy,https://docs.google.com/document/d/1HMoMnIAzpiVy2SEF-a-OF4nRvhOzQfMS/edit?usp=drivesdk&ouid=117877075857315698786&rtpof=true&sd=true,Yes,,Duplicate — defer,,,
Root/Sequences/18-19SequenceCopy,"18-19 HZ Principals, Previously Contacted.docx",1VpE_ntoGJilTLdC-S5bWXXUzKbMkPWnm,File,application/vnd.openxmlformats-officedocument.wordprocessingml.document,18-19SequenceCopy,https://docs.google.com/document/d/1VpE_ntoGJilTLdC-S5bWXXUzKbMkPWnm/edit?usp=drivesdk&ouid=117877075857315698786&rtpof=true&sd=true,,,Reviewed,TR-0704,18-19 Principal Year 1 re-approach — Morgan signed; 2.5M trees; Valentine's Day.,Medium
Root/Sequences/18-19SequenceCopy,"18-19 HZ Principals, 1st Touch.docx",1tBQ4I9JaKOST2sEtQSwpZRP0Dh3BO7vc,File,application/vnd.openxmlformats-officedocument.wordprocessingml.document,18-19SequenceCopy,https://docs.google.com/document/d/1tBQ4I9JaKOST2sEtQSwpZRP0Dh3BO7vc/edit?usp=drivesdk&ouid=117877075857315698786&rtpof=true&sd=true,,,Reviewed,TR-0237,18-19 HZ Principals 1st Touch sequence (canonical copy),
Root/Sequences/18-19SequenceCopy,"18-19 HZ Principals, 1st Touch.docx",1piRobGy6WuV14q3I61E3_z2CdKSbWKK0,File,application/vnd.openxmlformats-officedocument.wordprocessingml.document,18-19SequenceCopy,https://docs.google.com/document/d/1piRobGy6WuV14q3I61E3_z2CdKSbWKK0/edit?usp=drivesdk&ouid=117877075857315698786&rtpof=true&sd=true,Yes,,Duplicate — defer,,,
Root/Sequences/18-19SequenceCopy,"18-19 HZ Principals, 1st Touch.docx",1w83yuBynzccR3azmVYvI5v5XqVa1103H,File,application/vnd.openxmlformats-officedocument.wordprocessingml.document,18-19SequenceCopy,https://docs.google.com/document/d/1w83yuBynzccR3azmVYvI5v5XqVa1103H/edit?usp=drivesdk&ouid=117877075857315698786&rtpof=true&sd=true,,,Reviewed,TR-0704,18-19 Principal 1st Touch — Morgan; {{snippet2}} HZ ref; 'never close our storefront' PS.,Medium
Root/Sequences/18-19SequenceCopy,"18-19 -- HZ Follow-Ups, Spring, Previously Con.docx",1f-p37Sl44d-cQEvKVV0DgN4_5SoV_stI,File,application/vnd.openxmlformats-officedocument.wordprocessingml.document,18-19SequenceCopy,https://docs.google.com/document/d/1f-p37Sl44d-cQEvKVV0DgN4_5SoV_stI/edit?usp=drivesdk&ouid=117877075857315698786&rtpof=true&sd=true,Yes,,Duplicate — defer,,TR-0287,
Root/Sequences/18-19SequenceCopy,"18-19 -- HZ Follow-Ups, Spring, Previously Con.docx",1lwiYNJ9uQNSG-XC8PcGszmYbBA1J94ZJ,File,application/vnd.openxmlformats-officedocument.wordprocessingml.document,18-19SequenceCopy,https://docs.google.com/document/d/1lwiYNJ9uQNSG-XC8PcGszmYbBA1J94ZJ/edit?usp=drivesdk&ouid=117877075857315698786&rtpof=true&sd=true,,,Reviewed,TR-0703,18-19 Azle TX HZ re-engagement — 5 specific schools named; 3 real testimonials.,Medium
Root/Sequences/18-19SequenceCopy,"18-19 -- HZ Follow-Ups, Spring, Previously Contact.docx",1YZs7FBV1aGfWvR_tyHsmNxoPAXTrpG3x,File,application/vnd.openxmlformats-officedocument.wordprocessingml.document,18-19SequenceCopy,https://docs.google.com/document/d/1YZs7FBV1aGfWvR_tyHsmNxoPAXTrpG3x/edit?usp=drivesdk&ouid=117877075857315698786&rtpof=true&sd=true,Yes,,Duplicate — defer,,,
Root/Sequences/18-19SequenceCopy,"18-19 -- HZ Follow-Ups, Spring, Previously Contact.docx",1s5GcUHysB6KsegQNJ0-Eq3Z9Uv-6R8Tl,File,application/vnd.openxmlformats-officedocument.wordprocessingml.document,18-19SequenceCopy,https://docs.google.com/document/d/1s5GcUHysB6KsegQNJ0-Eq3Z9Uv-6R8Tl/edit?usp=drivesdk&ouid=117877075857315698786&rtpof=true&sd=true,,,Reviewed,TR-0215,18-19 HZ Follow-Ups Spring Previously Contacted sequence,
Root/Sequences/18-19SequenceCopy,"_ 18-19 HZ Parent Group, Not Sure If Involved.docx",16_BQq3KzI5TgV7Ld20T_e3nDTHyU2qom,File,application/vnd.openxmlformats-officedocument.wordprocessingml.document,18-19SequenceCopy,https://docs.google.com/document/d/16_BQq3KzI5TgV7Ld20T_e3nDTHyU2qom/edit?usp=drivesdk&ouid=117877075857315698786&rtpof=true&sd=true,,,Reviewed,TR-0243,18-19 HZ Parent Group Not Sure If Involved sequence,
Root/Sequences/18-19SequenceCopy,"_ 18-19 HZ Parent Group, Not Sure If Involved.docx",1A9pYp5-u-hAtp-VrWFaXCMY2GyWevNhn,File,application/vnd.openxmlformats-officedocument.wordprocessingml.document,18-19SequenceCopy,https://docs.google.com/document/d/1A9pYp5-u-hAtp-VrWFaXCMY2GyWevNhn/edit?usp=drivesdk&ouid=117877075857315698786&rtpof=true&sd=true,Yes,,Duplicate — defer,,,
Root/Sequences/18-19SequenceCopy,"_ 18-19 HZ Parent Group, Not Sure If Involved.docx",1JO-avVCqmop3fHSEDKIXql2rnvtYvV1M,File,application/vnd.openxmlformats-officedocument.wordprocessingml.document,18-19SequenceCopy,https://docs.google.com/document/d/1JO-avVCqmop3fHSEDKIXql2rnvtYvV1M/edit?usp=drivesdk&ouid=117877075857315698786&rtpof=true&sd=true,,,Reviewed,TR-0705,18-19 PTO routing — 2 steps; 'Is the PTO involved?'; website-checked first.,Medium
Root/Sequences/18-19SequenceCopy,"18-19 -- HZ Follow-Ups, 1st Touch.docx",1LJqUyNl317B4oG1GARWjFcg74G3Fx47e,File,application/vnd.openxmlformats-officedocument.wordprocessingml.document,18-19SequenceCopy,https://docs.google.com/document/d/1LJqUyNl317B4oG1GARWjFcg74G3Fx47e/edit?usp=drivesdk&ouid=117877075857315698786&rtpof=true&sd=true,Yes,,Duplicate — defer,,TR-0327,
Root/Sequences/18-19SequenceCopy,"18-19 -- HZ Follow-Ups, 1st Touch.docx",1uQBAWDC80KbQ_TIHE2dLAJltZ5YwyD-B,File,application/vnd.openxmlformats-officedocument.wordprocessingml.document,18-19SequenceCopy,https://docs.google.com/document/d/1uQBAWDC80KbQ_TIHE2dLAJltZ5YwyD-B/edit?usp=drivesdk&ouid=117877075857315698786&rtpof=true&sd=true,,,Reviewed,TR-0706,Carrollton TX HZ — 5 named schools; 3 real testimonials (Anne Richardson 'FABULOUS!!!'); Morgan signed.,Medium
Root/Sequences/18-19SequenceCopy,"18-19 -- HZ Follow-Ups, 1st Touch.docx",1KaW1FDS26mLFF8Cg9ahiyTtvmbON6Zw7,File,application/vnd.openxmlformats-officedocument.wordprocessingml.document,18-19SequenceCopy,https://docs.google.com/document/d/1KaW1FDS26mLFF8Cg9ahiyTtvmbON6Zw7/edit?usp=drivesdk&ouid=117877075857315698786&rtpof=true&sd=true,Yes,,Duplicate — defer,,TR-0160,
Root/Sequences/18-19SequenceCopy,"18-19 -- HZ Follow-Ups, 1st Touch.docx",1R7k6f1JIG5VMQSixaAc2GOeMhYcIvzXP,File,application/vnd.openxmlformats-officedocument.wordprocessingml.document,18-19SequenceCopy,https://docs.google.com/document/d/1R7k6f1JIG5VMQSixaAc2GOeMhYcIvzXP/edit?usp=drivesdk&ouid=117877075857315698786&rtpof=true&sd=true,,,Reviewed,TR-0214,18-19 HZ Follow-Ups 1st Touch sequence (canonical copy),
Root/Sequences/18-19SequenceCopy,"_ 18-19 Private School Principals, 1st Touch.docx",1VIGy65LSwDphhA48kEdOjeUlf-1QXU1M,File,application/vnd.openxmlformats-officedocument.wordprocessingml.document,18-19SequenceCopy,https://docs.google.com/document/d/1VIGy65LSwDphhA48kEdOjeUlf-1QXU1M/edit?usp=drivesdk&ouid=117877075857315698786&rtpof=true&sd=true,Yes,,Duplicate — defer,,,
Root/Sequences/18-19SequenceCopy,"_ 18-19 Private School Principals, 1st Touch.docx",1fohVl2anZb1QFDpPJD2X-YeEMrT3qXxf,File,application/vnd.openxmlformats-officedocument.wordprocessingml.document,18-19SequenceCopy,https://docs.google.com/document/d/1fohVl2anZb1QFDpPJD2X-YeEMrT3qXxf/edit?usp=drivesdk&ouid=117877075857315698786&rtpof=true&sd=true,,,Reviewed,TR-0707,Private school sequence — 'My son goes to a private school as well'; supplemental YB; $3M raised. Score: 8.,Medium
Root/Sequences/18-19SequenceCopy,"_ 18-19 Private School Principals, 1st Touch.docx",1cRxJfu-VLnGbfwNltNFgUG9lA7uPYfa7,File,application/vnd.openxmlformats-officedocument.wordprocessingml.document,18-19SequenceCopy,https://docs.google.com/document/d/1cRxJfu-VLnGbfwNltNFgUG9lA7uPYfa7/edit?usp=drivesdk&ouid=117877075857315698786&rtpof=true&sd=true,Yes,,Duplicate — defer,,,
Root/Sequences/18-19SequenceCopy,"_ 18-19 Private School Principals, 1st Touch.docx",1knnaBUYy6OQcu4t1E_77FKFNGxfcv392,File,application/vnd.openxmlformats-officedocument.wordprocessingml.document,18-19SequenceCopy,https://docs.google.com/document/d/1knnaBUYy6OQcu4t1E_77FKFNGxfcv392/edit?usp=drivesdk&ouid=117877075857315698786&rtpof=true&sd=true,,,Reviewed,TR-0707,Private school companion version — same content as TR-0707.,Medium
Root/Sequences/18-19SequenceCopy,"18-19 Private Intro -- Elem_Lower, Confirmed, .docx",15D7eYgFHvst7BO0xaWBwBm_vJGc_NIUe,File,application/vnd.openxmlformats-officedocument.wordprocessingml.document,18-19SequenceCopy,https://docs.google.com/document/d/15D7eYgFHvst7BO0xaWBwBm_vJGc_NIUe/edit?usp=drivesdk&ouid=117877075857315698786&rtpof=true&sd=true,Yes,,Duplicate — defer,,TR-0315,
Root/Sequences/18-19SequenceCopy,"18-19 Private Intro -- Elem_Lower, Confirmed, .docx",1XZarCnjN9ow5W28tnNl2zDaDm2r-4lyD,File,application/vnd.openxmlformats-officedocument.wordprocessingml.document,18-19SequenceCopy,https://docs.google.com/document/d/1XZarCnjN9ow5W28tnNl2zDaDm2r-4lyD/edit?usp=drivesdk&ouid=117877075857315698786&rtpof=true&sd=true,,,Reviewed,TR-0708,Advisor sequence — 'THOUGHTS FOR NEXT TIME: best of the best campaign for 19-20!' Score: 8.,Medium
Root/Sequences/18-19SequenceCopy,"18-19 Private Intro -- Elem_Lower, Confirmed, Mana.docx",1AfKcjkx84h5_XUuaZDK0jMTvTTjrBAji,File,application/vnd.openxmlformats-officedocument.wordprocessingml.document,18-19SequenceCopy,https://docs.google.com/document/d/1AfKcjkx84h5_XUuaZDK0jMTvTTjrBAji/edit?usp=drivesdk&ouid=117877075857315698786&rtpof=true&sd=true,Yes,,Duplicate — defer,,,
Root/Sequences/18-19SequenceCopy,"18-19 Private Intro -- Elem_Lower, Confirmed, Mana.docx",1rgTgrFQ2638jk8XDIKoCvTO5KkXwjX2Y,File,application/vnd.openxmlformats-officedocument.wordprocessingml.document,18-19SequenceCopy,https://docs.google.com/document/d/1rgTgrFQ2638jk8XDIKoCvTO5KkXwjX2Y/edit?usp=drivesdk&ouid=117877075857315698786&rtpof=true&sd=true,,,Reviewed,TR-0708,Advisor sequence companion — same THOUGHTS FOR NEXT TIME note.,Medium
Root/Sequences/18-19SequenceCopy,"18-19 Private Intro -- Elem_Lower, Confirmed, .docx",1e-cmxvlMkuTrAmawxGW7VIRNjwbk6jcA,File,application/vnd.openxmlformats-officedocument.wordprocessingml.document,18-19SequenceCopy,https://docs.google.com/document/d/1e-cmxvlMkuTrAmawxGW7VIRNjwbk6jcA/edit?usp=drivesdk&ouid=117877075857315698786&rtpof=true&sd=true,,,Reviewed,TR-0708,Advisor sequence companion — same structure.,Medium
Root/Sequences/18-19SequenceCopy,"18-19 Private Intro -- Elem_Lower, Confirmed, Mana(1).docx",1JNM_9OybBwmLf5c7Od5_wmqcU6pl9dFz,File,application/vnd.openxmlformats-officedocument.wordprocessingml.document,18-19SequenceCopy,https://docs.google.com/document/d/1JNM_9OybBwmLf5c7Od5_wmqcU6pl9dFz/edit?usp=drivesdk&ouid=117877075857315698786&rtpof=true&sd=true,,,Reviewed,TR-0708,Advisor sequence companion — same structure.,Medium
Root/Sequences/18-19SequenceCopy,"18-19 Private Intro -- Parent Group, Not Sure .docx",1cW7pT7A2BvE0MWg_tRY8z3GCWZt2oPkN,File,application/vnd.openxmlformats-officedocument.wordprocessingml.document,18-19SequenceCopy,https://docs.google.com/document/d/1cW7pT7A2BvE0MWg_tRY8z3GCWZt2oPkN/edit?usp=drivesdk&ouid=117877075857315698786&rtpof=true&sd=true,,,Reviewed,TR-0709,PTO routing 2-step — website-checked first; '{{snippet3}}' variable.,Medium
Root/Sequences/18-19SequenceCopy,"18-19 Private Intro -- Office, Can_t Confirm A.docx",1iHwDa8hOa8E2iX2s-sc5LAommNnChh4F,File,application/vnd.openxmlformats-officedocument.wordprocessingml.document,18-19SequenceCopy,https://docs.google.com/document/d/1iHwDa8hOa8E2iX2s-sc5LAommNnChh4F/edit?usp=drivesdk&ouid=117877075857315698786&rtpof=true&sd=true,,,Reviewed,TR-0710,Office staff routing — 'IDEAS FOR NEXT TIME: Come across as a real person.' Score: 7.,Medium
Root/Sequences/18-19SequenceCopy,"18-19 Private Intro -- Office, Can_t Confirm Anyon.docx",1dqsyAyd6z32NS84sSkWtStpMJrw6316x,File,application/vnd.openxmlformats-officedocument.wordprocessingml.document,18-19SequenceCopy,https://docs.google.com/document/d/1dqsyAyd6z32NS84sSkWtStpMJrw6316x/edit?usp=drivesdk&ouid=117877075857315698786&rtpof=true&sd=true,Yes,,Duplicate — defer,,,
Root/Sequences/18-19SequenceCopy,"18-19 Private Intro -- Office, Can_t Confirm Anyon.docx",1oJcg9nYfft0IoEVCt0hBtDYEmbH2Wi-3,File,application/vnd.openxmlformats-officedocument.wordprocessingml.document,18-19SequenceCopy,https://docs.google.com/document/d/1oJcg9nYfft0IoEVCt0hBtDYEmbH2Wi-3/edit?usp=drivesdk&ouid=117877075857315698786&rtpof=true&sd=true,,,Reviewed,TR-0711,Office staff routing companion — same as TR-0710.,Medium
Root/Sequences/18-19SequenceCopy,"18-19 Private Intro -- Middle_High_Upper_K-12,.docx",1avjfDVJEW4Epl8jOAfdjS5rDkjmiGrWH,File,application/vnd.openxmlformats-officedocument.wordprocessingml.document,18-19SequenceCopy,https://docs.google.com/document/d/1avjfDVJEW4Epl8jOAfdjS5rDkjmiGrWH/edit?usp=drivesdk&ouid=117877075857315698786&rtpof=true&sd=true,,,Reviewed,TR-0712,"Advisor follow-up — 'emailed admins earlier, saw you might be involved directly'; 4 steps.",Medium
Root/Sequences/18-19SequenceCopy,"18-19 Private Intro -- Middle_High_Upper_K-12, Con.docx",1PwufC6MVCfHmm5D1mhsr9e2BFgLqqeSF,File,application/vnd.openxmlformats-officedocument.wordprocessingml.document,18-19SequenceCopy,https://docs.google.com/document/d/1PwufC6MVCfHmm5D1mhsr9e2BFgLqqeSF/edit?usp=drivesdk&ouid=117877075857315698786&rtpof=true&sd=true,,,Reviewed,TR-0712,Advisor follow-up companion — same content as TR-0712.,Medium
Root/Sequences/2nd Semester Sequences_ CC (2021-2022),"2nd Semester Sequence Review, 21-22.xlsx",1AZ1sVWlK0xBYdtW5zXH-yKpENtKDOciv,File,application/vnd.openxmlformats-officedocument.spreadsheetml.sheet,2nd Semester Sequences_ CC (2021-2022),https://docs.google.com/spreadsheets/d/1AZ1sVWlK0xBYdtW5zXH-yKpENtKDOciv/edit?usp=drivesdk&ouid=117877075857315698786&rtpof=true&sd=true,,,Reviewed,TR-0287,TR-0089,
Root/Persist Backups/Soapbox,Screen Shot 2019-06-21 at 10.49.37 AM.png,1WhqcARX5S4e0Jh-c16N0UQi5JPwKDbpv,File,image/png,Soapbox,https://drive.google.com/file/d/1WhqcARX5S4e0Jh-c16N0UQi5JPwKDbpv/view?usp=drivesdk,,,Reviewed,TR-0765,SalesLoft email editor: Soapbox video email draft; 'Made this video for you!'; signed Morgan,Medium
"Root/Persist Backups/Dem HS, Late Start",Screen Shot 2019-06-21 at 10.44.39 AM.png,1PKD52oltIl3FWQ5hZ8uhU8p6CUyNba5V,File,image/png,"Dem HS, Late Start",https://drive.google.com/file/d/1PKD52oltIl3FWQ5hZ8uhU8p6CUyNba5V/view?usp=drivesdk,,,Reviewed,TR-0751,"SalesLoft analytics: Dem HS Late Start steps 6-8; step 8: 47 sent, 53% open, 11% reply",Medium
"Root/Persist Backups/Dem HS, Late Start",Screen Shot 2019-06-21 at 10.44.33 AM.png,16K1bXjwengzDMOIwOqn-ZKzhsIzg2QLi,File,image/png,"Dem HS, Late Start",https://drive.google.com/file/d/16K1bXjwengzDMOIwOqn-ZKzhsIzg2QLi/view?usp=drivesdk,Yes,,Duplicate — defer,,,
"Root/Persist Backups/Dem HS, Late Start",Screen Shot 2019-06-21 at 10.44.33 AM.png,1QriWnFhX-Tm_1_J8xyUd0w7cpogT6MbT,File,image/png,"Dem HS, Late Start",https://drive.google.com/file/d/1QriWnFhX-Tm_1_J8xyUd0w7cpogT6MbT/view?usp=drivesdk,,,Reviewed,TR-0751,SalesLoft analytics: Dem HS Late Start (companion screenshot),Medium
"Root/Persist Backups/Dem HS, Late Start",Screen Shot 2019-06-21 at 10.44.26 AM.png,1HV1sqvWGJHk6LM5_vKmSNUFOa7zZApGt,File,image/png,"Dem HS, Late Start",https://drive.google.com/file/d/1HV1sqvWGJHk6LM5_vKmSNUFOa7zZApGt/view?usp=drivesdk,Yes,,Duplicate — defer,,,
"Root/Persist Backups/Dem HS, Late Start",Screen Shot 2019-06-21 at 10.44.26 AM.png,1aFvjWT2cPIJYVV2DG0uwxfCY0bsGaYoM,File,image/png,"Dem HS, Late Start",https://drive.google.com/file/d/1aFvjWT2cPIJYVV2DG0uwxfCY0bsGaYoM/view?usp=drivesdk,,,Reviewed,TR-0751,SalesLoft analytics: Dem HS Late Start (companion screenshot),Medium
Root/Persist Backups/Button Test,Button Test code.docx,1GXTw0mIxJnktY6K9va-aiMCILZ-clC7Y,File,application/vnd.openxmlformats-officedocument.wordprocessingml.document,Button Test,https://docs.google.com/document/d/1GXTw0mIxJnktY6K9va-aiMCILZ-clC7Y/edit?usp=drivesdk&ouid=117877075857315698786&rtpof=true&sd=true,,,Reviewed,TR-0327,Persist email template with embedded calendar button code — screenshot,
Root/Persist Backups/Button Test,Screen Shot 2019-06-21 at 10.26.45 AM.png,1VZSIAntUiCbu4b8MKkRwPbGCASJuGNUc,File,image/png,Button Test,https://drive.google.com/file/d/1VZSIAntUiCbu4b8MKkRwPbGCASJuGNUc/view?usp=drivesdk,,,Reviewed,TR-0228,SalesLoft button/calendar link test email template screenshot,
Root/Persist Backups/Wake Summer 2019,Wake Summer 2019 Event Emails.docx,1lbfb61R5jsr7jJsmoX2tPCEh4mxb75xm,File,application/vnd.openxmlformats-officedocument.wordprocessingml.document,Wake Summer 2019,https://docs.google.com/document/d/1lbfb61R5jsr7jJsmoX2tPCEh4mxb75xm/edit?usp=drivesdk&ouid=117877075857315698786&rtpof=true&sd=true,,,Reviewed,TR-0160,Sequence screenshot (pairs with verified 73%/25% open/reply metrics),
Root/Persist Backups/Wake Summer 2019,Screen Shot 2019-06-21 at 10.18.43 AM.png,1Hucg2Q_glVZMU00W3W9r-unnHfivKvgF,File,image/png,Wake Summer 2019,https://drive.google.com/file/d/1Hucg2Q_glVZMU00W3W9r-unnHfivKvgF/view?usp=drivesdk,,,Reviewed,TR-0749,SalesLoft analytics screenshot: Wake County PTA summer 2019 outreach,Low
Root/Persist Backups/Wake Summer 2019,"Wake County PTA -- May 2019 -- ES, Did not see.docx",1Z7Kt8O4M3hiDiJ6ZiSiwgoKT7xWP50ro,File,application/vnd.openxmlformats-officedocument.wordprocessingml.document,Wake Summer 2019,https://docs.google.com/document/d/1Z7Kt8O4M3hiDiJ6ZiSiwgoKT7xWP50ro/edit?usp=drivesdk&ouid=117877075857315698786&rtpof=true&sd=true,Yes,,Duplicate — defer,,,
Root/Persist Backups/Wake Summer 2019,"Wake County PTA -- May 2019 -- ES, Did not see.docx",1nJlWMbW7AlrLMYeVrOV7nBtKVwFyv3hH,File,application/vnd.openxmlformats-officedocument.wordprocessingml.document,Wake Summer 2019,https://docs.google.com/document/d/1nJlWMbW7AlrLMYeVrOV7nBtKVwFyv3hH/edit?usp=drivesdk&ouid=117877075857315698786&rtpof=true&sd=true,,,Reviewed,TR-0157,"Duplicate of Wake County PTA May 2019 email sequence (second copy, see DF-0083)",
Root/Persist Backups/Wake Summer 2019,Wake_County_PTA____May_2019____ES__Did_not_see_.csv,1KF3XRse2EKToKfmYBjcAL1ExJMgTyOmI,File,text/csv,Wake Summer 2019,https://drive.google.com/file/d/1KF3XRse2EKToKfmYBjcAL1ExJMgTyOmI/view?usp=drivesdk,Yes,,Duplicate — defer,,,
Root/Persist Backups/Wake Summer 2019,Wake_County_PTA____May_2019____ES__Did_not_see_.csv,1oWCFQLkcISRaaKZk77V1XBhFU_aIfdNK,File,text/csv,Wake Summer 2019,https://drive.google.com/file/d/1oWCFQLkcISRaaKZk77V1XBhFU_aIfdNK/view?usp=drivesdk,,,Reviewed,TR-0749,"SalesLoft export: 73 Wake County ES PTA contacts; 9 engaged; values up to $14,729",Low
Root/Persist Backups/Wake Summer 2019,WakeMay19_SampleRequests.pdf,1uy8UVn1ECmq5uTgO0jVc_83SHgpcnm7C,File,application/pdf,Wake Summer 2019,https://drive.google.com/file/d/1uy8UVn1ECmq5uTgO0jVc_83SHgpcnm7C/view?usp=drivesdk,,,Reviewed,TR-0315,"7 physical sample requests from Wake County PTA event May 2019: Lincoln Heights ES (Treasurer), Knightdale Elem, others",
Root/Persist Backups/Unresponsive Sample Leads,Screen Shot 2019-06-21 at 10.08.42 AM.png,1mPAHctjj1404ki_jNJXR68vsXg-K6J3x,File,image/png,Unresponsive Sample Leads,https://drive.google.com/file/d/1mPAHctjj1404ki_jNJXR68vsXg-K6J3x/view?usp=drivesdk,Yes,,Duplicate — defer,,,
Root/Persist Backups/Unresponsive Sample Leads,Screen Shot 2019-06-21 at 10.08.42 AM.png,1rBwR4wxsBjkvD4Qf6cl7Y4WDN6M7PoT3,File,image/png,Unresponsive Sample Leads,https://drive.google.com/file/d/1rBwR4wxsBjkvD4Qf6cl7Y4WDN6M7PoT3/view?usp=drivesdk,,,Reviewed,TR-0741,"SalesLoft analytics: Unresponsive Sample Leads; step 1: 13 sent, 77% open, 15% reply",Low
Root/Persist Backups/Unresponsive Sample Leads,Screen Shot 2019-06-21 at 10.08.33 AM.png,1y5XQ5XiUCVxkAEB8WVjHxW_xuiobGwHw,File,image/png,Unresponsive Sample Leads,https://drive.google.com/file/d/1y5XQ5XiUCVxkAEB8WVjHxW_xuiobGwHw/view?usp=drivesdk,,,Reviewed,TR-0741,SalesLoft analytics: Unresponsive Sample Leads (companion screenshot),Low
Root/Persist Backups/Unresponsive Sample Leads,Screen Shot 2019-06-21 at 10.08.21 AM.png,137-YlENdZbc_DokC8897w4o_yM349oeF,File,image/png,Unresponsive Sample Leads,https://drive.google.com/file/d/137-YlENdZbc_DokC8897w4o_yM349oeF/view?usp=drivesdk,,,Reviewed,TR-0741,SalesLoft analytics: Unresponsive Sample Leads (companion screenshot),Low
Root/Persist Backups/Unresponsive Sample Leads,Unresponsive Sample Leads.docx,1ypJ0d4-oEtQJCr2FefULkFRAZySrxFsI,File,application/vnd.openxmlformats-officedocument.wordprocessingml.document,Unresponsive Sample Leads,https://docs.google.com/document/d/1ypJ0d4-oEtQJCr2FefULkFRAZySrxFsI/edit?usp=drivesdk&ouid=117877075857315698786&rtpof=true&sd=true,,,Reviewed,TR-0741,3-email re-engagement for unresponsive sample leads; variants incl. 'Anything we can do?',Low
Root/Sequences/2nd Semester Sequences_ CC (2021-2022)/Erika Archive,ERIKA_ ES - Parent_PTA (21-22) (1st Touch) (2nd Se.docx,1hI98_ir-5lrEAFa9vtrxyQHeWOuQAcbH,File,application/vnd.openxmlformats-officedocument.wordprocessingml.document,Erika Archive,https://docs.google.com/document/d/1hI98_ir-5lrEAFa9vtrxyQHeWOuQAcbH/edit?usp=drivesdk&ouid=117877075857315698786&rtpof=true&sd=true,,,Reviewed,TR-0088,Written by Erika (Marketing); saved/reviewed by Morgan — context for CC rewrite,
Root/Sequences/2nd Semester Sequences_ CC (2021-2022)/Erika Archive,ERIKA_ MS_HS - Teacher (21-22) (1st Touch) (2nd Se.docx,1yjqKamzwwoD0OFPMa7Y5g421LlOf5xcz,File,application/vnd.openxmlformats-officedocument.wordprocessingml.document,Erika Archive,https://docs.google.com/document/d/1yjqKamzwwoD0OFPMa7Y5g421LlOf5xcz/edit?usp=drivesdk&ouid=117877075857315698786&rtpof=true&sd=true,,,Reviewed,TR-0093,TR-0238,
Root/Sequences/2nd Semester Sequences_ CC (2021-2022)/Erika Archive,ERIKA_ MS_HS - Principal (21-22) (1st Touch) (2nd_.html,1Q8nb4Is-leivE7WzADdna-fRqbsbkQZc,File,text/html,Erika Archive,https://drive.google.com/file/d/1Q8nb4Is-leivE7WzADdna-fRqbsbkQZc/view?usp=drivesdk,,,Skip — not reviewable,TR-0674,Erika Archive file — unsupported MIME type.,Medium
Root/Sequences/2nd Semester Sequences_ CC (2021-2022)/Erika Archive,ERIKA_ MS_HS - Principal (21-22) (1st Touch) (2nd_.docx,1y1kB7dukmkcAebRASbs36SG5CQkJqDKf,File,application/vnd.openxmlformats-officedocument.wordprocessingml.document,Erika Archive,https://docs.google.com/document/d/1y1kB7dukmkcAebRASbs36SG5CQkJqDKf/edit?usp=drivesdk&ouid=117877075857315698786&rtpof=true&sd=true,,,Reviewed,TR-0092,Erika (Marketing) authorship; 16-email MS/HS Principal sequence Day 1-80; academic tone,
Root/Sequences/2nd Semester Sequences_ CC (2021-2022)/Erika Archive,ERIKA_ General Support Staff (21-22) (1st Touch) (.docx,1VxyZR1qTkIvZVy60BcMY6BpD8yUuyEcZ,File,application/vnd.openxmlformats-officedocument.wordprocessingml.document,Erika Archive,https://docs.google.com/document/d/1VxyZR1qTkIvZVy60BcMY6BpD8yUuyEcZ/edit?usp=drivesdk&ouid=117877075857315698786&rtpof=true&sd=true,,,Reviewed,TR-0091,Erika (Marketing) authorship; 12-email General Support sequence Day 1-70; referral-ask focus,
Root/Sequences/2nd Semester Sequences_ CC (2021-2022)/Erika Archive,ERIKA_ ES - Teacher (21-22) (1st Touch) (2nd Semes.docx,1i9vA-earzX5rvSlv-u7lnjauSY_Z7d4Y,File,application/vnd.openxmlformats-officedocument.wordprocessingml.document,Erika Archive,https://docs.google.com/document/d/1i9vA-earzX5rvSlv-u7lnjauSY_Z7d4Y/edit?usp=drivesdk&ouid=117877075857315698786&rtpof=true&sd=true,,,Reviewed,TR-0090,Erika (Marketing) authorship; 15-email ES Teacher sequence Day 1-77; casual first_name tone; design-focused,
Root/Sequences/2nd Semester Sequences_ CC (2021-2022)/Erika Archive,ERIKA_ ES - Principal (21-22) (1st Touch) (2nd Sem.docx,1fxxoSY7x38PuTaSa8tEMV8hc8plE-LiR,File,application/vnd.openxmlformats-officedocument.wordprocessingml.document,Erika Archive,https://docs.google.com/document/d/1fxxoSY7x38PuTaSa8tEMV8hc8plE-LiR/edit?usp=drivesdk&ouid=117877075857315698786&rtpof=true&sd=true,,,Reviewed,TR-0089,Erika (Marketing) authorship; 13-email ES Principal sequence Day 1-78; formal title/last_name tone; cost + sustainability,
Root/Persist Backups/Soapbox/Soapbox,Soapbox Video Test.docx,1qfRW4278BYsXH3BgaCicsjcmeGnOmZdo,File,application/vnd.openxmlformats-officedocument.wordprocessingml.document,Soapbox,https://docs.google.com/document/d/1qfRW4278BYsXH3BgaCicsjcmeGnOmZdo/edit?usp=drivesdk&ouid=117877075857315698786&rtpof=true&sd=true,,,Reviewed,TR-0328,Soapbox personalized video email template screenshot (not a campaign analytics screenshot),
"Root/Persist Backups/Local/Local, Office",Local Schools -- Office.docx,1cAD6hsV-9NROlzkrv8zXloU5urWN_v6z,File,application/vnd.openxmlformats-officedocument.wordprocessingml.document,"Local, Office",https://docs.google.com/document/d/1cAD6hsV-9NROlzkrv8zXloU5urWN_v6z/edit?usp=drivesdk&ouid=117877075857315698786&rtpof=true&sd=true,,,Reviewed,TR-0744,Local IST office outreach; 'I live close to the school'; drop-off sample offer,Medium
"Root/Persist Backups/Local/Local, Office",Screen Shot 2019-06-21 at 9.15.51 AM.png,1TJOvwPVYCbzYcGpLxoQ3iqWEPlvWupkv,File,image/png,"Local, Office",https://drive.google.com/file/d/1TJOvwPVYCbzYcGpLxoQ3iqWEPlvWupkv/view?usp=drivesdk,,,Reviewed,TR-0744,SalesLoft analytics: Local Office sequence (companion screenshot),Medium
"Root/Persist Backups/Local/Local, Yearbook Advisor",Local Schools -- Yearbook Advisors.docx,1Zi2oBJKZ-s3F1lXz7F50ITI2waXQcQMB,File,application/vnd.openxmlformats-officedocument.wordprocessingml.document,"Local, Yearbook Advisor",https://docs.google.com/document/d/1Zi2oBJKZ-s3F1lXz7F50ITI2waXQcQMB/edit?usp=drivesdk&ouid=117877075857315698786&rtpof=true&sd=true,,,Reviewed,TR-0742,"Local IST outreach email; '4 years,' '3M trees,' '10K customers'; signed Morgan",Medium
"Root/Persist Backups/Local/Local, Yearbook Advisor",Screen Shot 2019-06-21 at 9.13.33 AM.png,1cN8YdXEbnmr1eCrUKq5JCVMxOq1uF8ee,File,image/png,"Local, Yearbook Advisor",https://drive.google.com/file/d/1cN8YdXEbnmr1eCrUKq5JCVMxOq1uF8ee/view?usp=drivesdk,,,Reviewed,TR-0742,SalesLoft analytics: Local YB Advisor sequence (companion screenshot),Medium
"Root/Persist Backups/Local/Local Schools -- Parent Org, Not sure if handles Y","Local Schools -- Parent Org, Not sure if handl.docx",1OAY-476pj0y0pfBAIuTEml7dV5cz28LP,File,application/vnd.openxmlformats-officedocument.wordprocessingml.document,"Local Schools -- Parent Org, Not sure if handles Y",https://docs.google.com/document/d/1OAY-476pj0y0pfBAIuTEml7dV5cz28LP/edit?usp=drivesdk&ouid=117877075857315698786&rtpof=true&sd=true,Yes,,Duplicate — defer,,,
"Root/Persist Backups/Local/Local Schools -- Parent Org, Not sure if handles Y","Local Schools -- Parent Org, Not sure if handl.docx",1YXTOgAicQj0t19vm5pVrq9JP0hLuuk9a,File,application/vnd.openxmlformats-officedocument.wordprocessingml.document,"Local Schools -- Parent Org, Not sure if handles Y",https://docs.google.com/document/d/1YXTOgAicQj0t19vm5pVrq9JP0hLuuk9a/edit?usp=drivesdk&ouid=117877075857315698786&rtpof=true&sd=true,,,Reviewed,TR-0745,Local IST parent org outreach (unclear YB involvement); segmentation evidence,Medium
"Root/Persist Backups/Local/Local Schools -- Parent Org, Not sure if handles Y",Screen Shot 2019-06-21 at 9.18.22 AM.png,1hFyQda5eMtl1fTIP6yuFpItTiRw2lcDU,File,image/png,"Local Schools -- Parent Org, Not sure if handles Y",https://drive.google.com/file/d/1hFyQda5eMtl1fTIP6yuFpItTiRw2lcDU/view?usp=drivesdk,,,Reviewed,TR-0745,SalesLoft analytics: Local Parent Org Not Sure (companion screenshot),Medium
"Root/Persist Backups/Local/Local, Principals with Assitant CC_d",Local Schools -- Principals (Assistant Princip.docx,1STD0i0FYxcf6fqE4OJs_wDK7GEVogF6s,File,application/vnd.openxmlformats-officedocument.wordprocessingml.document,"Local, Principals with Assitant CC_d",https://docs.google.com/document/d/1STD0i0FYxcf6fqE4OJs_wDK7GEVogF6s/edit?usp=drivesdk&ouid=117877075857315698786&rtpof=true&sd=true,Yes,,Duplicate — defer,,,
"Root/Persist Backups/Local/Local, Principals with Assitant CC_d",Local Schools -- Principals (Assistant Princip.docx,1Ywm2q8_hF_oMOrzxCO57zgPemybNvi0z,File,application/vnd.openxmlformats-officedocument.wordprocessingml.document,"Local, Principals with Assitant CC_d",https://docs.google.com/document/d/1Ywm2q8_hF_oMOrzxCO57zgPemybNvi0z/edit?usp=drivesdk&ouid=117877075857315698786&rtpof=true&sd=true,,,Reviewed,TR-0743,2-email local principal pitch; full value prop; calendly.com/morgan-treering,Medium
"Root/Persist Backups/Local/Local, Principals with Assitant CC_d",Screen Shot 2019-06-21 at 9.20.38 AM.png,1-oVo3rwbKn4HzPcaIyVcZjI6UU8fI-fP,File,image/png,"Local, Principals with Assitant CC_d",https://drive.google.com/file/d/1-oVo3rwbKn4HzPcaIyVcZjI6UU8fI-fP/view?usp=drivesdk,,,Reviewed,TR-0743,SalesLoft analytics: Local Principals sequence (companion screenshot),Medium
"Root/Persist Backups/Local/Local -- Parent Org, Handles YB","Local Schools -- Parent Org, Handles YB.docx",1BL5q2kDfOYhdbdHXkz9sId7zKGMU1Jdp,File,application/vnd.openxmlformats-officedocument.wordprocessingml.document,"Local -- Parent Org, Handles YB",https://docs.google.com/document/d/1BL5q2kDfOYhdbdHXkz9sId7zKGMU1Jdp/edit?usp=drivesdk&ouid=117877075857315698786&rtpof=true&sd=true,Yes,,Duplicate — defer,,,
"Root/Persist Backups/Local/Local -- Parent Org, Handles YB","Local Schools -- Parent Org, Handles YB.docx",1DkJ3NjmcG5X_NhCILZmBAcTxqGI5uOhS,File,application/vnd.openxmlformats-officedocument.wordprocessingml.document,"Local -- Parent Org, Handles YB",https://docs.google.com/document/d/1DkJ3NjmcG5X_NhCILZmBAcTxqGI5uOhS/edit?usp=drivesdk&ouid=117877075857315698786&rtpof=true&sd=true,,,Reviewed,TR-0746,"Local IST parent org pitch (confirmed YB); '3M trees,' '10K customers'",Medium
"Root/Persist Backups/Local/Local -- Parent Org, Handles YB",Screen Shot 2019-06-21 at 9.11.03 AM.png,1qy_4gKdV-39FiY97sxFCeTDmradTs0xk,File,image/png,"Local -- Parent Org, Handles YB",https://drive.google.com/file/d/1qy_4gKdV-39FiY97sxFCeTDmradTs0xk/view?usp=drivesdk,Yes,,Duplicate — defer,,,
"Root/Persist Backups/Local/Local -- Parent Org, Handles YB",Screen Shot 2019-06-21 at 9.11.03 AM.png,1swZlbM8a9FVBIzO9Jzbc18KtZR41yosy,File,image/png,"Local -- Parent Org, Handles YB",https://drive.google.com/file/d/1swZlbM8a9FVBIzO9Jzbc18KtZR41yosy/view?usp=drivesdk,,,Reviewed,TR-0746,SalesLoft analytics: Local Parent Org Handles YB (companion screenshot),Medium
"Root/Persist Backups/Engaged/Engaged, Asked for Follow Up","Engaged, Asked for Specific Follow-Up Time.docx",1CBx4dn7Zj2HG2kkUY-Jz51bCKgW_ioCg,File,application/vnd.openxmlformats-officedocument.wordprocessingml.document,"Engaged, Asked for Follow Up",https://docs.google.com/document/d/1CBx4dn7Zj2HG2kkUY-Jz51bCKgW_ioCg/edit?usp=drivesdk&ouid=117877075857315698786&rtpof=true&sd=true,Yes,,Duplicate — defer,,,
"Root/Persist Backups/Engaged/Engaged, Asked for Follow Up","Engaged, Asked for Specific Follow-Up Time.docx",1ow_bWP_WxT2EAvd1SDY9-h3HdmLCknLs,File,application/vnd.openxmlformats-officedocument.wordprocessingml.document,"Engaged, Asked for Follow Up",https://docs.google.com/document/d/1ow_bWP_WxT2EAvd1SDY9-h3HdmLCknLs/edit?usp=drivesdk&ouid=117877075857315698786&rtpof=true&sd=true,,,Reviewed,TR-0747,2-email engaged follow-up; 'Still a good time?'; calendly.com/morgan-treering,Medium
"Root/Persist Backups/Engaged/Engaged, Asked for Follow Up",Screen Shot 2019-06-21 at 9.51.47 AM.png,1ezPUL7giXqTGVGGHgTdzZP5IsI3cT32N,File,image/png,"Engaged, Asked for Follow Up",https://drive.google.com/file/d/1ezPUL7giXqTGVGGHgTdzZP5IsI3cT32N/view?usp=drivesdk,Yes,,Duplicate — defer,,,
"Root/Persist Backups/Engaged/Engaged, Asked for Follow Up",Screen Shot 2019-06-21 at 9.51.47 AM.png,1hdjz4Rxukbd9XYEXYET1XPn1ikqDGL2U,File,image/png,"Engaged, Asked for Follow Up",https://drive.google.com/file/d/1hdjz4Rxukbd9XYEXYET1XPn1ikqDGL2U/view?usp=drivesdk,,,Reviewed,TR-0239,SalesLoft sequence analytics screenshot (Engaged prospects),
"Root/Persist Backups/Engaged/Engaged, Asked for Follow Up",Screen Shot 2019-06-21 at 9.49.42 AM.png,1TO0qAtSALN8u-K9WRRC1ZtHmuoR8UMsm,File,image/png,"Engaged, Asked for Follow Up",https://drive.google.com/file/d/1TO0qAtSALN8u-K9WRRC1ZtHmuoR8UMsm/view?usp=drivesdk,,,Reviewed,TR-0747,SalesLoft analytics: Engaged Asked Follow-Up (companion screenshot),Medium
"Root/Persist Backups/Engaged/Engaged, Misc CleanUp",Screen Shot 2019-06-21 at 9.45.16 AM.png,1Jfi1Hl-Yi94sbpeRCNz2ceMD2aU0Ydud,File,image/png,"Engaged, Misc CleanUp",https://drive.google.com/file/d/1Jfi1Hl-Yi94sbpeRCNz2ceMD2aU0Ydud/view?usp=drivesdk,,,Reviewed,TR-0763,"SalesLoft analytics: Engaged Misc CleanUp; step 1: 30 sent, 70% open, 20% reply",Medium
"Root/Persist Backups/Engaged/Engaged, Misc CleanUp",Screen Shot 2019-06-21 at 9.45.11 AM.png,1OoAcApZogiYHNFeVbXBbqyPbYMqQQ7vZ,File,image/png,"Engaged, Misc CleanUp",https://drive.google.com/file/d/1OoAcApZogiYHNFeVbXBbqyPbYMqQQ7vZ/view?usp=drivesdk,,,Reviewed,TR-0238,SalesLoft sequence analytics screenshot (Engaged prospects),
Root/Persist Backups/Engaged/Task Clean-Up,Screen Shot 2019-06-21 at 10.12.24 AM.png,17o_CsJ7dQHMyrdH9DRbsVxog74hWPDG0,File,image/png,Task Clean-Up,https://drive.google.com/file/d/17o_CsJ7dQHMyrdH9DRbsVxog74hWPDG0/view?usp=drivesdk,,,Reviewed,TR-0764,"SalesLoft analytics: Task Clean-Up; step 1: 82 sent, 73% open, 16% reply",Low
Root/Persist Backups/Engaged/Task Clean-Up,Screen Shot 2019-06-21 at 10.12.19 AM.png,1WclR3v071FMJC-gPSVSvcx2m-A4jiO-F,File,image/png,Task Clean-Up,https://drive.google.com/file/d/1WclR3v071FMJC-gPSVSvcx2m-A4jiO-F/view?usp=drivesdk,Yes,,Duplicate — defer,,,
Root/Persist Backups/Engaged/Task Clean-Up,Screen Shot 2019-06-21 at 10.12.19 AM.png,1XIKT4AmATClZ9t3SYRyM5NmtDoF8MMYW,File,image/png,Task Clean-Up,https://drive.google.com/file/d/1XIKT4AmATClZ9t3SYRyM5NmtDoF8MMYW/view?usp=drivesdk,,,Reviewed,TR-0764,SalesLoft analytics: Task Clean-Up (companion screenshot),Low
Root/Persist Backups/Engaged/Sent Sample,Sent Sample.docx,149xeDwyLpgr6jFm7cvOF_yDqb-nG0qRl,File,application/vnd.openxmlformats-officedocument.wordprocessingml.document,Sent Sample,https://docs.google.com/document/d/149xeDwyLpgr6jFm7cvOF_yDqb-nG0qRl/edit?usp=drivesdk&ouid=117877075857315698786&rtpof=true&sd=true,Yes,,Duplicate — defer,,,
Root/Persist Backups/Engaged/Sent Sample,Sent Sample.docx,1ZxU1BZVWilTCJZImmGzrdMc6bi69GtEx,File,application/vnd.openxmlformats-officedocument.wordprocessingml.document,Sent Sample,https://docs.google.com/document/d/1ZxU1BZVWilTCJZImmGzrdMc6bi69GtEx/edit?usp=drivesdk&ouid=117877075857315698786&rtpof=true&sd=true,,,Reviewed,TR-0748,"2-email post-sample follow-up; confirms receipt, asks about timeline",Low
Root/Persist Backups/Engaged/Sent Sample,Screen Shot 2019-06-21 at 10.10.44 AM.png,1OLcOXvrtDFrO0RNeqHOB2xiEs360LIwU,File,image/png,Sent Sample,https://drive.google.com/file/d/1OLcOXvrtDFrO0RNeqHOB2xiEs360LIwU/view?usp=drivesdk,,,Reviewed,TR-0748,SalesLoft analytics: Sent Sample sequence (companion screenshot),Low
Root/Persist Backups/Engaged/Sent Sample,Screen Shot 2019-06-21 at 10.10.37 AM.png,13ePja1a2cIRyFb1U2jzYx2Q2q4zDbF2M,File,image/png,Sent Sample,https://drive.google.com/file/d/13ePja1a2cIRyFb1U2jzYx2Q2q4zDbF2M/view?usp=drivesdk,,,Reviewed,TR-0748,SalesLoft analytics: Sent Sample sequence (companion screenshot),Low
Root/Persist Backups/HZ/HZ Intro 1st Touch,Screen Shot 2019-06-21 at 8.40.54 AM.png,1DgJlPHvRqOxuDJRnkUCUD-F2RZyicb4S,File,image/png,HZ Intro 1st Touch,https://drive.google.com/file/d/1DgJlPHvRqOxuDJRnkUCUD-F2RZyicb4S/view?usp=drivesdk,,,Reviewed,TR-0753,"SalesLoft analytics: HZ Intro 1st Touch; step 1: 88 sent, 82% open, 23% reply",Low
Root/Persist Backups/HZ/HZ Intro 1st Touch,Screen Shot 2019-06-21 at 8.40.47 AM.png,1yf0BmXD1yJyjN20OHsqsgcUtQSU5Dacp,File,image/png,HZ Intro 1st Touch,https://drive.google.com/file/d/1yf0BmXD1yJyjN20OHsqsgcUtQSU5Dacp/view?usp=drivesdk,,,Reviewed,TR-0753,SalesLoft analytics: HZ Intro 1st Touch (companion screenshot),Low
Root/Persist Backups/HZ/HZ Principals 1st Touch,Screen Shot 2019-06-21 at 9.02.57 AM.png,1Et3JTQMSAOrRfnszK5YZJKwqPWDJb8LK,File,image/png,HZ Principals 1st Touch,https://drive.google.com/file/d/1Et3JTQMSAOrRfnszK5YZJKwqPWDJb8LK/view?usp=drivesdk,,,Reviewed,TR-0754,"SalesLoft analytics: HZ Principals 1st Touch; step 1: 249 sent, 37% open; A/B testing visible",Low
Root/Persist Backups/HZ/HZ Principals 1st Touch,Screen Shot 2019-06-21 at 9.02.51 AM.png,15LKPFsDdkrDer-zREsKKHuWA3rlR-Wls,File,image/png,HZ Principals 1st Touch,https://drive.google.com/file/d/15LKPFsDdkrDer-zREsKKHuWA3rlR-Wls/view?usp=drivesdk,,,Reviewed,TR-0754,SalesLoft analytics: HZ Principals 1st Touch (companion screenshot),Low
"Root/Persist Backups/HZ/HZ Parent Group, Not sure if Involved",Screen Shot 2019-06-21 at 8.45.18 AM.png,1Xl9GaglpVQKzukmWk7KUvks-gTzXHgnS,File,image/png,"HZ Parent Group, Not sure if Involved",https://drive.google.com/file/d/1Xl9GaglpVQKzukmWk7KUvks-gTzXHgnS/view?usp=drivesdk,,,Reviewed,TR-0756,"SalesLoft summary: '18-19 HZ Parent Group by morgan@treering.com'; 6 contacts, 33% replied",Medium
"Root/Persist Backups/HZ/HZ Principals, Previously Contacted",Screen Shot 2019-06-21 at 9.09.12 AM.png,1NHmdgYFFH8FQ1ZrXlGiI9ZHdNBoOK2M6,File,image/png,"HZ Principals, Previously Contacted",https://drive.google.com/file/d/1NHmdgYFFH8FQ1ZrXlGiI9ZHdNBoOK2M6/view?usp=drivesdk,,,Reviewed,TR-0755,SalesLoft analytics: HZ Principals Previously Contacted; eco A/B test; 172 sent step 4,Medium
"Root/Persist Backups/HZ/HZ Principals, Previously Contacted",Screen Shot 2019-06-21 at 9.09.06 AM.png,1oybKnwzf4rSoJMyZoPawPXmyMaALiugg,File,image/png,"HZ Principals, Previously Contacted",https://drive.google.com/file/d/1oybKnwzf4rSoJMyZoPawPXmyMaALiugg/view?usp=drivesdk,,,Reviewed,TR-0755,SalesLoft analytics: HZ Principals Previously Contacted (companion screenshot),Medium
"Root/Persist Backups/HZ/HZ Principals, Previously Contacted",Screen Shot 2019-06-21 at 9.08.52 AM.png,1JQ1gRJMEVm2COgMys4M-tFU_rIH_zxYF,File,image/png,"HZ Principals, Previously Contacted",https://drive.google.com/file/d/1JQ1gRJMEVm2COgMys4M-tFU_rIH_zxYF/view?usp=drivesdk,,,Reviewed,TR-0755,SalesLoft analytics: HZ Principals Previously Contacted (companion screenshot),Medium
Root/Persist Backups/HZ/17-18 HZ Follow-Ups,17-18 HZ Follow Up.docx,1KvGjzVr3M70fBV-YXBy2FeXiKg6KPP6G,File,application/vnd.openxmlformats-officedocument.wordprocessingml.document,17-18 HZ Follow-Ups,https://docs.google.com/document/d/1KvGjzVr3M70fBV-YXBy2FeXiKg6KPP6G/edit?usp=drivesdk&ouid=117877075857315698786&rtpof=true&sd=true,,,Reviewed,TR-0218,17-18 HZ Follow-Up sequence (duplicate copy 2),
Root/Persist Backups/HZ/17-18 HZ Follow-Ups,Screen Shot 2019-06-21 at 10.32.26 AM.png,1CIgy6EXIgyPTzbAmQVhhu_mXWfNre8PE,File,image/png,17-18 HZ Follow-Ups,https://drive.google.com/file/d/1CIgy6EXIgyPTzbAmQVhhu_mXWfNre8PE/view?usp=drivesdk,Yes,,Duplicate — defer,,,
Root/Persist Backups/HZ/17-18 HZ Follow-Ups,Screen Shot 2019-06-21 at 10.32.26 AM.png,1a0lA8l2PuKzP7hmK6QgCeUlTGoGda_1W,File,image/png,17-18 HZ Follow-Ups,https://drive.google.com/file/d/1a0lA8l2PuKzP7hmK6QgCeUlTGoGda_1W/view?usp=drivesdk,,,Reviewed,TR-0752,"SalesLoft summary: '17-18 HZ Follow-Ups by morgan@treering.com'; 13 contacts, 38% replied",Low
Root/Persist Backups/HZ/17-18 HZ Follow-Ups,Screen Shot 2019-06-21 at 10.32.23 AM.png,1cglWPcH--LwJkXh7D04S5yEsJ1IGoET2,File,image/png,17-18 HZ Follow-Ups,https://drive.google.com/file/d/1cglWPcH--LwJkXh7D04S5yEsJ1IGoET2/view?usp=drivesdk,,,Reviewed,TR-0752,SalesLoft analytics: 17-18 HZ Follow-Ups (companion screenshot),Low
Root/Persist Backups/HZ/17-18 HZ Follow-Ups,Screen Shot 2019-06-21 at 10.29.04 AM.png,1ksM9zgERKcGe0qPukrtAs5G2Fus3I3of,File,image/png,17-18 HZ Follow-Ups,https://drive.google.com/file/d/1ksM9zgERKcGe0qPukrtAs5G2Fus3I3of/view?usp=drivesdk,,,Reviewed,TR-0752,SalesLoft analytics: 17-18 HZ Follow-Ups (companion screenshot),Low
Root/Persist Backups/HZ/17-18 HZ Follow-Ups,Screen Shot 2019-06-21 at 10.28.58 AM.png,1R-YGLSlaVktDEl4PpW3YO0ifjercIloe,File,image/png,17-18 HZ Follow-Ups,https://drive.google.com/file/d/1R-YGLSlaVktDEl4PpW3YO0ifjercIloe/view?usp=drivesdk,,,Reviewed,TR-0752,SalesLoft analytics: 17-18 HZ Follow-Ups (companion screenshot),Low
"Root/Persist Backups/HZ/HZ Spring Follow Ups, Previously Contacted",Screen Shot 2019-06-21 at 8.58.35 AM.png,1SPsE8C-EZGPv1S6d0L3VZNRt3M5jnOm2,File,image/png,"HZ Spring Follow Ups, Previously Contacted",https://drive.google.com/file/d/1SPsE8C-EZGPv1S6d0L3VZNRt3M5jnOm2/view?usp=drivesdk,Yes,,Duplicate — defer,,,
"Root/Persist Backups/HZ/HZ Spring Follow Ups, Previously Contacted",Screen Shot 2019-06-21 at 8.58.35 AM.png,1gXmU-GHRg-4p8A8Iub0OxkYxuSQ-rG8t,File,image/png,"HZ Spring Follow Ups, Previously Contacted",https://drive.google.com/file/d/1gXmU-GHRg-4p8A8Iub0OxkYxuSQ-rG8t/view?usp=drivesdk,,,Reviewed,TR-0750,"SalesLoft analytics: HZ Spring Follow Ups; step 1: 159 sent, 46% open, 6% reply",Medium
"Root/Persist Backups/HZ/HZ Spring Follow Ups, Previously Contacted",Screen Shot 2019-06-21 at 8.58.26 AM.png,1KgNeYBvdW4DIk74cuvqv9rQoVNxK6t-m,File,image/png,"HZ Spring Follow Ups, Previously Contacted",https://drive.google.com/file/d/1KgNeYBvdW4DIk74cuvqv9rQoVNxK6t-m/view?usp=drivesdk,Yes,,Duplicate — defer,,,
"Root/Persist Backups/HZ/HZ Spring Follow Ups, Previously Contacted",Screen Shot 2019-06-21 at 8.58.26 AM.png,1jbwvU-PEKG12FsA7VSPeA6IItoJUUFX_,File,image/png,"HZ Spring Follow Ups, Previously Contacted",https://drive.google.com/file/d/1jbwvU-PEKG12FsA7VSPeA6IItoJUUFX_/view?usp=drivesdk,,,Reviewed,TR-0750,SalesLoft analytics: HZ Spring Follow Ups (companion screenshot),Medium
"Root/Persist Backups/HZ/HZ Spring Follow Ups, Previously Contacted",18_19____HZ_Follow_Ups__Spring__Previously_Cont.csv,1CQJRO--1lxYhJ7VyFmykIKS5natCbEm1,File,text/csv,"HZ Spring Follow Ups, Previously Contacted",https://drive.google.com/file/d/1CQJRO--1lxYhJ7VyFmykIKS5natCbEm1/view?usp=drivesdk,Yes,,Duplicate — defer,,,
"Root/Persist Backups/HZ/HZ Spring Follow Ups, Previously Contacted",18_19____HZ_Follow_Ups__Spring__Previously_Cont.csv,1xo7HCwrfaG89d9xf5qmMIQrFVIMkMg6D,File,text/csv,"HZ Spring Follow Ups, Previously Contacted",https://drive.google.com/file/d/1xo7HCwrfaG89d9xf5qmMIQrFVIMkMg6D/view?usp=drivesdk,,,Reviewed,TR-0750,"18-19 HZ spring follow-up CRM export; 159 sent step 1, 46% open, 6% reply",Medium
Root/Persist Backups/Private/Private Office Staff,Screen Shot 2019-06-21 at 8.15.49 AM.png,10JNUa0u86cf8eQXA6a1QJeX0GxqVqmkx,File,image/png,Private Office Staff,https://drive.google.com/file/d/10JNUa0u86cf8eQXA6a1QJeX0GxqVqmkx/view?usp=drivesdk,,,Reviewed,TR-0762,"SalesLoft analytics: Private Office Staff; step 1: 13 sent, 77% open, 15% reply",Low
Root/Persist Backups/Private/Private Office Staff,Screen Shot 2019-06-21 at 8.15.35 AM.png,1NJS4B7jq8rUkMh7U0klbSHuuqzWAWCim,File,image/png,Private Office Staff,https://drive.google.com/file/d/1NJS4B7jq8rUkMh7U0klbSHuuqzWAWCim/view?usp=drivesdk,,,Reviewed,TR-0762,SalesLoft analytics: Private Office Staff (companion screenshot),Low
"Root/Persist Backups/Private/Private Lower_Elementary Intro, Managed at School",Screen Shot 2019-06-21 at 8.26.04 AM.png,1INafGLj8eBMivbW9maJlyaceGpmC_j8S,File,image/png,"Private Lower_Elementary Intro, Managed at School",https://drive.google.com/file/d/1INafGLj8eBMivbW9maJlyaceGpmC_j8S/view?usp=drivesdk,,,Reviewed,TR-0759,"SalesLoft analytics: Private Lower Elem (School); step 1: 12 sent, 100% open, 33% reply",Medium
"Root/Persist Backups/Private/Private Lower_Elementary Intro, Managed at School",Screen Shot 2019-06-21 at 8.25.45 AM.png,1oAx4n6LTZ1wURswYh2lxXv2BJVdyI8X0,File,image/png,"Private Lower_Elementary Intro, Managed at School",https://drive.google.com/file/d/1oAx4n6LTZ1wURswYh2lxXv2BJVdyI8X0/view?usp=drivesdk,,,Reviewed,TR-0759,SalesLoft analytics: Private Lower Elem (School) (companion screenshot),Medium
Root/Persist Backups/Private/Private Midde_High_K-12,Screen Shot 2019-06-21 at 8.10.21 AM.png,1ztIZO0I9FyJIzlLNTqfGUvpMTjNz5oh3,File,image/png,Private Midde_High_K-12,https://drive.google.com/file/d/1ztIZO0I9FyJIzlLNTqfGUvpMTjNz5oh3/view?usp=drivesdk,,,Reviewed,TR-0760,"SalesLoft summary: '18-19 Private Mid/High/K-12 by morgan@treering.com'; 95% open, 54% reply",Low
Root/Persist Backups/Private/Private Midde_High_K-12,Screen Shot 2019-06-21 at 8.09.04 AM.png,1LRNimhTb3gYFQKowMU3KKmqAYBafwtl5,File,image/png,Private Midde_High_K-12,https://drive.google.com/file/d/1LRNimhTb3gYFQKowMU3KKmqAYBafwtl5/view?usp=drivesdk,,,Reviewed,TR-0760,SalesLoft analytics: Private Mid/High/K-12 (companion screenshot),Low
Root/Persist Backups/Private/Private Midde_High_K-12,Screen Shot 2019-06-21 at 7.10.55 AM.png,1cU7FSugCXHkcXyX63OA6ofX5QN4PZOKz,File,image/png,Private Midde_High_K-12,https://drive.google.com/file/d/1cU7FSugCXHkcXyX63OA6ofX5QN4PZOKz/view?usp=drivesdk,,,Reviewed,TR-0760,SalesLoft analytics: Private Mid/High/K-12 (companion screenshot),Low
"Root/Persist Backups/Private/Private, Parent Group Not Sure if Involved",Screen Shot 2019-06-21 at 8.20.37 AM.png,1zRc7e25uNDopRx-1cQYFe9ks1-q48xY0,File,image/png,"Private, Parent Group Not Sure if Involved",https://drive.google.com/file/d/1zRc7e25uNDopRx-1cQYFe9ks1-q48xY0/view?usp=drivesdk,,,Reviewed,TR-0761,"SalesLoft summary: '18-19 Private Parent Group by morgan@treering.com'; 67% open, 33% reply",Medium
Root/Persist Backups/Private/Private Administrators,Screen Shot 2019-06-21 at 8.34.45 AM.png,15fL1NVlH5dL8TtP7Sf4p3DTiKiUp1lJz,File,image/png,Private Administrators,https://drive.google.com/file/d/15fL1NVlH5dL8TtP7Sf4p3DTiKiUp1lJz/view?usp=drivesdk,,,Reviewed,TR-0757,"SalesLoft analytics: Private Administrators; step 8: 274 sent, 61% open",Low
Root/Persist Backups/Private/Private Administrators,Screen Shot 2019-06-21 at 8.34.40 AM.png,1L1KQylXdlW92vH_WZvgUVz2RC3fBVw9r,File,image/png,Private Administrators,https://drive.google.com/file/d/1L1KQylXdlW92vH_WZvgUVz2RC3fBVw9r/view?usp=drivesdk,,,Reviewed,TR-0757,SalesLoft analytics: Private Administrators (companion screenshot),Low
Root/Persist Backups/Private/Private Administrators,Screen Shot 2019-06-21 at 8.34.27 AM.png,1DH7Cm8hE1-NM6164KrR-ub9JgyathIQN,File,image/png,Private Administrators,https://drive.google.com/file/d/1DH7Cm8hE1-NM6164KrR-ub9JgyathIQN/view?usp=drivesdk,,,Reviewed,TR-0757,SalesLoft analytics: Private Administrators (companion screenshot),Low
Root/Persist Backups/Private/Private Administrators,Screen Shot 2019-06-21 at 8.34.18 AM.png,1K61OnCuOUksO9OWLk6MbbBY35gnr6RfP,File,image/png,Private Administrators,https://drive.google.com/file/d/1K61OnCuOUksO9OWLk6MbbBY35gnr6RfP/view?usp=drivesdk,,,Reviewed,TR-0757,SalesLoft analytics: Private Administrators (companion screenshot),Low
"Root/Persist Backups/Private/Private Lower_Elementary Intro, Managed by Parents",Screen Shot 2019-06-21 at 8.32.23 AM.png,15LbauyfyDRQCPE-GF5ZHTBNmSbbYt6D9,File,image/png,"Private Lower_Elementary Intro, Managed by Parents",https://drive.google.com/file/d/15LbauyfyDRQCPE-GF5ZHTBNmSbbYt6D9/view?usp=drivesdk,,,Reviewed,TR-0758,SalesLoft summary: '18-19 Private Lower Elem (Parents) by morgan@treering.com',Medium
"Root/Persist Backups/Private/Private Lower_Elementary Intro, Managed by Parents",Screen Shot 2019-06-21 at 8.32.11 AM.png,1o4qCEZ4OdsUgSZHRrOIvEPe3mYyjPsty,File,image/png,"Private Lower_Elementary Intro, Managed by Parents",https://drive.google.com/file/d/1o4qCEZ4OdsUgSZHRrOIvEPe3mYyjPsty/view?usp=drivesdk,,,Reviewed,TR-0758,SalesLoft analytics: Private Lower Elem (Parents) (companion screenshot),Medium
"Root/Persist Backups/Private/Private Lower_Elementary Intro, Managed by Parents",Screen Shot 2019-06-21 at 8.32.07 AM.png,1EdUSzZuHwau0Y3OuqhIG9jRzPzgzJYNd,File,image/png,"Private Lower_Elementary Intro, Managed by Parents",https://drive.google.com/file/d/1EdUSzZuHwau0Y3OuqhIG9jRzPzgzJYNd/view?usp=drivesdk,,,Reviewed,TR-0758,SalesLoft analytics: Private Lower Elem (Parents) (companion screenshot),Medium
"Root/Persist Backups/Private/Private Lower_Elementary Intro, Managed by Parents",Screen Shot 2019-06-21 at 8.31.24 AM.png,1HyAku4cJndpI8tqnLcxmufdXAoHd9G18,File,image/png,"Private Lower_Elementary Intro, Managed by Parents",https://drive.google.com/file/d/1HyAku4cJndpI8tqnLcxmufdXAoHd9G18/view?usp=drivesdk,,,Reviewed,TR-0758,SalesLoft analytics: Private Lower Elem (Parents) (companion screenshot),Medium
"Root/Persist Backups/Private/Private, Parent Group Not Sure if Involved",Screen Shot 2019-06-21 at 8.20.45 AM.png,1dViEasZLTvWtl_I3sDBC5GxGI_dDvJvP,File,image/png,"Private, Parent Group Not Sure if Involved",https://drive.google.com/file/d/1dViEasZLTvWtl_I3sDBC5GxGI_dDvJvP/view?usp=drivesdk,Yes,,Duplicate — defer,,,
"Root/Persist Backups/Private/Private Lower_Elementary Intro, Managed by Parents",Screen Shot 2019-06-21 at 8.32.23 AM.png,1Wppa90WQrI-2vXaeelLHx2o-dMkTzZXx,File,image/png,"Private Lower_Elementary Intro, Managed by Parents",https://drive.google.com/file/d/1Wppa90WQrI-2vXaeelLHx2o-dMkTzZXx/view?usp=drivesdk,Yes,,Duplicate — defer,,,
"Root/Persist Backups/Private/Private Lower_Elementary Intro, Managed by Parents",Screen Shot 2019-06-21 at 8.32.11 AM.png,1CGGUa1LIFBEUJe1xQ9rD2zyxKbjTOTB6,File,image/png,"Private Lower_Elementary Intro, Managed by Parents",https://drive.google.com/file/d/1CGGUa1LIFBEUJe1xQ9rD2zyxKbjTOTB6/view?usp=drivesdk,Yes,,Duplicate — defer,,,
"Root/Persist Backups/Private/Private Lower_Elementary Intro, Managed by Parents",Screen Shot 2019-06-21 at 8.32.07 AM.png,1cjhZ4epSzmTqR0YTsgm-l7zcNZyoFNXp,File,image/png,"Private Lower_Elementary Intro, Managed by Parents",https://drive.google.com/file/d/1cjhZ4epSzmTqR0YTsgm-l7zcNZyoFNXp/view?usp=drivesdk,Yes,,Duplicate — defer,,,
"Root/Persist Backups/Private/Private Lower_Elementary Intro, Managed by Parents",Screen Shot 2019-06-21 at 8.31.24 AM.png,19BqRo-Ib_kmZHbMq6IB6WGjEtFKgzBNC,File,image/png,"Private Lower_Elementary Intro, Managed by Parents",https://drive.google.com/file/d/19BqRo-Ib_kmZHbMq6IB6WGjEtFKgzBNC/view?usp=drivesdk,Yes,,Duplicate — defer,,,
"Root/Persist Backups/Private/Private, Parent Group Not Sure if Involved",Screen Shot 2019-06-21 at 8.20.45 AM.png,1VNQyETXU7swMfigWFCHgjOfxdLpKhC-F,File,image/png,"Private, Parent Group Not Sure if Involved",https://drive.google.com/file/d/1VNQyETXU7swMfigWFCHgjOfxdLpKhC-F/view?usp=drivesdk,,,Reviewed,TR-0761,SalesLoft analytics: Private Parent Group Not Sure (companion screenshot),Medium
Root/To Sort/05.14.26,05.14.26_OCR - File Audit,1_B7fB4jc0bSUinqHAEsx7mTuHp0eimMbOtVh4UPTbRE,File,application/vnd.google-apps.spreadsheet,05.14.26,https://docs.google.com/spreadsheets/d/1_B7fB4jc0bSUinqHAEsx7mTuHp0eimMbOtVh4UPTbRE/edit?usp=drivesdk,,YES,Skip — not reviewable,,"Internal OCR/control sheet for the 05.14.26 intake batch; used to triage screenshot text and downstream tracker additions, not a standalone Treering career artifact.",
Root/To Sort/05.14.26,messages.json_review - Sheet1 (1),1pHCnFXFaTVP_KN0Jj-pBq1fKr3D2BcbTEVU1wzmDRjE,File,application/vnd.google-apps.spreadsheet,05.14.26,https://docs.google.com/spreadsheets/d/1pHCnFXFaTVP_KN0Jj-pBq1fKr3D2BcbTEVU1wzmDRjE/edit?usp=drivesdk,,YES,Skip — not reviewable,,Bulk message-review control sheet / search aid. Not itself a career artifact; use only as a future investigation corpus if needed.,
Root/To Sort/05.14.26,Desktop_ScreenshotArchive - File Audit,1_iBQBj1ZOT-BfFTsh2WSGZz0STsp5U8FYdttrZiWdC8,File,application/vnd.google-apps.spreadsheet,05.14.26,https://docs.google.com/spreadsheets/d/1_iBQBj1ZOT-BfFTsh2WSGZz0STsp5U8FYdttrZiWdC8/edit?usp=drivesdk,,YES,Skip — not reviewable,,"Control/audit sheet for the Desktop_ScreenshotArchive batch. Useful for later reconciliation, not a standalone career artifact.",
Root/To Sort/05.14.26,DriveDirectory_Updated - File Audit,17-nY8SQW1czN6BzPveRHpCC85m5z-kWNJ3_KI-Zq3qg,File,application/vnd.google-apps.spreadsheet,05.14.26,https://docs.google.com/spreadsheets/d/17-nY8SQW1czN6BzPveRHpCC85m5z-kWNJ3_KI-Zq3qg/edit?usp=drivesdk,,YES,Skip — not reviewable,,Drive-directory audit/control sheet. Useful for intake reconciliation; not a Treering evidence source by itself.,
Root/To Sort/05.14.26,Persist_ProspectExport,1ou2AV5-Kdy5zZnYzOh0YFsBC8o-uY6RC2D-FCAVAUZ8,File,application/vnd.google-apps.spreadsheet,05.14.26,https://docs.google.com/spreadsheets/d/1ou2AV5-Kdy5zZnYzOh0YFsBC8o-uY6RC2D-FCAVAUZ8/edit?usp=drivesdk,,,Reviewed,TR-0767,"6,186-record Persist prospect export; primary-source evidence for outbound dataset scale and field-rich prospecting infrastructure.",High
Root/To Sort/05.14.26/PersistExport,20260502194849,13ewOOV1BRDzwlh-Ump1o04wdH_cjWf3WqTIUnp7p-U8,File,application/vnd.google-apps.spreadsheet,PersistExport,https://docs.google.com/spreadsheets/d/13ewOOV1BRDzwlh-Ump1o04wdH_cjWf3WqTIUnp7p-U8/edit?usp=drivesdk,,,Reviewed,TR-0768,"Persist campaign-performance export with prospects, leads, sends, opens, replies, unsubscribes, and bounce fields; useful for campaign metric reconciliation.",High
Root/To Sort/05.14.26/Misc,Screen Shot 2025-07-07 at 7.47.55 PM.png,1qYG3I16Mzc91MoST5uY553MDJa0O4c0W,File,image/png,Misc,https://drive.google.com/file/d/1qYG3I16Mzc91MoST5uY553MDJa0O4c0W/view?usp=drivesdk,,,Reviewed,TR-0769,"Wake County PTA Event scorecard screenshot — Customers segment; 11 contacted, 10 opened, 1 replied.",Medium
Root/To Sort/05.14.26/Misc,Screen Shot 2025-07-07 at 7.47.31 PM.png,1OwU64bfboY28DJ-X8rMX9UOJpKs2uSYV,File,image/png,Misc,https://drive.google.com/file/d/1OwU64bfboY28DJ-X8rMX9UOJpKs2uSYV/view?usp=drivesdk,,,Reviewed,TR-0769,"Wake County PTA Event scorecard screenshot — PTA / Not Involved But Email?; 26 contacted, 20 opened, 3 replied, 1 bounce.",Medium
Root/To Sort/05.14.26/Misc,Screen Shot 2025-07-07 at 7.47.04 PM.png,1yu5wd8Ea81zQYttuRBuxeXyZgvB8G9b-,File,image/png,Misc,https://drive.google.com/file/d/1yu5wd8Ea81zQYttuRBuxeXyZgvB8G9b-/view?usp=drivesdk,,,Reviewed,TR-0769,"Wake County PTA Event scorecard screenshot — Principals, New Schools; 7 contacted, 2 opened, 1 replied.",Medium
Root/To Sort/05.14.26/Misc,Screen Shot 2025-07-07 at 7.46.40 PM.png,158xK5BNHGuwoGUT5h2bd5WnA-9EEeSfm,File,image/png,Misc,https://drive.google.com/file/d/158xK5BNHGuwoGUT5h2bd5WnA-9EEeSfm/view?usp=drivesdk,,,Reviewed,TR-0769,"Wake County PTA Event scorecard screenshot — Responded Previously; 3 contacted, 3 opened, 1 replied.",Medium
Root/To Sort/05.14.26/Misc,AdditionalPersistInsights.zip,1puRqwpdT1Coepe3OXI7SNjtiLnVxd9D5,File,application/zip,Misc,https://drive.google.com/file/d/1puRqwpdT1Coepe3OXI7SNjtiLnVxd9D5/view?usp=drivesdk,Yes,,Duplicate — defer,,Compressed Persist screenshot bundle; individual PNGs in the Misc folder were reviewed/tracked directly instead.,Low
Root/To Sort/05.14.26/Misc,Screen Shot 2025-07-07 at 7.28.46 PM.png,1dSEhjOV7exiodFeKdyPLpHHEo9FJKJEE,File,image/png,Misc,https://drive.google.com/file/d/1dSEhjOV7exiodFeKdyPLpHHEo9FJKJEE/view?usp=drivesdk,,,Reviewed,TR-0771,Persist prospect-schema screenshot showing field-rich data structure and custom segmentation/context fields.,High
Root/To Sort/05.14.26/Misc,Screen Shot 2025-07-07 at 7.28.03 PM.png,1Lt1NFb6GsLOKYcU4xR5dRpgdklhK2xES,File,image/png,Misc,https://drive.google.com/file/d/1Lt1NFb6GsLOKYcU4xR5dRpgdklhK2xES/view?usp=drivesdk,,,Reviewed,TR-0771,"Persist prospect search screenshot showing 6,186 prospects in Morgan’s view; corroborates prospect-set scale.",High
Root/To Sort/05.14.26/Misc,Screen Shot 2025-07-07 at 7.27.45 PM.png,1Kn00UsAC-NSoJh_QlU3rR4iW2_F0pnHm,File,image/png,Misc,https://drive.google.com/file/d/1Kn00UsAC-NSoJh_QlU3rR4iW2_F0pnHm/view?usp=drivesdk,,,Reviewed,TR-0771,"Persist Outbox screenshot showing a 26,151-item working environment plus outbound message-context detail.",High
Root/To Sort/05.14.26/Misc,Screen Shot 2025-07-07 at 7.27.14 PM.png,1A0jfNATUALzUWulLhaHpLCLu_XfEkL2l,File,image/png,Misc,https://drive.google.com/file/d/1A0jfNATUALzUWulLhaHpLCLu_XfEkL2l/view?usp=drivesdk,,,Reviewed,TR-0771,"Persist automation/configuration screenshot showing campaign triggers, status lifecycle logic, and workflow setup.",High
Root/To Sort/05.14.26/ProcessMap,contents.xml,113Wbil7VAVbNi8Wk0GMFFxSL9a7i6eOn,File,text/xml,ProcessMap,https://drive.google.com/file/d/113Wbil7VAVbNi8Wk0GMFFxSL9a7i6eOn/view?usp=drivesdk,,,Reviewed,TR-0770,Raw ProcessMap package content file; supporting source for the SDR workflow/process-map infrastructure cluster.,High
Root/To Sort/05.14.26/ProcessMap,Preview.jpg,1zk6xAxsDwHUgy9_BV71BmQJi2dkbdCNz,File,image/jpeg,ProcessMap,https://drive.google.com/file/d/1zk6xAxsDwHUgy9_BV71BmQJi2dkbdCNz/view?usp=drivesdk,,,Reviewed,TR-0770,Preview image for the SDR workflow/process-map asset cluster; visual corroboration of the underlying ProcessMap source.,High
Root/To Sort/05.14.26/SalesforceScreenshots,ForPortfolio.zip,1Ih5ibj2mPyFJPx4VtZ4N0XkgNa-_v1HM,File,application/zip,SalesforceScreenshots,https://drive.google.com/file/d/1Ih5ibj2mPyFJPx4VtZ4N0XkgNa-_v1HM/view?usp=drivesdk,Likely wrapper/derivative of extracted ForPortfolio assets,Yes — archive wrapper,Reviewed — archive/defer,,ZIP wrapper around Salesforce portfolio screenshot assets; extracted folders/images reviewed separately.,Low
Root/To Sort/05.14.26/SalesforceScreenshots,TeamReportSystem.png,17FqjjaDQAKpV0iubeFw8K7zffGw9FS4H,File,image/png,SalesforceScreenshots,https://drive.google.com/file/d/17FqjjaDQAKpV0iubeFw8K7zffGw9FS4H/view?usp=drivesdk,,,Reviewed,TR-0773,Salesforce team reporting dashboard screenshot; shows Morgan-view team performance/reporting infrastructure and team progress oversight.,High
Root/To Sort/05.14.26/SalesforceScreenshots,Screen Shot 2023-01-12 at 12.35.54 PM.png,1foHVykexhwmu7mYDP_SJyB1vJ7ZmuKbz,File,image/png,SalesforceScreenshots,https://drive.google.com/file/d/1foHVykexhwmu7mYDP_SJyB1vJ7ZmuKbz/view?usp=drivesdk,,,Reviewed,TR-0774,Team-members screenshot for Morgan’s ALL Reps Team; documents a 21-member team structure and visible team-scope context.,High
Root/To Sort/05.14.26/SalesforceScreenshots,Screen Shot 2023-01-09 at 11.15.04 AM.png,1Ago5KKQ-Fwj4V36ggdL4U1xahx82NAqO,File,image/png,SalesforceScreenshots,https://drive.google.com/file/d/1Ago5KKQ-Fwj4V36ggdL4U1xahx82NAqO/view?usp=drivesdk,,,Reviewed,TR-0774,"Employee Check-In form screenshot; shows a recurring Monday people-management/check-in cadence with morale, role, and concern prompts.",High
Root/To Sort/05.14.26/SalesforceScreenshots,Screen Shot 2022-09-16 at 2.22.24 PM.png,1n1ujXtlKA3CzB_RwMrho_TErtXCKM9y4,File,image/png,SalesforceScreenshots,https://drive.google.com/file/d/1n1ujXtlKA3CzB_RwMrho_TErtXCKM9y4/view?usp=drivesdk,,,Reviewed — archive/context,,Salesforce account-history/context screenshot; reviewed but lower standalone career-evidence value than the dashboard/reporting cluster.,Low
Root/To Sort/05.14.26/SalesforceScreenshots,.DS_Store,19CeUYCDg3usY3oxLvb8THbihgLqBdbrR,File,application/octet-stream,SalesforceScreenshots,https://drive.google.com/file/d/19CeUYCDg3usY3oxLvb8THbihgLqBdbrR/view?usp=drivesdk,,Yes — system file,Skipped / Archive,,Mac system metadata file; no career-evidence value.,Low
Root/To Sort/05.14.26/SalesforceScreenshots/ForPortfolio,CRMAuditRoleDashboard.png,1w3lrEXr2IrlwjXOK-RrmphQBN1cXcBMb,File,image/png,ForPortfolio,https://drive.google.com/file/d/1w3lrEXr2IrlwjXOK-RrmphQBN1cXcBMb/view?usp=drivesdk,,,Reviewed,TR-0772,"CRM audit dashboard screenshot: inactive-owner cleanup, 45 accounts scrubbed, $189K potential value, Morgan-view reporting context.",High
Root/To Sort/05.14.26/SalesforceScreenshots/ForPortfolio,.DS_Store,1gpWbh9boqolFwIZZtnjHUjqvP40teZ26,File,application/octet-stream,ForPortfolio,https://drive.google.com/file/d/1gpWbh9boqolFwIZZtnjHUjqvP40teZ26/view?usp=drivesdk,,Yes — system file,Skipped / Archive,,Mac system metadata file; no career-evidence value.,Low
Root/To Sort/05.14.26/SalesforceScreenshots/ForPortfolio/ReportSystem,1_TeamReportSystem.png,1woFr1C3cu3EiiJdUrNaWZ4TdgyoK9qkE,File,image/png,ReportSystem,https://drive.google.com/file/d/1woFr1C3cu3EiiJdUrNaWZ4TdgyoK9qkE/view?usp=drivesdk,,,Reviewed,TR-0773,Team reporting system screenshot; dashboard/report architecture companion to TeamReportSystem.png.,Medium
Root/To Sort/05.14.26/SalesforceScreenshots/ForPortfolio/ReportSystem,ThingsToFix.png,17o_g6Rzz0q6IxLqFCuNAsg9z0gkDqLct,File,image/png,ReportSystem,https://drive.google.com/file/d/17o_g6Rzz0q6IxLqFCuNAsg9z0gkDqLct/view?usp=drivesdk,,,Reviewed,TR-0773,Salesforce report-folder screenshot for cleanup/fix workflows.,Medium
Root/To Sort/05.14.26/SalesforceScreenshots/ForPortfolio/ReportSystem,EmployeeSpecific.png,1PU9c8TVSsINR49k_-y9F60QcJsROchTE,File,image/png,ReportSystem,https://drive.google.com/file/d/1PU9c8TVSsINR49k_-y9F60QcJsROchTE/view?usp=drivesdk,,,Reviewed,TR-0773,Salesforce report-folder screenshot for employee-specific reporting.,Medium
Root/To Sort/05.14.26/SalesforceScreenshots/ForPortfolio/ReportSystem,NicheReports.png,18onSriNNQSCNp8A1U4bOYOTgaOTkPNqo,File,image/png,ReportSystem,https://drive.google.com/file/d/18onSriNNQSCNp8A1U4bOYOTgaOTkPNqo/view?usp=drivesdk,,,Reviewed,TR-0773,Salesforce report-folder screenshot for niche reporting categories.,Medium
Root/To Sort/05.14.26/SalesforceScreenshots/ForPortfolio/ReportSystem,ProgressReports.png,1uhHxdNy4vttbp6qaf1GhH-F-mecaepQN,File,image/png,ReportSystem,https://drive.google.com/file/d/1uhHxdNy4vttbp6qaf1GhH-F-mecaepQN/view?usp=drivesdk,,,Reviewed,TR-0773,Salesforce report-folder screenshot for progress reporting.,Medium
Root/To Sort/05.14.26/SalesforceScreenshots/ForPortfolio/ReportSystem,CurrentCustomerReports.png,1HQ0w9YMpcn4RUDf8JaaGsnCLFk-cZHfT,File,image/png,ReportSystem,https://drive.google.com/file/d/1HQ0w9YMpcn4RUDf8JaaGsnCLFk-cZHfT/view?usp=drivesdk,,,Reviewed,TR-0773,Salesforce report-folder screenshot for current-customer reporting.,Medium
Root/To Sort/05.14.26/SalesforceScreenshots/ForPortfolio/ReportSystem,BadFitReports.png,1280Rw_klzk_-FqXuRWs7L5YIahLrnkuA,File,image/png,ReportSystem,https://drive.google.com/file/d/1280Rw_klzk_-FqXuRWs7L5YIahLrnkuA/view?usp=drivesdk,,,Reviewed,TR-0773,Salesforce report-folder screenshot for bad-fit/account-quality reporting.,Medium
Root/To Sort/05.14.26/SalesforceScreenshots/ForPortfolio/ReportSystem,InContractReports.png,11BVIFeA8IDnhT9HFwShXdQ2Yjx5qOUy2,File,image/png,ReportSystem,https://drive.google.com/file/d/11BVIFeA8IDnhT9HFwShXdQ2Yjx5qOUy2/view?usp=drivesdk,,,Reviewed,TR-0773,Salesforce report-folder screenshot for in-contract reporting.,Medium
Root/To Sort/05.14.26/SalesforceScreenshots/ForPortfolio/ReportSystem,FixReports.png,1vy2Dtw4it6-DS1DENXCk3bkaaHzKYJ-q,File,image/png,ReportSystem,https://drive.google.com/file/d/1vy2Dtw4it6-DS1DENXCk3bkaaHzKYJ-q/view?usp=drivesdk,,,Reviewed,TR-0773,Salesforce report-folder screenshot for issue-resolution/fix reports.,Medium
Root/To Sort/05.14.26/SalesforceScreenshots/ForPortfolio/ReportSystem,ResearchReports.png,177Gv9C071ICdGu3SC714dLZKkes2Duz5,File,image/png,ReportSystem,https://drive.google.com/file/d/177Gv9C071ICdGu3SC714dLZKkes2Duz5/view?usp=drivesdk,,,Reviewed,TR-0773,Salesforce report-folder screenshot for research-status reporting.,Medium
Root/To Sort/05.14.26/SalesforceScreenshots/ForPortfolio/ReportSystem,EngagedFollowUpReports.png,1oHcm8f_RGYPhOSsRisFpxwpctn0fFaa3,File,image/png,ReportSystem,https://drive.google.com/file/d/1oHcm8f_RGYPhOSsRisFpxwpctn0fFaa3/view?usp=drivesdk,,,Reviewed,TR-0773,Salesforce report-folder screenshot for engaged/follow-up reporting.,Medium
Root/To Sort/05.14.26/SalesforceScreenshots/ForPortfolio/ReportSystem,InboundReports.png,1QkHIdLes-dXvHbR7hocFpNn3_FVhK7nb,File,image/png,ReportSystem,https://drive.google.com/file/d/1QkHIdLes-dXvHbR7hocFpNn3_FVhK7nb/view?usp=drivesdk,,,Reviewed,TR-0773,Salesforce report-folder screenshot for inbound reporting.,Medium
Root/To Sort/05.14.26/SalesforceScreenshots/ForPortfolio/Views,Screen Shot 2023-12-07 at 12.47.19 PM.png,1qFiZvYc0CEUjbd-gniREnSYZrtPp5f-J,File,image/png,Views,https://drive.google.com/file/d/1qFiZvYc0CEUjbd-gniREnSYZrtPp5f-J/view?usp=drivesdk,,,Reviewed,TR-0773,Salesforce saved-view/report screenshot from the ForPortfolio Views folder; reviewed as part of the reporting/view-infrastructure cluster.,Medium
Root/To Sort/05.14.26/SalesforceScreenshots/ForPortfolio/Views,Screen Shot 2023-12-07 at 12.19.40 PM.png,1_ATC9W3vaTQReTzbyMPi_7dYmucMZd42,File,image/png,Views,https://drive.google.com/file/d/1_ATC9W3vaTQReTzbyMPi_7dYmucMZd42/view?usp=drivesdk,,,Reviewed,TR-0773,Salesforce saved-view/report screenshot from the ForPortfolio Views folder; reviewed as part of the reporting/view-infrastructure cluster.,Medium
Root/To Sort/05.14.26/SalesforceScreenshots/ForPortfolio/Views,Screen Shot 2023-12-07 at 12.19.29 PM.png,183hgjM0waPuDhCXq9kSnUeq2ehBPAVaR,File,image/png,Views,https://drive.google.com/file/d/183hgjM0waPuDhCXq9kSnUeq2ehBPAVaR/view?usp=drivesdk,,,Reviewed,TR-0773,Salesforce saved-view/report screenshot from the ForPortfolio Views folder; reviewed as part of the reporting/view-infrastructure cluster.,Medium
Root/To Sort/05.14.26/Reviewed/IdentifyingTreeringScreenshots,Screen Shot 2024-01-16 at 3.29.36 PM.png,1BsxbvhseSL3TEhilXL_WxxqELW2vY0Si,File,image/png,IdentifyingTreeringScreenshots,https://drive.google.com/file/d/1BsxbvhseSL3TEhilXL_WxxqELW2vY0Si/view?usp=drivesdk,,,Reviewed,TR-0775,Salesforce report screenshot identifying 795 workable schools not touched in 23-24 and a large estimated-value coverage gap.,High
Root/To Sort/05.14.26/Reviewed/Desktop_ScreenshotArchive,File-Screen Shot 2021-04-14 at 12.32.03 PM.png,1VL7Zm9h6z3ZU1DKJ4GMrMBhmSFlwpNPH,File,image/png,Desktop_ScreenshotArchive,https://drive.google.com/file/d/1VL7Zm9h6z3ZU1DKJ4GMrMBhmSFlwpNPH/view?usp=drivesdk,,,Reviewed,TR-0776,"Historical campaign-reporting screenshot filtered to Morgan, with several clearly visible campaign reply rates from 21% to 53% and additional high-performing rows below.",High
Root/To Sort/05.14.26/Reviewed/Desktop_ScreenshotArchive,File-Screen Shot 2022-01-19 at 2.44.35 PM.png,1oVM5rNZK4FNBC_eWZImD7fBBemxXQ6yl,File,image/png,Desktop_ScreenshotArchive,https://drive.google.com/file/d/1oVM5rNZK4FNBC_eWZImD7fBBemxXQ6yl/view?usp=drivesdk,,,Reviewed — Context Check Needed,TR-0777,Morgan-filtered Outreach screenshot that appears to summarize cumulative sequencing scale and engagement; count mapping should be visually rechecked before external use.,High
Root/To Sort/05.14.26/Reviewed/Desktop_ScreenshotArchive,File-Screen Shot 2021-09-13 at 11.45.37 AM.png,1ZUdjbBNXlo3P-RZGSxYB3Kl-YXSB-9L7,File,image/png,Desktop_ScreenshotArchive,https://drive.google.com/file/d/1ZUdjbBNXlo3P-RZGSxYB3Kl-YXSB-9L7/view?usp=drivesdk,,,Reviewed,TR-0778,"Pod-level Sales Dev dashboard screenshot for Morgan’s Pod People, showing opportunity, wins, and likely-revenue visibility in September 2021.",High
Root/To Sort/05.14.26/Reviewed/IdentifyingTreeringScreenshots,Screen Shot 2023-11-09 at 3.05.27 PM.png,1KQ3xV57ubvtGqME0ydXm2XXXWS1RaNTh,File,image/png,IdentifyingTreeringScreenshots,https://drive.google.com/file/d/1KQ3xV57ubvtGqME0ydXm2XXXWS1RaNTh/view?usp=drivesdk,,,Reviewed,TR-0779,"Live persona-targeting prospect view for YBAs not yet sequenced, showing multi-condition filtering and account-value context.",High