cluster_id,cluster_size,is_representative,next_action,Bullet Point,Role / Company,Tags,accuracy_score,believability_score,clarity_score,ats_value,manager_test,weaknesses,rewrite_status,rewrite_attempts,rewrite_reasoning,context_gaps,rewrite_date,final_bullet
0,1431,False,REWRITE,- Evaluated AI-generated sales and marketing outputs for accuracy and alignment with industry standards,Mercor,[generalist],50.0,60.0,70.0,40.0,FAIL,"The bullet is too generic, lacks specific tools or metrics, and reads as a task description rather than an outcome-oriented achievement.",,0,,,,
0,1431,False,REWRITE,"- Evaluated AI-generated sales/marketing outputs against industry benchmarks, improving alignment with best practices.",Mercor,[generalist],40.0,50.0,60.0,40.0,FAIL,"The bullet uses the forbidden filler word 'best-in-class' (implied by 'best practices'), lacks a specific metric or tool, and describes a vague task rather than a concrete outcome or system.",,0,,,,
0,1431,False,REWRITE,"- 2x Top Seller and consistent Top 10 performer, recognized for high-conversion lead generation and creative prospecting campaigns.",Treering Yearbooks,[brand],40.0,50.0,70.0,40.0,FAIL,"The bullet relies on vague superlatives (Top Seller, Top 10 performer) without defining the scope, team size, or specific metrics, and uses generic marketing language that lacks a clear system or infrastructure outcome.",,0,,,,
0,1431,False,REWRITE,"- 2x Top Seller and consistent top 10 performer, recognized for high-conversion lead generation and creative prospecting.",Treering Yearbooks,[brand],40.0,50.0,70.0,40.0,FAIL,"The bullet relies on vague superlatives ('top seller', 'top 10 performer') without providing context, scale, or verifiable metrics. It uses filler language ('recognized for') and lacks a specific system or tool mention, making it generic and unverifiable.",,0,,,,
0,1431,False,REWRITE,- Achieved 2x Top Seller recognition for lead generation success and consistent revenue contributions across client campaigns.,Treering Yearbooks,[email],50.0,60.0,70.0,40.0,FAIL,"The bullet relies on vague superlatives like 'Top Seller' and 'consistent revenue contributions' without providing specific metrics, context, or verifiable data, making it feel like generic resume padding.",,0,,,,
0,1431,False,REWRITE,"- Achieved 62% reply rates on demo request campaigns by employing targeted messaging and strategic drip campaign methodologies, contributing over $1.5M in closed revenue.",Treering Yearbooks,[email],75.0,70.0,85.0,80.0,PASS,"The claim of $1.5M in closed revenue is difficult to attribute solely to reply rates without further context on the sales cycle or attribution model, making it slightly prone to skepticism.",,0,,,,
0,1431,False,REWRITE,- Achieved 74% open rates and 22% reply rates on PTA council campaigns with targeted segmentation and custom-crafted strategies.,Treering Yearbooks,[email],75.0,80.0,85.0,70.0,PASS,"The bullet lacks specific tool mentions (e.g., Mailchimp, HubSpot) and the term 'custom-crafted strategies' is slightly vague filler that could be replaced with a specific methodology.",,0,,,,
0,1431,False,REWRITE,- Achieved 74% open rates and 22% reply rates on specialized PTA council campaigns by integrating best practices in email marketing.,Treering Yearbooks,[email],65.0,60.0,80.0,60.0,FAIL,"The bullet uses the forbidden filler phrase 'best practices in email marketing' and ends with a period, which violates the formatting rules.",,0,,,,
0,1431,False,REWRITE,- Achieved 74% open rates and 22% reply rates on targeted PTA council campaigns by refining personalization tactics.,Treering Yearbooks,[email],75.0,80.0,90.0,70.0,PASS,"The bullet lacks specific tool mentions and the scope of the campaign (number of recipients) is missing, which makes the high percentages harder to contextualize for a hiring manager.",,0,,,,
0,1431,False,REWRITE,"- Achieved a 2.98% engagement rate, nearly 3x industry benchmarks, through strategic territory management and targeted outreach.",Treering Yearbooks,[ops][mgmt],60.0,65.0,70.0,50.0,FAIL,"The bullet uses a vague, comparative metric ('nearly 3x industry benchmarks') which is a red flag for unverifiable claims, and it relies on generic marketing buzzwords like 'strategic territory management' and 'targeted outreach' without naming the tools or systems used.",,0,,,,
0,1431,False,REWRITE,"- Achieved an outstanding “Good Fit” rate, consistently delivering high-quality leads praised for conversion and value.",Treering Yearbooks,[generalist],30.0,40.0,50.0,30.0,FAIL,"The bullet uses vague, subjective superlatives like 'outstanding' and 'high-quality' without providing any concrete metrics, specific tools, or defined systems. It fails the manager test by being generic and lacking verifiable evidence.",,0,,,,
0,1431,False,KEEP,"- Achieved company-first milestone as the top SDR, sourcing $1M+ in revenue and exceeding annual sales goals by 17%.",Treering Yearbooks,[brand],85.0,80.0,95.0,80.0,PASS,,,0,,,,
0,1431,False,REWRITE,"- Achieved success as the first outbound hire to surpass $1M in sourced revenue, exceeding first-year target by 17% through proactive territory management, personalized outreach, and compelling presentations.",Treering Yearbooks,[ops][mgmt],75.0,70.0,85.0,70.0,FAIL,"The bullet uses the forbidden filler word 'success' and relies on vague, subjective descriptors like 'compelling presentations' which are not verifiable.",,0,,,,
0,1431,False,REWRITE,"- Acted as a key player in the platform migration from PersistIQ to Outreach.io, improving daily workflows and streamlining Salesforce integration for better reporting and automation",Treering Yearbooks,[ops][email],65.0,70.0,75.0,80.0,FAIL,"The bullet uses the banned phrase 'Acted as a key player' and relies on vague, subjective claims like 'improving daily workflows' and 'better reporting' without providing specific metrics or concrete evidence of the outcome.",,0,,,,
0,1431,False,REWRITE,- Advised on messaging and content personalization strategies to improve prospect response rates.,Treering Yearbooks,[content],40.0,50.0,60.0,30.0,FAIL,"The bullet uses vague, generic language ('advised on', 'messaging', 'strategies') and lacks any measurable outcome, specific tools, or concrete scope, making it impossible to verify or distinguish from any other candidate.",,0,,,,
0,1431,False,REWRITE,"- Analyzed CRM data to uncover $3M+ in dormant pipeline, reactivating target segments through strategic, market-driven campaigns. Cross-Functional, Data, & Strategic Impact:",Treering Yearbooks,[ops],75.0,70.0,80.0,85.0,FAIL,"The bullet contains a dash in prose ('Data, & Strategic Impact:') and ends with a colon, violating the formatting rules; additionally, the phrase 'strategic, market-driven campaigns' is generic filler.",,0,,,,
0,1431,False,KEEP,"- Architected comprehensive sales enablement content library with 100+ assets (playbooks, guides, templates) adopted company-wide.",Treering Yearbooks,[content][enablement],90.0,95.0,95.0,85.0,PASS,,,0,,,,
0,1431,False,KEEP,"- Architected the company’s first comprehensive sales enablement content library, creating 100+ assets (pitch decks, battlecards, email templates) adopted company-wide.",Treering Yearbooks,[content][enablement],90.0,95.0,95.0,85.0,PASS,,,0,,,,
0,1431,False,KEEP,- Audit Insight: Ran a company CRM audit that identified $3M+ in potential pipeline for redistribution to SDRs,Treering Yearbooks,[ops],85.0,80.0,90.0,85.0,PASS,,,0,,,,
0,1431,False,REWRITE,"- Authored and structured high-performing email marketing campaigns achieving up to 83% open and 43% reply rates, applying UX writing and visual hierarchy principles to improve clarity and engagement.",Treering Yearbooks,[writing][email],65.0,60.0,85.0,70.0,FAIL,"The metrics (83% open, 43% reply) are statistically improbable for standard email marketing without specific context (e.g., list size, audience type, or campaign type), making them appear as inflated vanity metrics rather than verifiable outcomes.",,0,,,,
0,1431,False,REWRITE,"- Authored high-performing, team-wide campaigns with strong QA processes and variable logic for personalization at scale.",Treering Yearbooks,[writing][mgmt],60.0,65.0,70.0,60.0,FAIL,"The bullet uses vague, subjective adjectives like 'high-performing' and 'strong' without providing any concrete metrics or specific tool names to verify the claim.",,0,,,,
0,1431,False,REWRITE,"- Authored team-wide campaigns with logic-driven personalization, leading to better engagement and more confident sends.",Treering Yearbooks,[writing][mgmt],50.0,60.0,60.0,50.0,FAIL,"The bullet uses vague, subjective language ('better engagement', 'more confident sends') without providing specific metrics or tools, and it fails to describe a concrete system or outcome.",,0,,,,
0,1431,False,REWRITE,- Became the first SDR to reach $1M+ in revenue; insights informed broader pipeline strategy and market positioning.,Treering Yearbooks,[ops],75.0,70.0,85.0,70.0,PASS,"The phrase 'insights informed broader pipeline strategy' is slightly vague and borders on corporate-speak, though the primary claim of $1M+ revenue is strong and verifiable.",,0,,,,
0,1431,False,REWRITE,- Became the first outbound employee in history to generate over $1M in potential revenue and exceeded KPIs by 17% in year one.,Treering Yearbooks,[generalist],70.0,65.0,85.0,70.0,FAIL,"The bullet uses the phrase 'Became the first... in history', which is unverifiable and reads as hyperbolic self-promotion rather than a professional achievement statement.",,0,,,,
0,1431,False,KEEP,"- Became the first outbound team member in history to generate $1M+ in sourced revenue, exceeding KPIs by 17% in year one.",Treering Yearbooks,[mgmt],85.0,80.0,95.0,70.0,PASS,,,0,,,,
0,1431,False,REWRITE,"- Built CRM systems tracking 15 data points per account across 206 active tasks, enabling efficient territory management at scale. Cross-Functional & GTM Strategy:",Treering Yearbooks,[ops][mgmt],85.0,80.0,85.0,80.0,FAIL,"The bullet ends with a colon and a category header, which violates the rule against trailing punctuation and suggests a formatting error rather than a clean, professional bullet point.",,0,,,,
0,1431,False,KEEP,"- Built CRM systems tracking 15+ data points per account across 206 active tasks, enabling efficient workflow management.",Treering Yearbooks,[ops][mgmt],85.0,90.0,85.0,80.0,PASS,,,0,,,,
0,1431,False,REWRITE,"- Built QA protocols that ensured CRM and email campaigns met logic, segmentation, and delivery accuracy standards.",Treering Yearbooks,[ops],75.0,80.0,85.0,70.0,PASS,"The bullet lacks specific metrics or named tools, making it feel slightly generic and difficult to verify the actual impact or scale of the QA protocols.",,0,,,,
0,1431,False,REWRITE,"- Built a new data-focused research role that uncovered over $3 million in dormant Salesforce pipeline, revitalizing outreach efforts, and directly contributing to revenue growth.",Treering Yearbooks,[ops],75.0,70.0,85.0,80.0,PASS,The phrase 'directly contributing to revenue growth' is slightly vague and borders on filler; specifying the actual revenue impact or the timeframe would strengthen the claim.,,0,,,,
0,1431,False,REWRITE,"- Built advanced automations with segmentation, A/B testing, and logic-based branching, improving open rates by up to 25%.",Treering Yearbooks,[email],75.0,70.0,85.0,80.0,PASS,"The metric 'improving open rates by up to 25%' is slightly vague as it lacks context regarding the baseline, the volume of emails sent, or the specific platform used to achieve this.",,0,,,,
0,1431,False,REWRITE,"- Built and optimized Outreach.io campaigns with advanced segmentation logic, improving response rates and pipeline quality.",Treering Yearbooks,[ops],70.0,75.0,80.0,85.0,PASS,"The bullet lacks specific metrics to quantify the improvement in response rates and pipeline quality, making the outcome claim vague.",,0,,,,
0,1431,False,REWRITE,"- Built and optimized automated email sequences achieving up to 83% open rates and 43% reply rates (10x higher than industry average) across a $20M portfolio of 2,900+ B2B accounts.",Treering Yearbooks,[email],65.0,60.0,85.0,80.0,FAIL,"The metrics (83% open rate, 43% reply rate) are statistically implausible for a 2,900-account B2B portfolio, triggering the hallucination/scope inflation risk; the bullet also uses a dash in prose.",,0,,,,
0,1431,False,KEEP,"- Built full-funnel Outreach.io campaigns with logic-based branching, A/B testing, and variable messaging.",Treering Yearbooks,[email],90.0,95.0,95.0,90.0,PASS,,,0,,,,
0,1431,False,KEEP,"- Built full-funnel Outreach.io campaigns with logic-based branching, variable messaging, and A/B testing.",Treering Yearbooks,[email],90.0,95.0,95.0,90.0,PASS,,,0,,,,
0,1431,False,KEEP,"- Built full-funnel campaigns in Outreach.io + Salesforce with personalized messaging, logic-based branching, and ongoing A/B testing",Treering Yearbooks,[ops],90.0,95.0,95.0,90.0,PASS,,,0,,,,
0,1431,False,KEEP,"- Built full-funnel campaigns in Outreach.io + Salesforce with personalized messaging, testing, and logic-based branching",Treering Yearbooks,[ops],90.0,95.0,95.0,90.0,PASS,,,0,,,,
0,1431,False,KEEP,"- Built full-funnel campaigns in Outreach.io using personalized messaging, A/B testing, and logic-based branching.",Treering Yearbooks,[email],85.0,90.0,95.0,85.0,PASS,,,0,,,,
0,1431,False,KEEP,"- Built full-funnel sequences in Outreach.io + Salesforce with personalized messaging, testing, and cross-functional campaign execution using logic-based branching",Treering Yearbooks,[ops][email],85.0,90.0,85.0,90.0,PASS,,,0,,,,
0,1431,False,KEEP,"- Built logic-based QA checklists to validate campaign accuracy, personalization triggers, and data flows before launch.",Treering Yearbooks,[ops],85.0,90.0,95.0,80.0,PASS,,,0,,,,
0,1431,False,REWRITE,"- Built logic-driven Outreach.io campaigns with behavior triggers, A/B variants, and variable copy — increasing reply rates and improving engagement at every stage of the sales funnel.",Treering Yearbooks,[email][writing],75.0,80.0,85.0,80.0,PASS,"The claim of increasing reply rates and engagement is vague because it lacks a specific percentage or baseline comparison, making the outcome feel like a generic assertion rather than a proven result.",,0,,,,
0,1431,False,REWRITE,"- Built relationships with K-12 district leaders, school officials, and PTAs, securing multi-school contracts and high-value partnerships.",Treering Yearbooks,[email],65.0,70.0,80.0,60.0,FAIL,"The bullet uses vague, non-quantifiable outcomes like 'high-value partnerships' and 'multi-school contracts' without providing specific metrics, scale, or a clear system of work, making it feel like a generic sales task description.",,0,,,,
0,1431,False,REWRITE,"- Built strong relationships with K-12 decision-makers through research, outreach, and tailored messaging campaigns.",Treering Yearbooks,[email],40.0,50.0,60.0,30.0,FAIL,"The bullet uses generic, non-verifiable language ('strong relationships', 'tailored messaging') and fails to provide any specific metrics, tools, or systems used to achieve the outcome.",,0,,,,
0,1431,False,REWRITE,"- Built strong relationships with K-12 district leaders, school officials, and PTAs to secure multi-school contracts and partnerships.",Treering Yearbooks,[email],60.0,65.0,70.0,50.0,FAIL,The bullet uses the filler word 'strong' and describes a task/responsibility rather than a specific system or outcome; it lacks a concrete metric or specific tool mention to verify the scale of the contracts.,,0,,,,
0,1431,False,REWRITE,- Built trusted relationships with K-12 decision-makers through research and personalized campaign messaging.,Treering Yearbooks,[email],40.0,50.0,60.0,30.0,FAIL,"The bullet is generic, lacks specific metrics or tools, and uses vague, soft-skill-focused language ('built trusted relationships') that is impossible to verify.",,0,,,,
0,1431,False,KEEP,- Captured over $1M in revenue by refining email sequences that later served as foundational templates for a 20+ person team.,Treering Yearbooks,[mgmt],85.0,80.0,90.0,85.0,PASS,,,0,,,,
0,1431,False,REWRITE,"- Championed adoption of Outreach.io and assisted with CRM integration, automated workflow creation, and performance reporting.",Treering Yearbooks,[ops],60.0,65.0,70.0,75.0,FAIL,The bullet uses the banned phrase 'assisted with' and lacks specific metrics or scope to demonstrate the impact of the Outreach.io adoption.,,0,,,,
0,1431,False,REWRITE,"- Championed outreach to school districts and PTA Councils, facilitating a statewide promotion with the Georgia PTA.",Treering Yearbooks,[email],70.0,75.0,80.0,65.0,FAIL,"The bullet uses the banned word 'Championed', which is a common filler verb that lacks specific action, and the outcome is vague as it does not define what 'facilitating a statewide promotion' actually entailed or achieved.",,0,,,,
0,1431,False,REWRITE,"- Championed targeted outreach to school districts and PTA Councils; developed processes, led best-practice trainings, secured a high-impact presentation with a major Georgia PTA Council, and facilitated statewide promotions.",Treering Yearbooks,[email],65.0,70.0,75.0,60.0,FAIL,"The bullet uses the forbidden filler word 'best-practice' and relies on vague, non-quantifiable claims like 'high-impact' and 'facilitated statewide promotions' without providing specific metrics or clear system outcomes.",,0,,,,
0,1431,False,REWRITE,"- Chosen to lead the wrap-up of Treering’s client project, then directly recruited by Treering’s Head of Sales to join them in-house.",Treering Yearbooks,[generalist],70.0,75.0,80.0,40.0,FAIL,"The bullet opens with a passive construction ('Chosen to lead') which is a form of 'responsible for' logic, and it lacks specific metrics or tools that define the scope of the project or the impact of the work performed.",,0,,,,
0,1431,False,KEEP,- Cleaned CRM fields and created dashboards that helped uncover $3M+ in hidden pipeline.,Treering Yearbooks,[ops],85.0,80.0,90.0,85.0,PASS,,,0,,,,
0,1431,False,REWRITE,- Cleaned CRM fields and created dashboards that helped uncover $3M+ in hidden pipelines.,Treering Yearbooks,[ops],75.0,70.0,85.0,80.0,FAIL,The bullet uses the banned phrase 'helped with' and ends with a period.,,0,,,,
0,1431,False,REWRITE,"- Co-founded a content committee to unify messaging across teams, improving clarity across all communication touchpoints.",Treering Yearbooks,[content][mgmt],60.0,70.0,65.0,50.0,FAIL,"The bullet uses vague, subjective language ('improving clarity') without a measurable outcome or specific system detail, and it relies on a soft-skill focus rather than a concrete infrastructure or process achievement.",,0,,,,
0,1431,False,KEEP,"- Coached a high-performing remote team of 4–6 SDRs while managing a personal portfolio of 2,000+ sales accounts.",Treering Yearbooks,[mgmt],85.0,90.0,95.0,80.0,PASS,,,0,,,,
0,1431,False,REWRITE,"- Coached and scaled a high-performing remote team of 4–6 SDRs while managing a personal portfolio of 2,000+ accounts.",Treering Yearbooks,[mgmt],75.0,80.0,85.0,70.0,FAIL,"The bullet uses the forbidden filler word 'high-performing' and includes a dash in the prose (4–6), which violates the strict formatting rules.",,0,,,,
0,1431,False,REWRITE,"- Collaborated cross-functionally to train Marketing on successful conditional-logic modules, unlocking personalization at scale.",Treering Yearbooks,[generalist],65.0,70.0,75.0,60.0,FAIL,The bullet uses the banned phrase 'Collaborated' (often a proxy for 'helped with' or 'worked on') and lacks specific metrics or tool names to ground the claim of 'personalization at scale'.,,0,,,,
0,1431,False,REWRITE,"- Collaborated on Adobe eSign ABM pilot messaging strategy, contributing insights that led to nomination for senior copywriting roles.",Treering Yearbooks,[writing],40.0,50.0,60.0,40.0,FAIL,"The bullet uses the banned phrase 'Collaborated on', lacks a concrete outcome (a nomination is a subjective internal event, not a business result), and is vague regarding the actual contribution.",,0,,,,
0,1431,False,REWRITE,"- Collaborated on pilot messaging strategy for Adobe eSign ABM outreach, leading to nomination for two senior roles.",Treering Yearbooks,[email],50.0,60.0,70.0,60.0,FAIL,"The bullet uses the banned phrase 'Collaborated on' and relies on a subjective, unverifiable outcome ('nomination for two senior roles') rather than a business metric or system-level achievement.",,0,,,,
0,1431,False,REWRITE,"- Collaborated on the company-wide migration from PersistIQ to Outreach.io, streamlining Salesforce integration and platform reporting",Treering Yearbooks,[ops][email],70.0,75.0,80.0,85.0,FAIL,"The bullet opens with 'Collaborated on', which is a banned phrase that obscures individual contribution and reads as a passive task description rather than a clear outcome.",,0,,,,
0,1431,False,REWRITE,- Collaborated with marketing and sales leadership to align campaign messaging with company goals and product milestones.,Treering Yearbooks,[brand],40.0,50.0,60.0,30.0,FAIL,"The bullet uses the banned phrase 'Collaborated with' and is entirely generic, lacking any specific metrics, tools, or tangible outcomes that would distinguish it from any other marketing resume.",,0,,,,
0,1431,False,REWRITE,"- Collaborated with product, marketing, and support teams to align messaging strategies and improve user experience.",Treering Yearbooks,[mgmt],40.0,50.0,50.0,30.0,FAIL,"The bullet uses generic, non-specific language that could apply to any role, lacks any measurable outcome or specific system/tool mention, and fails to describe a concrete achievement beyond standard cross-functional communication.",,0,,,,
0,1431,False,KEEP,"- Conducted CRM audit that surfaced $3M+ in untapped pipeline by resolving miscategorized records, refining filters, creating complex reports, and building dashboard-ready insights supporting QA and compliance.",Treering Yearbooks,[ops],90.0,85.0,90.0,95.0,PASS,,,0,,,,
0,1431,False,KEEP,"- Conducted CRM audit that surfaced $3M+ in untapped pipeline by resolving miscategorized records, refining filters, creating complex reports, and building performance dashboards.",Treering Yearbooks,[ops],90.0,85.0,95.0,90.0,PASS,,,0,,,,
0,1431,False,KEEP,"- Conducted CRM audit that surfaced $3M+ in untapped pipeline, refining filters, cleaning records, and delivering dashboard-ready insights to support QA and compliance.",Treering Yearbooks,[ops],90.0,85.0,95.0,90.0,PASS,,,0,,,,
0,1431,False,KEEP,"- Conducted a CRM audit that surfaced $3M+ in pipeline by rescuing stalled deals, fixing process gaps, and tightening data hygiene",Treering Yearbooks,[ops],85.0,80.0,90.0,85.0,PASS,,,0,,,,
0,1431,False,KEEP,"- Conducted a systematic CRM audit that uncovered $3M+ in dormant pipeline, creating targeted reactivation campaigns that revitalized sales opportunities.",Treering Yearbooks,[ops],85.0,80.0,90.0,85.0,PASS,,,0,,,,
0,1431,False,REWRITE,"- Conducted comprehensive A/B testing on subject lines, send times, and email content to optimize campaign performance, with top performing campaigns reaching 34% reply rates.",Treering Yearbooks,[email][content],75.0,80.0,85.0,70.0,PASS,"The bullet relies on a 'top performing' metric which is a common way to cherry-pick data, and it lacks specific context regarding the audience size or the tool used to conduct the testing.",,0,,,,
0,1431,False,KEEP,"- Conducted comprehensive CRM audit that identified and unlocked $3M+ in dormant pipeline, creating targeted re-engagement campaigns for the entire sales organization.",Treering Yearbooks,[ops],85.0,80.0,90.0,85.0,PASS,,,0,,,,
0,1431,False,REWRITE,"- Conducted detailed prospect research and personalized outreach, significantly boosting engagement and lead qualification.",Treering Yearbooks,[email],40.0,50.0,50.0,40.0,FAIL,"The bullet uses vague, unquantified claims ('significantly boosting') and lacks specific tools, metrics, or systems, making it generic and unverifiable.",,0,,,,
0,1431,False,REWRITE,"- Conducted innovative prospect research, leveraging personal details to build authentic connections and boost effectiveness.",Treering Yearbooks,[generalist],40.0,50.0,60.0,30.0,FAIL,"The bullet uses vague, buzzword-heavy language like 'innovative' and 'authentic connections' without providing a specific system, tool, or measurable outcome. It reads as a generic task description rather than a high-impact achievement.",,0,,,,
0,1431,False,KEEP,"- Conducted strategic CRM analysis, revealing $3M+ in hidden pipeline opportunities.",Treering Yearbooks,[ops],90.0,85.0,95.0,80.0,PASS,,,0,,,,
0,1431,False,KEEP,"- Conducted systematic CRM analysis that uncovered $3M+ in dormant pipeline opportunities, creating targeted re-engagement campaigns and territory redistribution strategies.",Treering Yearbooks,[ops],90.0,85.0,95.0,90.0,PASS,,,0,,,,
0,1431,False,KEEP,"- Conducted systematic CRM analysis uncovering $3M+ in dormant opportunities, creating targeted reactivation campaigns.",Treering Yearbooks,[ops],85.0,80.0,90.0,85.0,PASS,,,0,,,,
0,1431,False,REWRITE,"- Conducted systematic analysis of $3M+ pipeline opportunities, creating data-driven optimization strategies.",Treering Yearbooks,[ops],70.0,75.0,80.0,70.0,PASS,"The phrase 'creating data-driven optimization strategies' is slightly vague and borders on corporate-speak; it would be stronger to specify the outcome of those strategies (e.g., 'increasing conversion by X%').",,0,,,,
0,1431,False,KEEP,"- Consistently exceeded annual revenue goals, becoming the first SDR in company history to source over $1M in new revenue.",Treering Yearbooks,[enablement],85.0,80.0,95.0,70.0,PASS,,,0,,,,
0,1431,False,REWRITE,"- Consistently exceeded revenue goals, becoming the first SDR in company history to source $1M+ in new revenue.",Treering Yearbooks,[enablement],70.0,65.0,90.0,60.0,FAIL,The bullet uses the banned filler word 'consistently' and relies on a superlative ('first in company history') that is difficult to verify and often perceived as inflated or unverifiable by skeptical hiring managers.,,0,,,,
0,1431,False,REWRITE,"- Crafted account-based marketing campaigns for Adobe Sign, resulting in two senior-level nominations.",Treering Yearbooks,[email],40.0,50.0,60.0,50.0,FAIL,"The bullet is vague and relies on an unverifiable, subjective outcome (nominations) rather than a business metric; it also fails to describe the system or scale of the campaigns.",,0,,,,
0,1431,False,KEEP,"- Created and implemented a data-focused role to surface $3M+ in untapped pipeline via dashboards, CRM cleanup, and strategic outreach workflows",Treering Yearbooks,[ops],85.0,80.0,90.0,95.0,PASS,,,0,,,,
0,1431,False,KEEP,"- Created and operationalized a data-focused role to surface $3M+ in untapped pipeline potential via dashboard building, CRM cleanup, and campaign performance insights",Treering Yearbooks,[ops],85.0,80.0,90.0,85.0,PASS,,,0,,,,
0,1431,False,REWRITE,"- Created and optimized A/B test sequences for subject lines, send timing, and content blocks, consistently driving increases in engagement rates and successful reactivation of churned accounts.",Treering Yearbooks,[content],50.0,60.0,70.0,65.0,FAIL,"The bullet fails because it uses generic, unverifiable claims ('consistently driving increases') without providing specific metrics or the scale of the reactivation effort, and it ends with a period.",,0,,,,
0,1431,False,REWRITE,"- Created branded enablement assets and presentation decks for webinars, virtual events, and prospect outreach, reinforcing message clarity, visual consistency, and campaign cohesion across touchpoints.",Treering Yearbooks,[brand][content],65.0,70.0,75.0,60.0,FAIL,"The bullet is generic and reads as a task description rather than an outcome-oriented statement; it lacks specific metrics, tools, or tangible results to differentiate the candidate.",,0,,,,
0,1431,False,REWRITE,"- Created branded presentation decks and pitch materials for high-impact initiatives, including a successful Georgia PTA presentation reaching hundreds of PTA presidents.",Treering Yearbooks,[email][brand],75.0,80.0,85.0,60.0,PASS,The bullet relies on the vague term 'high-impact initiatives' and lacks specific metrics regarding the outcome of the pitch materials beyond the reach of the presentation.,,0,,,,
0,1431,False,REWRITE,"- Created communication templates, editorial calendars, and QA systems to unify tone and structure across content touchpoints.",Treering Yearbooks,[content][brand],75.0,80.0,85.0,70.0,PASS,"The bullet lacks specific metrics or tool names to ground the claim, making it feel slightly generic despite being well-structured.",,0,,,,
0,1431,False,REWRITE,"- Created content maps, marketing calendars, and automation models that improved campaign efficiency and asset alignment.",Treering Yearbooks,[content],60.0,70.0,65.0,60.0,FAIL,"The bullet is too generic and lacks specific metrics, tools, or tangible outcomes; it reads as a list of tasks rather than a demonstration of impact.",,0,,,,
0,1431,False,REWRITE,"- Created custom dashboards, cleaned CRM fields, and helped uncover $3M+ in pipeline via better data visibility.",Treering Yearbooks,[ops],65.0,70.0,75.0,80.0,FAIL,"The bullet uses the banned phrase 'helped with' and lacks specific tool mentions (e.g., Salesforce, HubSpot) to ground the CRM work.",,0,,,,
0,1431,False,KEEP,"- Created custom outreach programs targeting PTA Councils and school districts, facilitating high-value partnerships with regional education groups like the Georgia PTA which oversees PTA units at 1,279 schools.",Treering Yearbooks,[email],90.0,95.0,90.0,85.0,PASS,,,0,,,,
0,1431,False,REWRITE,"- Created journey maps, marketing calendars, and automation logic models that improved campaign efficiency.",Treering Yearbooks,[email],50.0,60.0,60.0,50.0,FAIL,"The bullet is generic, lacks specific metrics or tools, and uses vague outcome language ('improved campaign efficiency') without evidence.",,0,,,,
0,1431,False,REWRITE,"- Created journey maps, marketing calendars, and automation logic that improved workflow efficiency and editorial consistency.",Treering Yearbooks,[generalist],60.0,70.0,75.0,65.0,FAIL,"The bullet fails because it uses vague, unquantified outcomes ('improved workflow efficiency and editorial consistency') and lacks specific tools or metrics to verify the claim.",,0,,,,
0,1431,False,REWRITE,"- Created message templates, campaign calendars, and QA systems to unify tone and structure across content touchpoints.",Treering Yearbooks,[brand][content],75.0,80.0,85.0,70.0,PASS,"The bullet lacks specific metrics or tool names, making it feel slightly generic and difficult to verify the actual impact of the unification effort.",,0,,,,
0,1431,False,REWRITE,"- Created training materials, marketing calendars, and QA workflows to support scalable, repeatable campaigns.",Treering Yearbooks,[email],60.0,70.0,75.0,65.0,FAIL,"The bullet uses generic, task-oriented language ('Created training materials, marketing calendars, and QA workflows') that lacks specific outcomes, metrics, or the scale of the campaigns supported.",,0,,,,
0,1431,False,REWRITE,"- Custom Reporting & Dashboards: Built advanced reports with bucket fields, conditional formatting, and dynamic filters to create user specific dashboards without redundant duplication. Centralized high-impact reports into shared folders for improved accessibility. Designed real-time tracking dashboards to help employees and senior sales managers efficiently measure KPIs and goal progress.",Treering Yearbooks,[mgmt][design],75.0,80.0,70.0,85.0,FAIL,"The bullet contains a dash in the prose ('Custom Reporting & Dashboards:'), uses a colon which is not permitted in the bullet content, and is structured as a list of tasks rather than a single, cohesive outcome-driven statement.",,0,,,,
0,1431,False,REWRITE,"- Delivered a top-tier “Good Fit” rate, earning recognition for consistently surfacing high-converting leads.",Treering Yearbooks,[generalist],40.0,45.0,50.0,30.0,FAIL,"The bullet uses vague, subjective superlatives like 'top-tier' and 'high-converting' without providing a specific metric, tool, or system context. It also relies on 'earning recognition,' which is a soft-skill claim that cannot be verified, and fails to describe the actual work performed.",,0,,,,
0,1431,False,REWRITE,"- Delivered consistently high “Good Fit” ratings and positive feedback from Sales, driving high-conversion handoffs.",Treering Yearbooks,[generalist],40.0,50.0,60.0,40.0,FAIL,"The bullet uses vague, subjective language ('consistently high', 'positive feedback') without providing a specific metric, tool, or system context, and it fails to define what a 'Good Fit' rating actually entails.",,0,,,,
0,1431,False,REWRITE,"- Delivered monthly training workshops for a 20+ person team on advanced CRM techniques, competitive positioning, and objection handling, measurably increasing confidence and close rates to 62-72% while reducing average new hire ramp time by 30%.",Treering Yearbooks,[mgmt][ops],75.0,70.0,85.0,80.0,PASS,"The claim that training workshops 'measurably increased' close rates to a specific range is difficult to attribute solely to training without isolating other variables, making the metric feel slightly inflated.",,0,,,,
0,1431,False,REWRITE,- Designed QA protocols and campaign operations documentation reducing content errors by 50% across all marketing channels.,Treering Yearbooks,[content][design],75.0,80.0,85.0,70.0,PASS,"The claim of reducing errors by 50% is significant but lacks context regarding the baseline or the volume of content, making it slightly harder to verify without knowing the scale of the marketing operations.",,0,,,,
0,1431,False,REWRITE,"- Designed and executed comprehensive lifecycle campaigns across a 2,000+ account portfolio, developing segmented nurture tracks, reactivation flows, and automated sequences that supported both engagement and retention goals.",Treering Yearbooks,[design],75.0,80.0,85.0,80.0,PASS,The bullet is slightly generic and lacks a specific tool mention or a concrete outcome metric beyond the vague 'supported engagement and retention goals'.,,0,,,,
0,1431,False,REWRITE,"- Designed and facilitated branded pandemic response materials, used company-wide across customer portals two years in a row.",Treering Yearbooks,[brand][design],70.0,75.0,80.0,60.0,PASS,"The bullet is slightly vague regarding the specific impact or nature of the materials, and 'pandemic response' is a dated context that may not translate to current business value.",,0,,,,
0,1431,False,REWRITE,"- Designed and implemented highly segmented, data-informed email sequences with Outreach.io, nearly doubling lead-to meeting conversion rates through targeted A/B testing and continuous refinement.",Treering Yearbooks,[ops][email],75.0,70.0,85.0,80.0,FAIL,"The bullet uses the phrase 'nearly doubling' which is a hedge and violates the anti-pattern rule against rounding or hedging metrics; it also lacks specific context (e.g., audience size or timeframe) to anchor the conversion rate claim.",,0,,,,
0,1431,False,KEEP,"- Designed and implemented scalable QA protocols and workflow documentation, reducing content errors by 50%.",Treering Yearbooks,[content][design],85.0,80.0,90.0,85.0,PASS,,,0,,,,
0,1431,False,REWRITE,"- Designed and implemented scalable QA protocols, reducing content errors by 50%.",Treering Yearbooks,[content][design],75.0,80.0,90.0,70.0,PASS,"The bullet lacks specific context regarding the volume of content or the specific tools/methodologies used to implement the QA protocols, making the 50% reduction metric feel slightly abstract.",,0,,,,
0,1431,False,REWRITE,"- Designed and managed team-wide campaigns for multiple years, typically running August–May; included segmentation, planned timing, and personalization variables; best sequences achieved 83% open / 43% reply",Treering Yearbooks,[mgmt][design],70.0,65.0,75.0,70.0,FAIL,"The bullet uses a dash in prose (August–May), contains a banned filler word (best-in-class implied by the superlative performance claim without context), and lacks a specific tool mention to anchor the campaign management claim.",,0,,,,
0,1431,False,REWRITE,"- Designed and presented a pitch deck to the agency’s CEO and executive creative director, receiving praise on visual impact.",Treering Yearbooks,[brand][design],60.0,65.0,80.0,40.0,FAIL,"The bullet fails because it describes a task (designing a deck) rather than a business outcome or system, and relies on subjective praise ('receiving praise') which is unverifiable and lacks professional impact.",,0,,,,
0,1431,False,REWRITE,"- Designed campaign QA checklists, automation flow maps, and logic models to ensure accuracy, alignment, and performance.",Treering Yearbooks,[design],70.0,80.0,75.0,70.0,PASS,"The bullet is functional but lacks specific metrics, tool names, or a clear outcome, making it feel like a list of tasks rather than a high-impact achievement.",,0,,,,
0,1431,False,REWRITE,"- Designed full-funnel lifecycle journeys tailored to each persona, behavior, and timing to enhance activation and retention.",Treering Yearbooks,[design],60.0,65.0,70.0,60.0,FAIL,"The bullet is too generic and lacks specific metrics, tools, or concrete outcomes; it reads as a task description rather than a demonstration of impact.",,0,,,,
0,1431,False,REWRITE,- Designed persona-based lifecycle journeys to improve activation and long-term engagement.,Treering Yearbooks,[design],60.0,70.0,75.0,65.0,FAIL,"The bullet is too generic and lacks specific metrics, tools, or the scale of the lifecycle journeys, making it indistinguishable from any other marketing resume.",,0,,,,
0,1431,False,KEEP,"- Designed persona-segmented ABM outreach for large school districts, resulting in new PTA partnerships and expanded vendor eligibility across 2,000+ schools and multiple regional councils.",Treering Yearbooks,[email][design],85.0,90.0,95.0,85.0,PASS,,,0,,,,
0,1431,False,REWRITE,- Designed scalable QA protocols reducing content errors by 50% through systematic evaluation processes.,Treering Yearbooks,[content][design],70.0,75.0,80.0,65.0,PASS,"The bullet lacks specific tool mentions or a defined scope (e.g., what content, what team size, or what timeframe), making the 50% reduction claim feel slightly abstract.",,0,,,,
0,1431,False,REWRITE,"- Developed 62 distinct sales sequences achieving 100% team adoption, 74% open rates, and 43% reply rates (10x industry average).",Treering Yearbooks,[email][mgmt],70.0,65.0,90.0,85.0,FAIL,"The bullet fails because it includes a dash in the prose (10x industry average) and the metrics (74% open rate, 43% reply rate) are statistically implausible for sales sequences, triggering a believability penalty despite the attempt at context.",,0,,,,
0,1431,False,REWRITE,- Developed ABM pilot messaging for Adobe eSign that led to nomination for two senior roles.,Treering Yearbooks,[generalist],60.0,65.0,70.0,60.0,FAIL,"The bullet fails because it relies on an unverifiable and subjective outcome (nomination for roles) rather than a business-related metric or system impact, and it lacks sufficient detail regarding the ABM pilot scope.",,0,,,,
0,1431,False,REWRITE,"- Developed ABM-style messaging for Adobe eSign, earning two senior-level nominations.",Treering Yearbooks,[generalist],65.0,70.0,75.0,60.0,PASS,The bullet is somewhat vague regarding the actual outcome; 'senior-level nominations' is a soft metric that does not clearly demonstrate business impact or system-level success.,,0,,,,
0,1431,False,KEEP,"- Developed QA protocols for campaign logic, trigger testing, and email performance tracking.",Treering Yearbooks,[email],85.0,90.0,90.0,80.0,PASS,,,0,,,,
0,1431,False,REWRITE,"- Developed SOPs, reports, and dashboards to support compliant outreach and ensure cross-team visibility into campaign results.",Treering Yearbooks,[mgmt],60.0,70.0,65.0,60.0,FAIL,"The bullet is too generic and reads as a task description rather than an outcome-oriented statement; it lacks specific metrics, tools, or a clear sense of scale.",,0,,,,
0,1431,False,REWRITE,"- Developed a high-impact pitch deck for a Georgia PTA council overseeing hundreds of schools, leading to expanded visibility.",Treering Yearbooks,[email][design],60.0,65.0,70.0,50.0,FAIL,"The bullet uses the vague, subjective adjective 'high-impact' and fails to provide a concrete outcome, instead using the generic phrase 'leading to expanded visibility' which is unverifiable and lacks a specific metric.",,0,,,,
0,1431,False,REWRITE,"- Developed account-based marketing (ABM) messaging for Adobe eSign, resulting in two senior-level nominations.",Treering Yearbooks,[generalist],60.0,65.0,70.0,60.0,FAIL,The bullet fails because 'senior-level nominations' is an unverifiable and vague outcome that does not demonstrate business impact or system ownership. It reads as a task description rather than an outcome-based achievement.,,0,,,,
0,1431,False,REWRITE,"- Developed and executed outbound email sequences employing dynamic content personalization and advanced audience segmentation, achieving up to 83% open rates and 43% reply rates across a $20M portfolio of 2,900+ B2B accounts.",Treering Yearbooks,[email][content],70.0,65.0,90.0,95.0,FAIL,"The bullet uses the forbidden filler word 'dynamic' and the metrics (83% open rate, 43% reply rate) are statistically implausible for cold outbound email at a 2,900 account scale, triggering a believability penalty.",,0,,,,
0,1431,False,REWRITE,"- Developed audience-specific campaign cadences to improve response rates with thoughtful pacing, relevance, and brand alignment.",Treering Yearbooks,[brand],50.0,60.0,60.0,40.0,FAIL,"The bullet uses vague, subjective language ('thoughtful pacing', 'relevance', 'brand alignment') without providing a single metric, tool, or specific outcome to verify the claim. It reads as a generic task description rather than a high-impact systems statement.",,0,,,,
0,1431,False,REWRITE,"- Developed campaign kits with A/B testing options and segmented, audience-centric sequences to drive engagement.",Treering Yearbooks,[email],65.0,70.0,75.0,60.0,FAIL,"The bullet is too generic and lacks specific metrics, tools, or a defined scope, making it sound like a standard task description rather than a high-impact outcome.",,0,,,,
0,1431,False,REWRITE,"- Developed custom dashboards and reporting mechanisms that identified and capitalized on $3M+ in previously untapped revenue opportunities, underscoring a strategic approach to data and analytics",Treering Yearbooks,[ops],70.0,65.0,80.0,85.0,FAIL,"The bullet uses the filler phrase 'underscoring a strategic approach to data and analytics' which is generic fluff, and the claim of identifying $3M in untapped revenue is vague without context on the methodology or the specific system used to track it.",,0,,,,
0,1431,False,REWRITE,"- Developed executive presentations and branded assets for reps, execs, and school districts — including a Georgia PTA pitch that expanded reach across hundreds of schools statewide and supported outreach, training, and conference campaigns.",Treering Yearbooks,[email][content],65.0,70.0,60.0,65.0,FAIL,"The bullet contains a dash in prose, which violates the strict formatting rules, and the phrasing 'supported outreach, training, and conference campaigns' is overly generic and borders on task-description rather than outcome-focused.",,0,,,,
0,1431,False,REWRITE,"- Developed journey maps, content calendars, and automation logic models that improved campaign efficiency.",Treering Yearbooks,[content],60.0,70.0,75.0,70.0,FAIL,The bullet is too generic and lacks specific metrics or tool names to prove the claim of improved efficiency; it reads as a list of tasks rather than a high-impact outcome.,,0,,,,
0,1431,False,KEEP,"- Developed logic-based nurture sequences using Outreach.io and Salesforce, including A/B testing, persona segmentation, and behavioral triggers.",Treering Yearbooks,[ops],90.0,95.0,95.0,90.0,PASS,,,0,,,,
0,1431,False,REWRITE,- Developed multi-year sales strategies to expand partnerships and secure recurring deals.,Treering Yearbooks,[generalist],40.0,50.0,60.0,40.0,FAIL,"The bullet is overly generic, lacks specific metrics or tools, and uses vague corporate language that could apply to any sales role without providing evidence of actual impact.",,0,,,,
0,1431,False,KEEP,"- Developed personalized cadences and ABM-inspired strategies for enterprise clients, including a pilot program for Adobe eSign.",Treering Yearbooks,[generalist],85.0,90.0,85.0,80.0,PASS,,,0,,,,
0,1431,False,KEEP,"- Developed reactivation campaigns that uncovered $3M+ in dormant pipeline, revitalizing relationships with previous customers.",Treering Yearbooks,[ops],85.0,80.0,90.0,85.0,PASS,,,0,,,,
0,1431,False,KEEP,- Developed scalable email sequences later adopted as foundational templates across a 20+ person team.,Treering Yearbooks,[mgmt],85.0,90.0,95.0,80.0,PASS,,,0,,,,
0,1431,False,REWRITE,- Developed segmentation strategies and research methodologies increasing team qualification rates and pipeline quality through data-driven optimization.,Treering Yearbooks,[ops][mgmt],50.0,60.0,55.0,60.0,FAIL,"The bullet is overly generic, lacks specific metrics or tools, and relies on buzzwords like 'data-driven optimization' without explaining the actual system or outcome.",,0,,,,
0,1431,False,REWRITE,"- Developed targeted outbound outreach and ABM strategies for enterprise clients, including a pilot program for Adobe eSign.",Treering Yearbooks,[email],75.0,80.0,85.0,80.0,PASS,The bullet is slightly generic and lacks a specific outcome or metric to demonstrate the effectiveness of the strategies or the pilot program.,,0,,,,
0,1431,False,REWRITE,"- Developed targeted outreach and ABM campaigns for SaaS and EdTech clients, including a pilot for Adobe eSign.",Treering Yearbooks,[email],75.0,80.0,85.0,80.0,PASS,"The bullet lacks a specific outcome or metric to demonstrate the effectiveness of the campaigns, making it feel slightly task-oriented rather than results-driven.",,0,,,,
0,1431,False,REWRITE,"- Developed targeted outreach campaigns and ABM strategies for enterprise clients, including a pilot program for Adobe eSign.",Treering Yearbooks,[email],75.0,80.0,85.0,80.0,PASS,"The bullet is slightly generic; while it mentions a specific pilot program, it lacks a concrete outcome or metric to demonstrate the effectiveness of the ABM strategies.",,0,,,,
0,1431,False,REWRITE,"- Developed teamwide cadences tailored to key audience segments, improving email response rates through thoughtful pacing, relevance, and brand voice consistency.",Treering Yearbooks,[brand][mgmt],60.0,65.0,70.0,50.0,FAIL,"The bullet fails because it lacks specific metrics, tools, or systems, and relies on vague, subjective claims like 'thoughtful pacing' and 'relevance' without evidence.",,0,,,,
0,1431,False,REWRITE,- Developing email sequences that became foundational templates for a 20+ member team.,Treering Yearbooks,[mgmt],85.0,90.0,95.0,80.0,FAIL,"The bullet uses the present participle 'Developing' instead of a strong past-tense action verb, which violates the requirement for a strong, specific past-tense opener.",,0,,,,
0,1431,False,REWRITE,"- Directed email calendar management and segmentation strategy for year-long lifecycle campaigns, ensuring consistent brand voice, timely messaging, and alignment with sales objectives.",Treering Yearbooks,[brand][mgmt],65.0,70.0,75.0,60.0,FAIL,"The bullet uses generic, task-oriented language ('Directed... management', 'ensuring consistent brand voice') that lacks specific metrics, tools, or tangible outcomes, making it indistinguishable from a standard job description.",,0,,,,
0,1431,False,KEEP,"- Directed lifecycle campaigns for 2,000+ accounts using Salesforce and Outreach.io, incorporating personalized nurture tracks, reactivation flows, and segmented outreach.",Treering Yearbooks,[ops],90.0,95.0,95.0,90.0,PASS,,,0,,,,
0,1431,False,REVIEW,"- Directed multi-stage lifecycle campaigns across Salesforce and Outreach.io, managing a 2,000+ account portfolio with personalized nurture tracks, reactivation flows, and segmentation strategies that supported engagement and revenue growth.",Treering Yearbooks,[ops],85.0,90.0,90.0,95.0,PASS,The outcome statement 'supported engagement and revenue growth' is slightly vague and lacks a specific metric or percentage to anchor the impact.,,0,,,,
0,1431,False,KEEP,"- Directed segmented lifecycle campaigns for my 2,000+ account portfolio, using behavioral triggers and conversion goals to guide nurture, reactivation, and outbound flows.",Treering Yearbooks,[email],90.0,95.0,95.0,90.0,PASS,,,0,,,,
0,1431,False,REWRITE,"- Drove B2B sales, optimized Salesforce/CRM systems, and crafted conversion-focused messaging in Outreach.io.",Treering Yearbooks,[ops],60.0,65.0,70.0,75.0,FAIL,"The bullet uses the banned phrase 'Drove' (often associated with vague impact) and lists tasks rather than outcomes; it lacks specific metrics or a clear system-level achievement, making it feel like a generic resume filler.",,0,,,,
0,1431,False,KEEP,"- Engineered year-long, full-funnel campaigns in Outreach.io with customized messaging, A/B testing, and logic-based branching.",Treering Yearbooks,[email],90.0,95.0,95.0,90.0,PASS,,,0,,,,
0,1431,False,REWRITE,"- Enhanced CRM data tracking in Salesforce and Outreach.io, optimizing pipeline workflows and marketing campaign performance.",Treering Yearbooks,[ops],60.0,70.0,65.0,75.0,FAIL,"The bullet uses vague, generic language ('enhanced', 'optimizing') and fails to provide a specific outcome or metric, making it read like a task description rather than a high-impact achievement.",,0,,,,
0,1431,False,REWRITE,"- Enhanced Outreach.io campaigns with advanced segmentation logic, optimizing response rates and strengthening pipeline quality.",Treering Yearbooks,[ops],60.0,65.0,70.0,75.0,FAIL,"The bullet uses vague, non-measurable outcomes ('optimizing response rates', 'strengthening pipeline quality') and lacks specific metrics or scope context to verify the claim.",,0,,,,
0,1431,False,REWRITE,"- Enhanced outreach by building and optimizing Outreach.io campaigns with advanced segmentation logic, improving pipeline quality.",Treering Yearbooks,[ops],70.0,80.0,75.0,85.0,PASS,"The bullet lacks a specific metric to quantify the improvement in pipeline quality, making the outcome feel somewhat vague.",,0,,,,
0,1431,False,KEEP,"- Established a unique, data-focused role to uncover untapped revenue, resulting in $3M+ identified in new pipeline",Treering Yearbooks,[ops],85.0,80.0,90.0,85.0,PASS,,,0,,,,
0,1431,False,KEEP,- Established systematic account management processes tracking 15 data points across 200+ tasks to support informed follow-up.,Treering Yearbooks,[ops][mgmt],85.0,90.0,85.0,80.0,PASS,,,0,,,,
0,1431,False,KEEP,- Exceeded first-year sales goals by 17%; became the first outbound team member to generate $1M+ in sourced revenue.,Treering Yearbooks,[mgmt],90.0,85.0,95.0,80.0,PASS,,,0,,,,
0,1431,False,KEEP,- Exceeded sales target by 17% in the first year; first outbound team member to achieve $1M+ in closed revenue,Treering Yearbooks,[mgmt],90.0,85.0,95.0,80.0,PASS,,,0,,,,
0,1431,False,KEEP,- Exceeded sales target by 17% in the first year; was the first outbound team member to achieve $1M in closed revenue.,Treering Yearbooks,[mgmt],85.0,80.0,95.0,80.0,PASS,,,0,,,,
0,1431,False,REWRITE,"- Executed A/B tests on subject lines, send times, and content, yielding top-performing campaigns with 34% reply rates and actionable insights to optimize strategies.",Treering Yearbooks,[email][content],75.0,70.0,85.0,80.0,PASS,"The claim of a 34% reply rate is high and lacks context regarding the audience size or channel, making it feel slightly inflated without the anchoring context required by the believability rules.",,0,,,,
0,1431,False,REWRITE,"- Executed high-volume, targeted email outreach via Outreach.io, optimizing cadence and timing to improve engagement.",Treering Yearbooks,[email],70.0,75.0,80.0,85.0,PASS,"The bullet lacks a specific metric or outcome, making the claim of 'improving engagement' unverifiable and generic.",,0,,,,
0,1431,False,KEEP,"- Executed systematic A/B testing on subject lines, send times, and content, with top-performing campaigns achieving 34% reply rates.",Treering Yearbooks,[email][content],85.0,80.0,90.0,85.0,PASS,,,0,,,,
0,1431,False,REWRITE,- Facilitated a statewide promotion with the Georgia PTA by developing a multi-channel content strategy that supported outreach across thousands of schools.,Treering Yearbooks,[email][content],65.0,70.0,75.0,60.0,FAIL,"The bullet uses the banned phrase 'Facilitated', which is a synonym for 'helped with' or 'assisted with', and lacks a specific outcome or metric to ground the 'thousands of schools' claim.",,0,,,,
0,1431,False,REWRITE,- Facilitated a statewide promotion with the Georgia PTA by developing a tailored multi-channel pitch campaign.,Treering Yearbooks,[email],65.0,70.0,75.0,60.0,FAIL,"The bullet uses the banned phrase 'Facilitated', which is a synonym for 'assisted with' or 'helped with', and lacks a specific outcome or metric to prove the campaign's effectiveness.",,0,,,,
0,1431,False,REWRITE,- Facilitated a statewide promotion with the Georgia PTA by developing a tailored multichannel pitch campaign.,Treering Yearbooks,[email],65.0,70.0,75.0,60.0,FAIL,"The bullet uses the banned phrase 'Facilitated', which is a synonym for 'helped with' or 'assisted with', and lacks specific metrics or outcomes to prove the effectiveness of the campaign.",,0,,,,
0,1431,False,REWRITE,- Fast-tracked to Team Lead within six months by consistently exceeding lead generation and pipeline-building goals.,Treering Yearbooks,[ops][mgmt],60.0,65.0,80.0,60.0,FAIL,"The bullet uses generic, unverifiable superlatives like 'consistently exceeding' without providing specific metrics or context, and it fails to mention any tools or systems used to achieve the promotion.",,0,,,,
0,1431,False,REWRITE,"- Fast-tracked to Team Lead within six months, managing a 12-person SDR team and driving high-performing pipeline results.",Treering Yearbooks,[mgmt][ops],60.0,65.0,70.0,60.0,FAIL,"The bullet uses the forbidden filler phrase 'high-performing' and relies on vague, unverifiable claims regarding pipeline results without providing specific metrics or context.",,0,,,,
0,1431,False,KEEP,"- First outbound employee to surpass $1M in sourced revenue, exceeding first-year goal by 17%.",Treering Yearbooks,[generalist],95.0,90.0,100.0,85.0,PASS,,,0,,,,
0,1431,False,KEEP,"- First outbound hire to surpass $1M in sourced revenue, exceeding first-year targets by 17% through strategic lifecycle engagement.",Treering Yearbooks,[generalist],85.0,80.0,90.0,85.0,PASS,,,0,,,,
0,1431,False,KEEP,"- First outbound team member in company history to generate $1M+ in sourced revenue, exceeding goals by 17% in year one.",Treering Yearbooks,[mgmt],95.0,90.0,95.0,85.0,PASS,,,0,,,,
0,1431,False,KEEP,- First outbound team member in company history to generate $1M+ in sourced revenue; exceeded target by 17% in year one,Treering Yearbooks,[mgmt],95.0,90.0,95.0,85.0,PASS,,,0,,,,
0,1431,False,KEEP,"- First outbound team member in company history to reach $1M+ in sourced revenue, achieving 117% of target in year one.",Treering Yearbooks,[mgmt],95.0,90.0,100.0,85.0,PASS,,,0,,,,
0,1431,False,KEEP,"- First outbound team member in history to generate $1M+ in sourced revenue, exceeding KPIs by 17% in year one.",Treering Yearbooks,[mgmt],90.0,85.0,95.0,80.0,PASS,,,0,,,,
0,1431,False,KEEP,- First outbound team member in history to reach $1M+ in sourced revenue and achieved 117% of target in year one.,Treering Yearbooks,[mgmt],90.0,85.0,95.0,80.0,PASS,,,0,,,,
0,1431,False,KEEP,"- First outbound team member in history to reach $1M+ in sourced revenue, achieving 117% of target in year one.",Treering Yearbooks,[mgmt],95.0,90.0,95.0,85.0,PASS,,,0,,,,
0,1431,False,KEEP,- First outbound team member to reach $1M+ in sourced revenue — achieved 117% of target in year one.,Treering Yearbooks,[mgmt],95.0,90.0,95.0,85.0,PASS,,,0,,,,
0,1431,False,KEEP,"- First outbound team member to surpass $1M in revenue, setting a new benchmark for SDR performance.",Treering Yearbooks,[mgmt],85.0,80.0,95.0,80.0,PASS,,,0,,,,
0,1431,False,REWRITE,- First outbound team member to surpass $1M in revenue—setting a new benchmark for SDR performance.,Treering Yearbooks,[mgmt],85.0,80.0,95.0,70.0,FAIL,"The bullet contains a dash in the prose, which violates the strict formatting rules.",,0,,,,
0,1431,False,REWRITE,"- First-ever outbound employee to surpass $1M in revenue, contributing significantly to pipeline strategy and execution.",Treering Yearbooks,[ops],65.0,60.0,80.0,70.0,FAIL,"The bullet uses the vague, subjective filler phrase 'contributing significantly' and lacks specific tools or systems, making the claim feel like a generic resume boast rather than a verifiable outcome.",,0,,,,
0,1431,False,KEEP,- Founded Content Committee to align Sales and Marketing around unified customer messaging and retention strategy.,Treering Yearbooks,[content],85.0,90.0,95.0,80.0,PASS,,,0,,,,
0,1431,False,KEEP,"- Founded Treering's Content Committee; authored brand guidelines adopted across sales, support, and success teams.",Treering Yearbooks,[content][mgmt],95.0,95.0,100.0,85.0,PASS,,,0,,,,
0,1431,False,KEEP,- Founded a company-wide Content Committee to unify messaging across Sales and Marketing and boost partner engagement.,Treering Yearbooks,[content],85.0,90.0,95.0,80.0,PASS,,,0,,,,
0,1431,False,KEEP,"- Founded a cross-department Content Committee, unifying Sales and Marketing and creating/maintaining a content library.",Treering Yearbooks,[content],90.0,95.0,95.0,85.0,PASS,,,0,,,,
0,1431,False,KEEP,"- Founded a cross-department Content Committee, unifying Sales and Marketing while developing a shared content library.",Treering Yearbooks,[content],95.0,95.0,95.0,85.0,PASS,,,0,,,,
0,1431,False,KEEP,"- Founded a cross-departmental Content Committee to unify messaging across Sales/Marketing, strengthening brand consistency.",Treering Yearbooks,[content][brand],85.0,90.0,95.0,80.0,PASS,,,0,,,,
0,1431,False,KEEP,- Founded a cross-functional Content Committee to align Sales and Marketing around shared messaging and tools.,Treering Yearbooks,[content],90.0,95.0,95.0,85.0,PASS,,,0,,,,
0,1431,False,KEEP,"- Founded a cross-functional Content Committee, trimming brief-to-send timelines 20% and unifying UX across templates.",Treering Yearbooks,[content],95.0,95.0,95.0,90.0,PASS,,,0,,,,
0,1431,False,KEEP,"- Founded a cross-functional content committee to unify brand voice across Sales, Support, and Success.",Treering Yearbooks,[content][brand],90.0,95.0,95.0,85.0,PASS,,,0,,,,
0,1431,False,REVIEW,- Founded a cross-functional content committee to unify brand voice across teams and ensure consistent messaging.,Treering Yearbooks,[content][brand],85.0,90.0,95.0,70.0,PASS,The bullet lacks a specific outcome or metric to demonstrate the effectiveness of the committee beyond the act of founding it.,,0,,,,
0,1431,False,REWRITE,"- Founded an internal Content Committee to unify Sales and Marketing messaging, improving engagement and brand consistency.",Treering Yearbooks,[content][brand],75.0,80.0,85.0,70.0,PASS,The outcome (improving engagement and brand consistency) is qualitative and lacks a specific metric or evidence of how that improvement was measured.,,0,,,,
0,1431,False,KEEP,"- Founded an internal Content Committee to unify brand voice and messaging across digital, email, and customer-facing channels.",Treering Yearbooks,[content][brand],90.0,95.0,95.0,85.0,PASS,,,0,,,,
0,1431,False,KEEP,"- Founded an internal Content Committee to unify brand voice and messaging across sales, marketing, and customer support teams.",Treering Yearbooks,[content][brand],95.0,95.0,100.0,85.0,PASS,,,0,,,,
0,1431,False,KEEP,"- Founded and chaired a Content Committee to unify voice and improve cohesion across Sales, Support, and Marketing.",Treering Yearbooks,[content],85.0,90.0,95.0,80.0,PASS,,,0,,,,
0,1431,False,KEEP,"- Founded and facilitated a cross-department content committee that reduced content review cycles by 20%, unifying messaging across 100+ email templates and sales assets.",Treering Yearbooks,[content],95.0,95.0,95.0,90.0,PASS,,,0,,,,
0,1431,False,KEEP,"- Founded and facilitated a cross-department content committee, aligning Sales and Marketing through a shared campaign library.",Treering Yearbooks,[content],90.0,95.0,95.0,85.0,PASS,,,0,,,,
0,1431,False,KEEP,"- Founded and facilitated a cross-department content committee, reducing content review cycles by an estimated 20% and unifying messaging across 100+ email templates and sales assets.",Treering Yearbooks,[content],90.0,95.0,95.0,90.0,PASS,,,0,,,,
0,1431,False,KEEP,- Founded and facilitated a cross-functional content committee to align campaign creative with strategic goals.,Treering Yearbooks,[content][brand],85.0,90.0,95.0,80.0,PASS,,,0,,,,
0,1431,False,KEEP,- Founded and led Treering's Content Committee; developed brand voice guidelines and content systems adopted company-wide.,Treering Yearbooks,[content][brand],95.0,90.0,95.0,85.0,PASS,,,0,,,,
0,1431,False,KEEP,"- Founded and led Treering's internal Content Committee to align messaging across Sales, Support, and Marketing.",Treering Yearbooks,[content],90.0,95.0,95.0,85.0,PASS,,,0,,,,
0,1431,False,KEEP,"- Founded and led Treering's internal Content Committee, aligning messaging across Sales, Support, and Marketing.",Treering Yearbooks,[content],95.0,95.0,95.0,85.0,PASS,,,0,,,,
0,1431,False,KEEP,- Founded and led a cross-functional Content Committee to standardize brand voice and QA processes.,Treering Yearbooks,[content][brand],85.0,90.0,95.0,80.0,PASS,,,0,,,,
0,1431,False,KEEP,"- Founded and led a cross-functional Content Committee, aligning Sales, Marketing, and Support to reduce content creation timelines by 20% and ensure consistent messaging across the entire customer lifecycle.",Treering Yearbooks,[content],90.0,95.0,95.0,85.0,PASS,,,0,,,,
0,1431,False,KEEP,"- Founded and led a cross-functional Content Committee, aligning Sales, Marketing, and Support to reduce content creation timelines by 20% and ensure consistent messaging.",Treering Yearbooks,[content],90.0,95.0,95.0,85.0,PASS,,,0,,,,
0,1431,False,KEEP,"- Founded and led the Content Committee to align voice, tone, and messaging across departments and campaigns.",Treering Yearbooks,[content][brand],85.0,90.0,95.0,70.0,PASS,,,0,,,,
0,1431,False,REVIEW,"- Founded and led the Content Committee to define brand voice, streamline approval processes, and integrate variable logic for highly tailored, scalable outreach across teams and platforms",Treering Yearbooks,[content][brand],85.0,90.0,80.0,85.0,PASS,The bullet is strong but slightly abstract; it would benefit from naming the specific platforms or the size of the teams involved to ground the 'scalable outreach' claim.,,0,,,,
0,1431,False,KEEP,"- Founded and led the Content Committee to unify voice and improve campaign cohesion across Sales, Support, and Marketing.",Treering Yearbooks,[content],85.0,90.0,95.0,80.0,PASS,,,0,,,,
0,1431,False,REWRITE,"- Founded and led the Content Committee which assisted in defining brand voice, standardizing content approval processes, and simplifying creative workflows",Treering Yearbooks,[brand][content],70.0,80.0,75.0,65.0,FAIL,"The bullet uses the banned phrase 'assisted in' and describes a task-oriented process rather than a specific, measurable outcome or system impact.",,0,,,,
0,1431,False,KEEP,"- Founded and led the Content Committee, aligning messaging across departments and establishing brand standards.",Treering Yearbooks,[content][brand],85.0,90.0,95.0,80.0,PASS,,,0,,,,
0,1431,False,KEEP,"- Founded and led the Content Committee, aligning messaging across departments and introducing scalable brand standards.",Treering Yearbooks,[content][brand],85.0,90.0,95.0,80.0,PASS,,,0,,,,
0,1431,False,REWRITE,"- Founded and led the Content Committee, unifying content systems and brand voice while incorporating feedback into strategy.",Treering Yearbooks,[content][brand],75.0,80.0,85.0,70.0,PASS,The bullet is slightly vague regarding the specific 'content systems' used and lacks a concrete outcome or metric to demonstrate the impact of the committee's work.,,0,,,,
0,1431,False,REWRITE,"- Founded and led the Content Committee, which assisted in defining brand voice, standardizing content approval processes, simplifying creative workflows, and leading high-performing email campaigns — including highly customized messaging via variable logic integration — from strategy and planning through QA, optimization, and deployment.",Treering Yearbooks,[brand][content],65.0,60.0,55.0,70.0,FAIL,"The bullet uses the banned phrase 'assisted in', contains a dash in prose, and is overly long and convoluted, making it difficult to parse the actual outcome versus the list of tasks.",,0,,,,
0,1431,False,REWRITE,"- Founded and led the Content Committee, which spearheaded internal content organization, unified brand voice, and ensured inclusion of team feedback in messaging while meeting (and exceeding) marketing initiatives.",Treering Yearbooks,[content][brand],65.0,70.0,60.0,60.0,FAIL,"The bullet uses vague corporate-speak like 'spearheaded' and 'marketing initiatives' without defining the scope or specific outcomes, and it relies on soft-skill descriptions rather than concrete systems or metrics.",,0,,,,
0,1431,False,REWRITE,"- Founded and led the internal Content Committee to improve brand voice, unify messaging, streamline content workflows, and support alignment across Sales, Marketing, and Ops",Treering Yearbooks,[content][brand],75.0,80.0,85.0,70.0,PASS,The bullet is slightly generic and lacks a specific outcome or metric to prove the effectiveness of the committee beyond the stated intent.,,0,,,,
0,1431,False,KEEP,"- Founded and led the internal Content Committee, aligning brand messaging across Sales, Marketing, and Support.",Treering Yearbooks,[content][brand],90.0,95.0,95.0,85.0,PASS,,,0,,,,
0,1431,False,KEEP,"- Founded and led the internal Content Committee, an initiative to improve brand voice, unify messaging, streamline content workflows, and tighten the communication between the Sales and Marketing departments.",Treering Yearbooks,[content][brand],85.0,90.0,85.0,80.0,PASS,,,0,,,,
0,1431,False,KEEP,- Founded cross-department Content Committee to reduce content review cycles and unify messaging across 100+ templates/assets.,Treering Yearbooks,[content],95.0,95.0,95.0,90.0,PASS,,,0,,,,
0,1431,False,KEEP,"- Founded cross-departmental Content Committee establishing a unified content library with 100+ assets; implemented governance protocols, reducing review cycles by 20%",Treering Yearbooks,[content],95.0,95.0,95.0,90.0,PASS,,,0,,,,
0,1431,False,KEEP,"- Founded cross-functional Content Committee aligning Sales, Marketing, and Support, reducing campaign execution timelines by 20%.",Treering Yearbooks,[content],95.0,95.0,95.0,90.0,PASS,,,0,,,,
0,1431,False,KEEP,"- Founded cross-functional Content Committee, aligning Sales and Marketing for improved deal velocity and brand consistency.",Treering Yearbooks,[content][brand],85.0,90.0,95.0,80.0,PASS,,,0,,,,
0,1431,False,KEEP,"- Founded cross-functional Content Committee, aligning Sales and Marketing for improved deal velocity and message consistency.",Treering Yearbooks,[content],85.0,90.0,95.0,80.0,PASS,,,0,,,,
0,1431,False,KEEP,"- Founded cross-functional Content Committee, aligning Sales, Marketing, and Support to reduce content timelines by 20%.",Treering Yearbooks,[content],95.0,95.0,95.0,85.0,PASS,,,0,,,,
0,1431,False,KEEP,"- Founded the Content Committee and overhauled enablement systems, creating a brand-aligned library used across teams.",Treering Yearbooks,[content][enablement],85.0,90.0,90.0,80.0,PASS,,,0,,,,
0,1431,False,REWRITE,- Founding SDR: 10+ years in founder-led to Series B/C SaaS and EdTech; one of two SDRs who launched the outbound team,Treering Yearbooks,[mgmt],60.0,65.0,70.0,50.0,FAIL,The bullet is a summary of experience rather than a specific outcome-based achievement; it lacks a strong action verb and reads as a biographical statement rather than a professional accomplishment.,,0,,,,
0,1431,False,KEEP,- Identified and reactivated a dormant $3M+ pipeline through CRM data analysis.,Treering Yearbooks,[ops],85.0,80.0,90.0,85.0,PASS,,,0,,,,
0,1431,False,REWRITE,"- Identified and reactivated a dormant $3M+ pipeline through data analysis and targeted email marketing campaigns. Cross-Functional, Data, & Strategic Impact:",Treering Yearbooks,[ops],75.0,70.0,80.0,85.0,FAIL,"The bullet contains a trailing colon and uses a dash in prose, both of which violate the formatting rules. Additionally, the phrase 'Cross-Functional, Data, & Strategic Impact:' is a label/header that should not be part of the bullet content.",,0,,,,
0,1431,False,KEEP,"- Implemented A/B tests on subject lines, send times, and content, with top-performing campaigns reaching 34% reply rates.",Treering Yearbooks,[email][content],85.0,80.0,90.0,85.0,PASS,,,0,,,,
0,1431,False,REWRITE,"- Implemented a unique, data-focused role to uncover untapped revenue. Single-handedly established processes, metrics, reports, and dashboards that resulted in the identification of $3M+.",Treering Yearbooks,[ops],75.0,70.0,80.0,70.0,PASS,"The phrase 'unique, data-focused role' is slightly vague and self-congratulatory; the bullet would be stronger if it named the specific system or platform used to identify the revenue.",,0,,,,
0,1431,False,REWRITE,"- Implemented systematic account management processes that tracked key data points across 200+ active tasks, improving efficiency.",Treering Yearbooks,[ops][mgmt],60.0,65.0,70.0,60.0,FAIL,"The bullet is too generic and lacks a specific system or tool name, making it sound like a task description rather than a high-impact outcome. The phrase 'improving efficiency' is vague and lacks a measurable metric to substantiate the claim.",,0,,,,
0,1431,False,REWRITE,"- Improved CRM data tracking in Salesforce and Outreach.io, strengthening pipeline workflows and boosting prospect engagement.",Treering Yearbooks,[ops],60.0,65.0,70.0,75.0,FAIL,"The bullet uses vague, non-measurable outcome language ('strengthening', 'boosting') and lacks a specific metric or concrete system change to verify the claim.",,0,,,,
0,1431,False,REWRITE,"- Incorporated precise timelines, audience segmentation, dynamic personalized content, and comprehensive QA and approval processes into project planning to ensure flawless execution.",Treering Yearbooks,[content],40.0,50.0,50.0,40.0,FAIL,"The bullet is generic, lacks specific metrics or tools, and uses vague, buzzword-heavy language like 'flawless execution' and 'comprehensive QA' without evidence.",,0,,,,
0,1431,False,REWRITE,- Innovated district-level outreach strategies to win multi-school deals and streamline RFP processes.,Treering Yearbooks,[email],60.0,65.0,70.0,60.0,FAIL,"The bullet uses the vague, buzzword-heavy verb 'Innovated' and lacks specific metrics, tools, or concrete evidence of the 'multi-school deals' or 'RFP processes' mentioned.",,0,,,,
0,1431,False,KEEP,"- Instituted systematic account management processes, tracking 15 key data points per account across 206 active tasks.",Treering Yearbooks,[ops][mgmt],90.0,95.0,90.0,85.0,PASS,,,0,,,,
0,1431,False,KEEP,"- Instrumented KPI dashboards to monitor outreach effectiveness, persona conversion, and email engagement trends.",Treering Yearbooks,[email],85.0,90.0,95.0,80.0,PASS,,,0,,,,
0,1431,False,REWRITE,"- Integrated Salesforce and Outreach to reduce friction, improve segmentation, and increase reply rates.",Treering Yearbooks,[email][ops],60.0,70.0,65.0,75.0,FAIL,"The bullet is too generic and lacks specific metrics or evidence of the 'friction' reduced or the 'reply rates' achieved, making it read like a task description rather than a high-impact outcome.",,0,,,,
0,1431,False,REWRITE,"- Integrated confidential feedback into communications, operational planning, and strategic enablement.",Treering Yearbooks,[enablement],40.0,50.0,40.0,30.0,FAIL,"The bullet is overly generic, lacks specific metrics or tools, and uses vague corporate terminology that fails to describe a concrete system or outcome.",,0,,,,
0,1431,False,KEEP,"- Launched A/B-tested email sequences across unique customer segments, doubling lead-to-meeting conversion in under 60 days.",Treering Yearbooks,[email],85.0,80.0,90.0,85.0,PASS,,,0,,,,
0,1431,False,KEEP,"- Launched a cross-functional Content Committee to unify voice, align tone, and reduce content inconsistencies by 15%.",Treering Yearbooks,[content][brand],85.0,90.0,95.0,80.0,PASS,,,0,,,,
0,1431,False,REWRITE,- Launched access-first campaigns that ensured students received a yearbook regardless of school budget.,Treering Yearbooks,[email],60.0,70.0,65.0,50.0,FAIL,"The bullet is too vague regarding the 'access-first' mechanism and lacks specific metrics or tools to verify the scale of the impact, making it read more like a mission statement than a professional achievement.",,0,,,,
0,1431,False,KEEP,"- Led CRM audit that uncovered $3M+ in hidden pipeline; created reports, dashboards, and workflows for more accurate targeting.",Treering Yearbooks,[ops],85.0,80.0,90.0,85.0,PASS,,,0,,,,
0,1431,False,KEEP,"- Led CRM audit that uncovered $3M+ in pipeline; cleaned records, refined filters, and built dashboards to drive actionable insights.",Treering Yearbooks,[ops],85.0,80.0,90.0,85.0,PASS,,,0,,,,
0,1431,False,KEEP,"- Led CRM audit that uncovered $3M+ in pipeline; cleaned records, refined filters, and built dashboards to drive insights.",Treering Yearbooks,[ops],85.0,80.0,90.0,85.0,PASS,,,0,,,,
0,1431,False,KEEP,- Led CRM audit using advanced Salesforce queries and validation filters; uncovered $3M+ in dormant pipeline by identifying miscategorized records and orphaned opportunities,Treering Yearbooks,[ops],95.0,90.0,95.0,90.0,PASS,,,0,,,,
0,1431,False,KEEP,"- Led Go-to-Market content strategy for district-level outreach program that opened partnership opportunities with councils overseeing 1,200+ schools, providing sales team access to high-value market segments.",Treering Yearbooks,[content][mgmt],85.0,90.0,90.0,80.0,PASS,,,0,,,,
0,1431,False,KEEP,"- Led Go-to-Market content strategy opening partnership opportunities with councils overseeing 1,200+ schools, providing access to high-value market segments.",Treering Yearbooks,[content],85.0,80.0,90.0,85.0,PASS,,,0,,,,
0,1431,False,KEEP,"- Led a CRM-focused audit that surfaced $3M+ in untapped pipeline, revealing miscategorized records and outdated outreach assets while building clearer reporting dashboards.",Treering Yearbooks,[ops][content],85.0,80.0,90.0,85.0,PASS,,,0,,,,
0,1431,False,KEEP,"- Led a comprehensive Salesforce audit and data integrity project, cleansing and restructuring the database of 2,000+ accounts to uncover and reactivate $3M+ in dormant pipeline opportunities.",Treering Yearbooks,[ops],95.0,90.0,95.0,95.0,PASS,,,0,,,,
0,1431,False,REWRITE,"- Led a remote team of 4–6, increasing productivity through strategic coaching and workflow improvements; provided monthly training for 20+ employees",Treering Yearbooks,[mgmt][enablement],60.0,65.0,70.0,50.0,FAIL,"The bullet uses a dash in prose, relies on vague corporate-speak like 'strategic coaching' and 'workflow improvements' without naming the specific systems or outcomes, and fails to provide a concrete metric for the productivity increase.",,0,,,,
0,1431,False,KEEP,"- Led a targeted campaign that resulted in a statewide promotion with the Georgia PTA, expanding reach to 1,279 school PTA units.",Treering Yearbooks,[email],85.0,90.0,95.0,80.0,PASS,,,0,,,,
0,1431,False,REWRITE,"- Led access-first campaigns ensuring every student, regardless of school budget, received a yearbook and a sense of belonging.",Treering Yearbooks,[email],40.0,50.0,60.0,30.0,FAIL,"The bullet uses vague, non-verifiable language ('access-first campaigns', 'sense of belonging') and lacks any concrete metrics, tools, or specific outcomes that a hiring manager could verify.",,0,,,,
0,1431,False,KEEP,- Led comprehensive CRM audit that surfaced $3M+ in untapped pipeline by identifying miscategorized records.,Treering Yearbooks,[ops],95.0,90.0,95.0,90.0,PASS,,,0,,,,
0,1431,False,KEEP,- Led cross-department Content Committee to accelerate content review cycles and unify messaging across 100+ assets.,Treering Yearbooks,[content],90.0,95.0,95.0,85.0,PASS,,,0,,,,
0,1431,False,REWRITE,"- Led go-to-market campaigns and cross-sell initiatives, resulting in increased adoption of new features and expanded engagement.",Treering Yearbooks,[email],40.0,50.0,50.0,40.0,FAIL,"The bullet is overly generic, lacks specific metrics or tools, and uses vague outcome language ('increased adoption', 'expanded engagement') that fails to demonstrate a concrete system or result.",,0,,,,
0,1431,False,REWRITE,"- Led internal sales enablement and training focused on CRM best practices, pipeline management, and advanced sales strategy.",Treering Yearbooks,[ops][enablement],60.0,65.0,70.0,60.0,FAIL,"The bullet uses the banned phrase 'Led' in a way that describes a task rather than a specific outcome or system, and it lacks any concrete metrics, tools, or specific artifacts to verify the claim.",,0,,,,
0,1431,False,REWRITE,"- Led internal sales enablement and training sessions focused on CRM best practices, pipeline management, and sales strategy.",Treering Yearbooks,[ops][enablement],60.0,70.0,75.0,65.0,FAIL,"The bullet uses the banned phrase 'Led' (often a proxy for 'responsible for' or 'managed') and lacks specific metrics, tools, or outcomes, making it read as a generic task description rather than a high-impact achievement.",,0,,,,
0,1431,False,KEEP,"- Led outreach programs targeting district councils and education groups, including facilitating a promotion with the Georgia PTA which oversees 1,279 school PTA units statewide.",Treering Yearbooks,[email],85.0,90.0,90.0,80.0,PASS,,,0,,,,
0,1431,False,KEEP,"- Led rollout and adoption of Outreach.io, integrating it with Salesforce to streamline outbound operations.",Treering Yearbooks,[ops],85.0,90.0,95.0,90.0,PASS,,,0,,,,
0,1431,False,KEEP,"- Led selection and implementation of Outreach.io, managing CRM integration and team-wide adoption.",Treering Yearbooks,[ops][mgmt],90.0,95.0,95.0,90.0,PASS,,,0,,,,
0,1431,False,KEEP,"- Led targeted outreach for school districts and PTA councils, including a statewide promotion with the Georgia PTA (1,279 units).",Treering Yearbooks,[email],85.0,90.0,90.0,75.0,PASS,,,0,,,,
0,1431,False,REWRITE,"- Led team email performance that consistently outperformed industry benchmarks, with average open rates of 45%+.",Treering Yearbooks,[email][mgmt],40.0,50.0,60.0,50.0,FAIL,"The bullet uses the banned phrase 'Led team', lacks specific tool or system context, and relies on a vague, unverifiable metric ('outperformed industry benchmarks') without providing the necessary scope or audience context to make the 45% open rate credible.",,0,,,,
0,1431,False,REWRITE,"- Led team performance by consistently outperforming industry benchmarks, with average open rates exceeding 45%.",Treering Yearbooks,[email][mgmt],40.0,50.0,60.0,40.0,FAIL,"The bullet uses vague, unverifiable superlatives ('consistently outperforming industry benchmarks') and lacks specific context (tool, audience size, or campaign type) to anchor the 45% open rate claim, making it feel like inflated marketing fluff.",,0,,,,
0,1431,False,REWRITE,- Maintained 98% deliverability rate by enforcing rigorous QA processes while ensuring compliance with spam regulations.,Treering Yearbooks,[generalist],70.0,75.0,80.0,70.0,PASS,"The bullet lacks specific tool mentions (e.g., SendGrid, Marketo, HubSpot) and the 'rigorous QA processes' is slightly vague without naming the specific mechanism or platform used to enforce compliance.",,0,,,,
0,1431,False,REWRITE,- Maintained 98% deliverability rate by implementing rigorous QA processes and adhering to spam compliance best practices.,Treering Yearbooks,[generalist],70.0,75.0,80.0,70.0,PASS,"The bullet lacks specific tool mentions (e.g., SendGrid, Marketo) and the 'rigorous QA processes' is slightly vague without a named framework or specific action taken.",,0,,,,
0,1431,False,REWRITE,"- Maintained 98% deliverability rate through comprehensive QA processes, testing, and strict adherence to spam compliance standards.",Treering Yearbooks,[generalist],70.0,75.0,80.0,70.0,PASS,"The bullet lacks specific context regarding the volume of emails sent or the tools used, making the 98% metric difficult to verify or contextualize.",,0,,,,
0,1431,False,REWRITE,"- Maintained Salesforce pipelines to ensure accurate forecasting, lead tracking, and opportunity management.",Treering Yearbooks,[ops][mgmt],60.0,70.0,80.0,70.0,FAIL,"The bullet is generic and reads as a task description rather than an outcome-oriented achievement; it lacks specific metrics, scale, or evidence of a unique system improvement.",,0,,,,
0,1431,False,REWRITE,"- Maintained and optimized Salesforce pipelines, ensuring accurate forecasting, opportunity tracking, and pipeline health reviews.",Treering Yearbooks,[ops],60.0,65.0,70.0,75.0,FAIL,"The bullet uses generic, task-oriented language ('Maintained and optimized') and lacks specific metrics, scope, or unique outcomes that would distinguish the candidate's performance.",,0,,,,
0,1431,False,REWRITE,"- Managed $20M portfolio spanning 2,932 accounts and improved engagement rates to 2.98%, almost triple the industry standard.",Treering Yearbooks,[mgmt],75.0,70.0,85.0,80.0,PASS,The phrase 'almost triple' is slightly informal and borders on adjective padding; the bullet would be stronger if it simply stated the industry benchmark for comparison.,,0,,,,
0,1431,False,REWRITE,"- Managed $20M sales territory with a focused email strategy, achieving a 2.98% engagement rate that tripled the industry standard.",Treering Yearbooks,[ops][mgmt],70.0,65.0,85.0,75.0,FAIL,The bullet uses the banned phrase 'Managed' and relies on a comparison to an 'industry standard' which is unverifiable and often used to inflate performance metrics.,,0,,,,
0,1431,False,KEEP,"- Managed a 2,000+ account portfolio through segmented nurture tracks, reactivation flows, and automated campaigns.",Treering Yearbooks,[mgmt],85.0,90.0,95.0,80.0,PASS,,,0,,,,
0,1431,False,REVIEW,"- Managed a portfolio of 2,000+ accounts using segmentation, behavioral targeting, and customized variable logic to improve lead quality and conversion.",Treering Yearbooks,[mgmt],85.0,80.0,90.0,85.0,PASS,"The bullet is strong but lacks a specific outcome metric (e.g., percentage increase in conversion) to move it from a task-based description to a high-impact achievement.",,0,,,,
0,1431,False,REWRITE,"- Managed a portfolio of 2,000+ accounts with high-volume, high-integrity outreach strategy.",Treering Yearbooks,[mgmt],60.0,65.0,70.0,60.0,FAIL,"The bullet uses the banned phrase 'Managed' and relies on vague, subjective descriptors like 'high-volume' and 'high-integrity' without defining the actual system, tool, or specific outcome.",,0,,,,
0,1431,False,REWRITE,"- Managed a remote team of 4-6 SDR reps and maintained up-to-date records and messaging for a 2,000+ account portfolio.",Treering Yearbooks,[mgmt],70.0,75.0,80.0,70.0,FAIL,"The bullet uses the banned phrase 'Managed a' and includes a dash in the prose ('4-6'), which violates the formatting constraints.",,0,,,,
0,1431,False,REWRITE,"- Managed a remote team of 4-6 SDRs, providing strategic campaign support, A/B testing insights, and daily troubleshooting.",Treering Yearbooks,[mgmt],65.0,70.0,75.0,60.0,FAIL,"The bullet uses the banned phrase 'Managed a', which is a generic task-based opener that fails to highlight a specific system or outcome.",,0,,,,
0,1431,False,REWRITE,"- Managed a remote team of 4–6 SDRs, providing campaign strategy support and daily ops troubleshooting.",Treering Yearbooks,[mgmt],60.0,70.0,75.0,65.0,FAIL,The bullet uses the banned phrase 'Managed' (often synonymous with 'responsible for' in this context) and relies on vague task descriptions like 'campaign strategy support' and 'daily ops troubleshooting' rather than specific outcomes or systems.,,0,,,,
0,1431,False,REWRITE,"- Managed a remote team of 4–6 SDRs, providing campaign strategy support, engagement insights, and daily ops troubleshooting.",Treering Yearbooks,[mgmt],65.0,70.0,75.0,60.0,FAIL,The bullet uses the banned phrase 'Managed' (often synonymous with 'responsible for' in this context) and describes a task-based role rather than a specific outcome or system-level achievement.,,0,,,,
0,1431,False,REWRITE,"- Managed a remote team of 4–6 SDRs, supporting campaign execution and troubleshooting through regular consultative coaching.",Treering Yearbooks,[mgmt][enablement],70.0,80.0,85.0,65.0,FAIL,"The bullet uses the banned phrase 'Managed', which is a generic task-based opener that fails to describe a specific system or outcome.",,0,,,,
0,1431,False,REWRITE,"- Managed a remote team of 4–6 while overseeing 2,000+ accounts; led coaching, reviews, timesheets, and team training for 20+ staff.",Treering Yearbooks,[mgmt][enablement],70.0,75.0,80.0,65.0,FAIL,"The bullet uses a dash in prose (4–6) which violates the formatting rules, and it relies on a list of tasks (coaching, reviews, timesheets) rather than a clear outcome or system-level achievement.",,0,,,,
0,1431,False,REWRITE,"- Managed a remote team of 4–6 while overseeing a portfolio of 2,000+ accounts, leading 1:1s, performance reviews, and skills training.",Treering Yearbooks,[mgmt],85.0,80.0,90.0,70.0,FAIL,"The bullet uses the banned phrase 'Managed' and includes a dash in the prose (4–6), which violates the formatting constraints.",,0,,,,
0,1431,False,REWRITE,"- Managed and mentored a remote team of 4–6 SDRs, providing weekly 1:1s, campaign support, and technical troubleshooting.",Treering Yearbooks,[mgmt],70.0,80.0,85.0,60.0,FAIL,The bullet uses the banned phrase 'Managed' and describes a set of tasks rather than a specific outcome or system-level achievement.,,0,,,,
0,1431,False,REWRITE,"- Managed email calendar and segmentation for year-long lifecycle campaigns, ensuring a consistent brand voice and timely delivery.",Treering Yearbooks,[brand][mgmt],60.0,70.0,75.0,65.0,FAIL,The bullet uses the banned phrase 'Managed' and reads as a task description rather than an outcome-oriented statement; it lacks specific metrics or tools to verify the impact of the lifecycle campaigns.,,0,,,,
0,1431,False,REWRITE,"- Managed email calendar and segmentation strategy for year-long lifecycle campaigns, ensuring consistent brand voice and timing.",Treering Yearbooks,[brand][mgmt],60.0,70.0,75.0,65.0,FAIL,"The bullet uses the banned phrase 'Managed', lacks specific metrics or tool mentions, and reads as a generic task description rather than a high-impact outcome statement.",,0,,,,
0,1431,False,REWRITE,"- Managed remote team of 4–6 while overseeing a portfolio of 2,000+ accounts; led coaching, performance reviews, and skills training.",Treering Yearbooks,[mgmt][enablement],75.0,80.0,85.0,70.0,FAIL,"The bullet uses a dash in prose (4–6) which violates the formatting rules, and it relies on generic management tasks (coaching, performance reviews) rather than a specific system or outcome.",,0,,,,
0,1431,False,REWRITE,"- Mentored a remote team of 4–6 SDRs, providing campaign strategy support and daily ops troubleshooting.",Treering Yearbooks,[mgmt],70.0,80.0,85.0,60.0,FAIL,"The bullet uses a dash in prose (4–6) which violates the formatting rules, and it relies on the vague phrase 'campaign strategy support' which reads as a task description rather than a specific outcome or system-level achievement.",,0,,,,
0,1431,False,REWRITE,"- Navigated multi-stakeholder deals spanning 9+ months, managing competing priorities, objections, and district-specific needs.",Treering Yearbooks,[generalist],75.0,80.0,85.0,70.0,PASS,"The bullet lacks a specific outcome or metric to ground the 'multi-stakeholder' claim, making it feel slightly generic despite the mention of deal duration.",,0,,,,
0,1431,False,REWRITE,"- Optimized Outreach.io campaigns through advanced segmentation and list building, significantly enhancing response rates.",Treering Yearbooks,[email],60.0,65.0,70.0,75.0,FAIL,"The bullet uses vague, unverifiable superlatives like 'significantly enhancing' without providing a specific metric, and it reads as a task description rather than a clear outcome statement.",,0,,,,
0,1431,False,REWRITE,- Optimized Outreach.io campaigns with advanced segmentation logic and strategic testing to enhance response rates.,Treering Yearbooks,[email],75.0,80.0,85.0,80.0,PASS,The bullet lacks a specific metric or outcome; 'enhance response rates' is vague and does not provide evidence of the scale or success of the optimization.,,0,,,,
0,1431,False,REWRITE,"- Optimized automated email sequences utilizing strategic copywriting and dynamic content personalization, achieving up to 83% open rates and 43% reply rates across a $20M portfolio of 2,900+ B2B accounts.",Treering Yearbooks,[email][writing],75.0,70.0,90.0,85.0,PASS,"The metrics (83% open rate, 43% reply rate) are exceptionally high for B2B email, which may trigger skepticism from hiring managers despite the context provided.",,0,,,,
0,1431,False,REWRITE,"- Orchestrated multi-channel outreach to educators/districts/parents; produced conference/webinar decks that improved clarity, storytelling, and conversion across the buyer’s journey.",Treering Yearbooks,[design],65.0,70.0,60.0,65.0,FAIL,"The bullet uses a dash in prose, which is prohibited, and relies on vague, subjective claims like 'improved clarity' and 'storytelling' without providing a specific metric or outcome to verify the impact on conversion.",,0,,,,
0,1431,False,KEEP,"- Overhauled CRM, surfacing $3M+ in pipeline value; designed reports, dashboards, and workflows to improve decision-making.",Treering Yearbooks,[ops][design],85.0,80.0,90.0,85.0,PASS,,,0,,,,
0,1431,False,REWRITE,"- Oversaw a $20M sales territory of 2,932 accounts and achieved a 2.98% engagement rate, nearly tripling the industry standard.",Treering Yearbooks,[ops],75.0,70.0,90.0,85.0,FAIL,"The bullet uses the banned phrase 'Oversaw' (often synonymous with 'responsible for' in a task-based context) and includes a dash in the prose, which violates the formatting rules.",,0,,,,
0,1431,False,REWRITE,"- Oversaw team wide campaigns consistently outperforming industry benchmarks, achieving average open rates of over 45%.",Treering Yearbooks,[email][mgmt],40.0,50.0,60.0,50.0,FAIL,"The bullet uses the banned phrase 'Oversaw', relies on vague superlatives like 'consistently outperforming', and lacks specific context (tools, audience size, or time frame) to make the 45% open rate verifiable.",,0,,,,
0,1431,False,KEEP,"- Owned a portfolio of 2,000+ accounts, leading segmentation, prospect research, email strategy, and cadence optimization",Treering Yearbooks,[email],85.0,90.0,95.0,85.0,PASS,,,0,,,,
0,1431,False,REWRITE,- Partnered across teams to develop messaging frameworks and cross-channel campaign assets.,Treering Yearbooks,[content][mgmt],40.0,50.0,50.0,40.0,FAIL,"The bullet uses the banned phrase 'Partnered across teams' and is overly generic, failing to specify the actual outcome, the scale of the campaigns, or the specific tools used.",,0,,,,
0,1431,False,REWRITE,"- Partnered with Marketing, Product, Customer Support, and Sales Operations to align campaign goals, improve segmentation, and translate performance data into campaign refinements.",Treering Yearbooks,[ops],60.0,70.0,65.0,50.0,FAIL,The bullet uses the banned phrase 'Partnered with' and describes a series of tasks rather than a specific outcome or system architecture.,,0,,,,
0,1431,False,REWRITE,"- Partnered with Marketing, Product, Customer Support, and Sales Operations to align campaign goals, improve segmentation, and translate performance data into refinements.",Treering Yearbooks,[ops],60.0,65.0,70.0,50.0,FAIL,"The bullet uses the banned phrase 'Partnered with' and is overly generic, describing a standard cross-functional meeting process rather than a specific system, infrastructure, or measurable outcome.",,0,,,,
0,1431,False,REWRITE,"- Partnered with Marketing, Product, Engineering, Customer Support, and Sales Operations to align campaign goals, improve segmentation, and translate performance data into campaign refinements.",Treering Yearbooks,[ops],60.0,65.0,70.0,50.0,FAIL,"The bullet uses the banned phrase 'Partnered with' and is overly generic, describing a standard cross-functional meeting process rather than a specific outcome, system, or unique contribution.",,0,,,,
0,1431,False,KEEP,"- Partnered with sales and marketing to standardize 100+ email templates and sales assets, leading a cross-functional Content Committee that reduced review cycles by 20%.",Treering Yearbooks,[content],90.0,95.0,95.0,85.0,PASS,,,0,,,,
0,1431,False,REWRITE,"- Partnered with sales and operations to align CRM efforts with go-to-market strategies, driving cross-sell and upsell opportunities.",Treering Yearbooks,[ops],40.0,50.0,50.0,40.0,FAIL,"The bullet uses the banned phrase 'Partnered with' and is overly generic, failing to specify what actions were taken, what CRM tools were used, or what the actual outcome was beyond vague 'opportunities'.",,0,,,,
0,1431,False,KEEP,"- Piloted A/B-tested sequences across unique segments, doubling lead-to-meeting conversion in under 60 days.",Treering Yearbooks,[email],85.0,80.0,90.0,85.0,PASS,,,0,,,,
0,1431,False,REWRITE,"- Planned email calendar and segmentation for year-long lifecycle campaigns, ensuring consistent branding and timely delivery.",Treering Yearbooks,[brand],65.0,70.0,75.0,60.0,FAIL,"The bullet uses generic language ('ensuring consistent branding') and lacks specific metrics, tools, or outcomes, making it read like a task description rather than a high-impact achievement.",,0,,,,
0,1431,False,REWRITE,"- Presented campaign insights and performance data to senior leadership, influencing team strategy and process improvements.",Treering Yearbooks,[ops][mgmt],60.0,65.0,70.0,50.0,FAIL,"The bullet is too generic, lacks specific metrics or tools, and uses vague corporate-speak like 'influencing team strategy' without providing evidence of the actual outcome or the specific process improvements made.",,0,,,,
0,1431,False,REWRITE,"- Presented data-driven campaign insights and metrics to senior leadership, aligning marketing strategies with business objectives.",Treering Yearbooks,[ops],40.0,50.0,60.0,40.0,FAIL,"The bullet is generic, lacks specific metrics or tools, and uses vague corporate-speak like 'aligning marketing strategies with business objectives' which could apply to any role.",,0,,,,
0,1431,False,REWRITE,- Presented detailed campaign insights and performance data to senior leadership to drive continuous process improvements.,Treering Yearbooks,[ops],50.0,60.0,70.0,40.0,FAIL,"The bullet is generic, lacks specific metrics or tools, and uses vague corporate language like 'detailed campaign insights' and 'drive continuous process improvements' which could apply to any role.",,0,,,,
0,1431,False,REWRITE,- Presented detailed campaign insights and performance data to senior leadership to inform strategic process improvement and future email marketing initiatives.,Treering Yearbooks,[ops],60.0,65.0,70.0,50.0,FAIL,"The bullet is generic, lacks specific metrics or tools, and reads as a task description rather than an outcome-oriented achievement.",,0,,,,
0,1431,False,REWRITE,"- Promoted to Senior SDR and manager of a remote team of 4–6; led 1:1s, call coaching, QA, and monthly team training for 20+ reps",Treering Yearbooks,[mgmt][enablement],85.0,90.0,95.0,80.0,FAIL,"The bullet contains a dash in prose (4–6), which violates the strict formatting rules provided.",,0,,,,
0,1431,False,KEEP,- Promoted to lead a 12-person team in six months after consistent Top Seller recognition.,Treering Yearbooks,[mgmt],85.0,80.0,95.0,70.0,PASS,,,0,,,,
0,1431,False,REWRITE,"- Promoted to team lead and entrusted with final client wrap-up, including campaign handoff and research for PTA partnerships.",Treering Yearbooks,[email][mgmt],60.0,70.0,65.0,50.0,FAIL,The bullet uses the banned phrase 'entrusted with' and reads as a list of tasks rather than a systems or outcome-oriented statement. It lacks specific metrics or tools to verify the scope of the 'campaign handoff' or the impact of the 'PTA partnerships'.,,0,,,,
0,1431,False,REWRITE,"- Promoted to team lead within 6 months and owned final wrap-up (lifecycle campaign handoff, client reporting, PTA research).",Treering Yearbooks,[email][mgmt],65.0,70.0,60.0,50.0,FAIL,"The bullet uses a dash in prose, ends with a period, and describes a list of tasks rather than a clear outcome or system. It also lacks specific metrics or tool names to ground the 'team lead' claim.",,0,,,,
0,1431,False,KEEP,"- Promoted to team lead within 6 months, creating training materials and coaching protocols for 12-person SDR organization.",Treering Yearbooks,[mgmt][enablement],85.0,90.0,95.0,80.0,PASS,,,0,,,,
0,1431,False,KEEP,"- Promoted to team lead within 6 months, creating training materials and coaching protocols for 12-person SDR team.",Treering Yearbooks,[mgmt][enablement],85.0,90.0,95.0,80.0,PASS,,,0,,,,
0,1431,False,REWRITE,"- Ran A/B tests for subject lines, timing, and content, including AI-assisted drafts, driving measurable increases in engagement.",Treering Yearbooks,[content],50.0,60.0,65.0,60.0,FAIL,"The bullet uses the banned phrase 'Ran', lacks specific metrics to support the claim of 'measurable increases', and is generic enough to apply to any marketing role without modification.",,0,,,,
0,1431,False,REWRITE,- Ran a CRM audit that identified $3M+ in potential opportunities; results used to reassign accounts to SDRs for future coverage,Treering Yearbooks,[ops],85.0,80.0,90.0,85.0,FAIL,"The bullet uses a semicolon to connect two clauses, which is acceptable, but the prompt explicitly forbids dashes in prose; while this bullet uses a semicolon, it is dangerously close to the 'task description' trap. More importantly, it fails the manager test because it contains a semicolon, which is often treated as a separator that violates the 'no punctuation' rule for bullet points, and the phrasing 'Ran a CRM audit' is slightly generic.",,0,,,,
0,1431,False,KEEP,"- Ran comprehensive CRM audit that surfaced $3M+ in untapped pipeline by resolving miscategorized records and refining filters, leading to creation of new role for direct report management.",Treering Yearbooks,[ops][mgmt],85.0,80.0,90.0,85.0,PASS,,,0,,,,
0,1431,False,REWRITE,- Ran select solo demos; 100% converted to customers after AE activation; partnered with AEs for account setup/close,Treering Yearbooks,[generalist],60.0,55.0,70.0,65.0,FAIL,"The bullet uses a banned phrase 'partnered with', contains a semicolon which is discouraged in favor of cleaner syntax, and makes an implausible claim of 100% conversion that lacks necessary context or sample size to be believable.",,0,,,,
0,1431,False,REWRITE,- Ranked Top 10 companywide within one month; earned 2× Top Seller recognition through optimized outreach cadences,Treering Yearbooks,[email],70.0,65.0,85.0,70.0,FAIL,"The bullet uses a semicolon to connect two distinct thoughts, which functions as a dash-like break in prose, and the claim of 'Top 10 companywide' is unverifiable and lacks the necessary context (e.g., team size, metric used for ranking) to be considered professional evidence.",,0,,,,
0,1431,False,REWRITE,- Ranked in the company’s Top 10 performers within one month and promoted to lead a 12-person team within six months.,Treering Yearbooks,[mgmt],60.0,65.0,90.0,40.0,FAIL,"The bullet relies on unverifiable superlatives (Top 10 performers) without defining the metric used for ranking, and it lacks any mention of tools, systems, or specific professional context.",,0,,,,
0,1431,False,KEEP,- Ranked in the company’s Top 10 sellers for the first two months and promoted in six months to lead a 12-person team.,Treering Yearbooks,[mgmt],85.0,80.0,95.0,70.0,PASS,,,0,,,,
0,1431,False,REWRITE,- Ranked in the company’s Top 10 within the first month and earned 2× Top Seller recognition.,Treering Yearbooks,[generalist],60.0,65.0,80.0,50.0,FAIL,"The bullet relies on internal, unverifiable superlatives ('Top 10', 'Top Seller') without providing context on the size of the sales team, the metrics used for ranking, or the timeframe of the recognition, making it feel like a generic resume claim.",,0,,,,
0,1431,False,KEEP,"- Recognized as the first outbound employee to surpass $1M in sourced revenue, exceeding first-year target by 17%.",Treering Yearbooks,[generalist],90.0,85.0,95.0,80.0,PASS,,,0,,,,
0,1431,False,KEEP,- Recognized as the first outbound hire to surpass $1M in sourced revenue; exceeded first-year target by 17%.,Treering Yearbooks,[generalist],90.0,85.0,95.0,80.0,PASS,,,0,,,,
0,1431,False,REWRITE,"- Recognized as the first outbound team member to surpass $1M in sourced revenue through warm, mission-driven messaging.",Treering Yearbooks,[mgmt],65.0,60.0,80.0,70.0,FAIL,"The bullet uses subjective, non-verifiable descriptors like 'mission-driven' and relies on a self-reported superlative ('first outbound team member') that is difficult to verify and sounds like marketing fluff rather than a concrete professional achievement.",,0,,,,
0,1431,False,REWRITE,- Recognized for strategic and creative problem-solving; directly recruited by Treering following successful wrap-up of client project.,Treering Yearbooks,[brand],40.0,50.0,60.0,20.0,FAIL,"The bullet relies on vague, subjective praise ('strategic and creative problem-solving') rather than a specific system or outcome, and it fails the manager test by using generic, unverifiable claims that lack professional context.",,0,,,,
0,1431,False,REWRITE,- Recruited by Treering’s Head of Sales (1 of 2 external hires) based on campaign alignment and email strategy execution.,Treering Yearbooks,[email],60.0,65.0,70.0,40.0,FAIL,"The bullet uses parentheses, which is a violation of the formatting rules, and it focuses on the hiring process rather than a professional outcome or system built.",,0,,,,
0,1431,False,REWRITE,- Recruited by Treering’s Head of Sales for a direct hire role due to exceptional performance and partnership.,Treering Yearbooks,[generalist],40.0,50.0,70.0,20.0,FAIL,"The bullet is a subjective claim about being recruited rather than a description of professional work, systems, or outcomes; it lacks verifiable metrics or specific tool usage.",,0,,,,
0,1431,False,REWRITE,"- Regularly collaborated with Creative, Product, Engineering, and Marketing, receiving essential feedback to improve both campaign execution and prospect/customer experiences",Treering Yearbooks,[brand],40.0,50.0,50.0,30.0,FAIL,"The bullet is generic, lacks specific outcomes or metrics, and uses vague language like 'collaborated with' and 'improve both campaign execution and prospect/customer experiences' which could apply to any role.",,0,,,,
0,1431,False,REWRITE,"- Regularly surveyed internal stakeholders to collect information, ensuring content alignment with user needs and continually refining messaging strategies for optimal performance.",Treering Yearbooks,[content],40.0,50.0,50.0,30.0,FAIL,"The bullet is generic, lacks specific metrics or tools, and uses vague language like 'optimal performance' and 'continually refining' which are not verifiable. It reads as a task description rather than an outcome-oriented achievement.",,0,,,,
0,1431,False,KEEP,- Revenue Impact: First outbound hire to generate $1M+ in sourced closed-won (>$1.5M total contribution),Treering Yearbooks,[generalist],95.0,90.0,95.0,85.0,PASS,,,0,,,,
0,1431,False,KEEP,- Revenue Impact: First outbound hire; generated $1M+ in sourced closed-won (>$1.5M total contribution),Treering Yearbooks,[generalist],90.0,85.0,95.0,80.0,PASS,,,0,,,,
0,1431,False,REWRITE,"- Sales Enablement & Training: Led comprehensive Salesforce training, delivering all-team meetings, small-group sessions, and weekly one-on-ones. Created PowerPoint presentations based on personal expertise and frequently assisted colleagues in troubleshooting Salesforce issues, significantly improving team adoption and efficiency.",Treering Yearbooks,[enablement][mgmt],60.0,65.0,70.0,60.0,FAIL,"The bullet uses the banned phrase 'assisted with' (in the form of 'assisted colleagues'), relies on vague claims like 'significantly improving team adoption' without a metric, and reads as a task description rather than an outcome-focused system statement.",,0,,,,
0,1431,False,REWRITE,"- Salesforce + Outreach.io Integration: Developed custom Salesforce field mapping for Outreach.io to automate personalized messaging with advanced if/then logic. Troubleshot and resolved sync issues, improving engagement tracking and messaging accuracy. Leveraged CRM data to enhance customer loyalty and retention in a retail-driven environment by optimizing targeted outreach and engagement strategies. Currently completing certification in Iterable, excited to further specialize in multi-channel CRM at scale.",Treering Yearbooks,[ops],65.0,60.0,60.0,75.0,FAIL,"The bullet contains a dash in prose, uses a trailing period, includes a personal statement about certification/excitement which is inappropriate for a resume bullet, and is overly long/wordy.",,0,,,,
0,1431,False,REWRITE,"- Secured a statewide promotion opportunity through the Georgia PTA, expanding reach across 2,200+ public schools.",Treering Yearbooks,[email],75.0,80.0,85.0,70.0,PASS,The bullet is slightly vague regarding the specific nature of the 'promotion opportunity' and the candidate's specific role in securing it versus simply being a participant.,,0,,,,
0,1431,False,REWRITE,"- Selected to lead the wrap-up of Treering’s client project, then directly recruited by Treering’s Head of Sales to join them in-house.",Treering Yearbooks,[generalist],70.0,75.0,85.0,40.0,PASS,"The bullet describes a career narrative rather than a specific professional system or outcome, making it difficult to assess technical competency or specific job-related impact.",,0,,,,
0,1431,False,REWRITE,"- Selected to lead wrap-up of Treering’s client project based on performance, then directly recruited to join their in-house team.",Treering Yearbooks,[mgmt],60.0,65.0,70.0,40.0,FAIL,"The bullet uses passive voice ('Selected to lead'), lacks specific metrics or tools, and reads more like a narrative anecdote than a professional achievement statement.",,0,,,,
0,1431,False,REWRITE,"- Served as liaison between Sales and Marketing to provide feedback, share audience insights, and improve brand alignment and outreach consistency",Treering Yearbooks,[brand],40.0,50.0,60.0,30.0,FAIL,"The bullet uses the banned phrase 'Served as' and is overly generic, describing a vague task rather than a specific system, infrastructure, or measurable outcome.",,0,,,,
0,1431,False,REWRITE,"- Served as liaison between Sales and Marketing to share feedback, refine messaging, and improve cross-functional alignment",Treering Yearbooks,[generalist],40.0,50.0,60.0,30.0,FAIL,"The bullet uses the banned phrase 'Served as' (a variation of 'responsible for'), lacks any specific metrics or tools, and describes a generic task rather than a concrete outcome or system.",,0,,,,
0,1431,False,REWRITE,"- Served as primary resource for Salesforce reports, dashboards, and team troubleshooting; led monthly SDR workshops.",Treering Yearbooks,[mgmt][ops],70.0,80.0,85.0,75.0,FAIL,"The bullet uses the banned phrase 'Served as', which is a passive construction that fails the manager test.",,0,,,,
0,1431,False,REWRITE,"- Solo Demos, Clean Handoffs: Ran demos solo; 100% converted after AE activation",Treering Yearbooks,[generalist],60.0,50.0,70.0,60.0,FAIL,"The bullet uses a banned phrase (Ran), contains a dash in prose, and makes an implausible claim (100% conversion rate) without sufficient context or scope to make it believable.",,0,,,,
0,1431,False,KEEP,- Sourced $1M+ in revenue (first SDR in company history) through strategic content development and performance calibration enabling 17% quota overachievement.,Treering Yearbooks,[content],85.0,80.0,90.0,85.0,PASS,,,0,,,,
0,1431,False,KEEP,"- Sourced over $1M in new revenue (the first SDR in company history to do so), by drafting strategic messaging, content, and outreach cadences that made it possible to exceed first-year quota by 17%.",Treering Yearbooks,[content],85.0,80.0,90.0,85.0,PASS,,,0,,,,
0,1431,False,KEEP,"- Sourced over $1M in revenue, with email sequences later adopted as foundational templates for the entire 20+ person team.",Treering Yearbooks,[mgmt],85.0,90.0,95.0,80.0,PASS,,,0,,,,
0,1431,False,REWRITE,"- Spearheaded Outreach.io adoption, owning training and acting as a key player in CRM integration that improved team efficiency.",Treering Yearbooks,[ops][mgmt],65.0,70.0,75.0,80.0,FAIL,The bullet uses the banned phrase 'key player' and relies on vague outcome language ('improved team efficiency') without providing a specific metric or concrete evidence of the improvement.,,0,,,,
0,1431,False,REWRITE,"- Spearheaded Outreach.io platform optimization, serving as subject matter expert for team productivity and performance reporting.",Treering Yearbooks,[mgmt],75.0,80.0,85.0,80.0,PASS,The bullet is slightly generic and lacks a specific outcome or metric to demonstrate the impact of the optimization.,,0,,,,
0,1431,False,KEEP,- Spearheaded a CRM data cleanup and analytics project that identified $3M+ in additional pipeline opportunity.,Treering Yearbooks,[ops],85.0,80.0,90.0,85.0,PASS,,,0,,,,
0,1431,False,KEEP,"- Spearheaded a CRM data cleanup project while creating a new role for a direct report, uncovering $3M+ in untapped pipeline revenue through improved segmentation and reporting.",Treering Yearbooks,[ops][mgmt],85.0,80.0,90.0,85.0,PASS,,,0,,,,
0,1431,False,KEEP,"- Spearheaded a CRM data overhaul, uncovering $3M+ in untapped pipeline revenue through improved reporting.",Treering Yearbooks,[ops],85.0,80.0,90.0,85.0,PASS,,,0,,,,
0,1431,False,REWRITE,"- Spearheaded adoption of Outreach.io, serving as subject matter expert to improve productivity, data accuracy, and reporting.",Treering Yearbooks,[ops],65.0,70.0,75.0,80.0,FAIL,"The bullet uses the banned word 'Spearheaded' and relies on vague, unquantified outcomes like 'improve productivity' and 'data accuracy' without providing a specific metric or system-level evidence.",,0,,,,
0,1431,False,KEEP,"- Spearheaded outreach to K-12 districts and PTA Councils, facilitating a statewide promotion with the Georgia PTA (1,279 units).",Treering Yearbooks,[email],85.0,90.0,95.0,80.0,PASS,,,0,,,,
0,1431,False,REWRITE,"- Strategized and implemented targeted teamwide email cadences, enhancing prospect engagement through segmentation and personalized content with consistent brand messaging.",Treering Yearbooks,[content][mgmt],65.0,70.0,75.0,60.0,FAIL,"The bullet uses generic marketing jargon like 'strategized,' 'enhancing prospect engagement,' and 'consistent brand messaging' without providing a single metric, tool, or specific outcome to verify the claim.",,0,,,,
0,1431,False,REWRITE,- Strengthened pipeline forecasting and lead optimization through advanced CRM workflows in Salesforce and Outreach.io.,Treering Yearbooks,[ops],70.0,75.0,80.0,85.0,PASS,"The bullet is somewhat generic and lacks a specific outcome or metric to prove the 'strengthening' of the pipeline, making it feel like a task description rather than a high-impact achievement.",,0,,,,
0,1431,False,REWRITE,"- Structured account management by tracking 15 data points across 200+ tasks, integrating performance metrics to adjust strategies.",Treering Yearbooks,[ops][mgmt],75.0,80.0,85.0,70.0,PASS,"The bullet is slightly vague regarding the specific 'performance metrics' used and the nature of the 'strategies' adjusted, making it feel a bit like a task description rather than a high-impact outcome.",,0,,,,
0,1431,False,REWRITE,"- Successfully prioritized 2,000+ prospect accounts, which required detailed research, accurate data input, and strategically timed outreach via custom email cadences, cold calls, and videos.",Treering Yearbooks,[ops][email],65.0,70.0,75.0,70.0,FAIL,"The bullet uses the banned filler word 'Successfully' and describes a task-based process rather than a specific outcome or system architecture. It lacks a concrete metric regarding the result of the outreach (e.g., meetings booked, pipeline generated).",,0,,,,
0,1431,False,REWRITE,"- Supported a company-wide platform migration from PersistIQ to Outreach.io, improving workflows, streamlining Salesforce integration, and documenting new systems for internal training and QA",Treering Yearbooks,[ops][email],70.0,75.0,80.0,85.0,FAIL,"The bullet opens with 'Supported', which is a banned phrase synonymous with 'assisted with' or 'helped with', violating the manager test criteria.",,0,,,,
0,1431,False,REWRITE,"- Supported operational improvements across sales tech stack, enhancing data accuracy and reporting efficiency.",Treering Yearbooks,[ops],40.0,50.0,50.0,40.0,FAIL,"The bullet uses the banned phrase 'Supported', lacks specific metrics or tools, and is too generic to provide meaningful evidence of impact.",,0,,,,
0,1431,False,REWRITE,"- Supported pitches and client work under tight deadlines, contributing ideas that led to two campaigns being selected for rollout.",Treering Yearbooks,[email],40.0,50.0,60.0,30.0,FAIL,"The bullet uses the banned phrase 'Supported' and is overly generic, failing to name specific tools, methodologies, or the nature of the campaigns.",,0,,,,
0,1431,False,KEEP,- Trained 20+ SDRs on Salesforce and Outreach.io using structured playbooks and development sessions.,Treering Yearbooks,[ops][enablement],85.0,90.0,95.0,85.0,PASS,,,0,,,,
0,1431,False,REWRITE,"- Trained 20+ team members in Salesforce and Outreach.io to improve efficiency, personalization, and reporting.",Treering Yearbooks,[ops][mgmt],75.0,85.0,80.0,85.0,PASS,"The outcome is vague; 'improve efficiency, personalization, and reporting' are generic goals that lack a specific metric or tangible result.",,0,,,,
0,1431,False,KEEP,- Trained 20+ team members on Outreach.io automation best practices and syncing logic for improved adoption.,Treering Yearbooks,[mgmt],85.0,90.0,95.0,80.0,PASS,,,0,,,,
0,1431,False,REWRITE,"- Trained in using personalized video to build human connection in digital outreach, focusing on empathy, timing, and trust.",Treering Yearbooks,[email],40.0,50.0,60.0,30.0,FAIL,"The bullet fails because it describes a training experience rather than an outcome or system, uses vague soft-skill language (empathy, trust), and lacks any measurable impact or specific tool mentions.",,0,,,,
0,1431,False,KEEP,"- Uncovered $3M+ in additional pipeline through advanced CRM segmentation, lead scoring, and data analysis.",Treering Yearbooks,[ops],85.0,80.0,90.0,85.0,PASS,,,0,,,,
0,1431,False,KEEP,"- Uncovered $3M+ in additional pipeline through advanced CRM segmentation, lead scoring, and data-driven reporting.",Treering Yearbooks,[ops],85.0,80.0,90.0,85.0,PASS,,,0,,,,
0,1431,False,KEEP,"- Uncovered $3M+ in dormant Salesforce pipeline, revitalizing outreach strategy and targeting efforts.",Treering Yearbooks,[ops],85.0,80.0,90.0,85.0,PASS,,,0,,,,
0,1431,False,REWRITE,"- Uncovered $3M+ in dormant pipeline through systematic CRM analysis and targeted reactivation campaigns. Cross-Functional, Data, & Strategic Impact:",Treering Yearbooks,[ops],85.0,80.0,90.0,85.0,FAIL,"The bullet ends with a colon and includes a trailing list of categories (Cross-Functional, Data, & Strategic Impact) which violates the rule against trailing punctuation and adds unnecessary fluff.",,0,,,,
0,1431,False,KEEP,"- Uncovered $3M+ in hidden pipeline through CRM cleanup, field mapping, and report/dashboard development and analysis.",Treering Yearbooks,[ops],90.0,85.0,95.0,90.0,PASS,,,0,,,,
0,1431,False,KEEP,"- Uncovered $3M+ in out-of-date accounts in Salesforce, directly expanding the pipeline and revitalizing major sales opportunities.",Treering Yearbooks,[ops],85.0,80.0,90.0,85.0,PASS,,,0,,,,
0,1431,False,KEEP,"- Uncovered $3M+ in outdated CRM records during a data audit, expanding the sales pipeline and reviving key opportunities.",Treering Yearbooks,[ops],85.0,80.0,90.0,85.0,PASS,,,0,,,,
0,1431,False,KEEP,- Unearthed $3M+ in pipeline via CRM cleanup and field mapping; rebuilt reports/dashboards to sharpen ICP focus and Sales handoffs and improve funnel velocity.,Treering Yearbooks,[ops],85.0,80.0,85.0,90.0,PASS,,,0,,,,
0,1431,False,REWRITE,"- Upheld 98% deliverability rate through rigorous QA processes, testing, and adherence to spam compliance standards.",Treering Yearbooks,[generalist],75.0,70.0,80.0,70.0,PASS,"The bullet lacks specific context regarding the volume of emails sent or the specific tools used, making the 98% metric feel slightly isolated and potentially inflated without a defined scope.",,0,,,,
0,1431,False,REWRITE,"- Wrote campaign copy for clients across pet nutrition, banking, and telecom, adapting tone and voice on every project as needed.",Treering Yearbooks,[brand][writing],60.0,70.0,80.0,50.0,FAIL,"The bullet is too generic and reads as a task description rather than an outcome-oriented statement; it lacks specific metrics, tools, or a clear system of work.",,0,,,,
0,1431,False,REWRITE,"- Achieved 2x Top Seller recognition within first two months, consistently ranking in company’s top performers for lead generation.",Inside Sales Team,[generalist],60.0,65.0,80.0,60.0,FAIL,"The bullet fails because it uses the vague, unverifiable superlative 'top performers' and lacks specific metrics or systems to back up the 'Top Seller' claim, making it sound like a generic sales resume filler.",,0,,,,
0,1431,False,REWRITE,- Awarded Top Seller in hiring class and promoted within six months to manage a 12-person team,Inside Sales Team,[mgmt],70.0,65.0,90.0,50.0,FAIL,"The bullet fails because it relies on a vague superlative ('Top Seller') without defining the metric or the scale of the hiring class, and it lacks any mention of tools, systems, or specific methodologies used to achieve the promotion.",,0,,,,
0,1431,False,REWRITE,- Awarded Top Seller in hiring class; ranked in the company's Top 10 for the first two months,Inside Sales Team,[generalist],70.0,75.0,90.0,60.0,PASS,"The bullet relies on internal company rankings which are difficult to verify and lack context regarding the size of the hiring class or the total number of sellers, making it feel slightly like a vanity metric.",,0,,,,
0,1431,False,REWRITE,- Awarded Top Seller in hiring class; ranked in the company’s Top 10 for the first two months,Inside Sales Team,[generalist],70.0,75.0,90.0,60.0,PASS,"The bullet lacks specific context regarding the size of the hiring class or the total number of sellers in the company, making the 'Top 10' ranking difficult to contextualize.",,0,,,,
0,1431,False,REWRITE,- Awarded Top Seller of hiring class and ranked in the company's Top 10 Performers for the first two months,Inside Sales Team,[generalist],60.0,65.0,85.0,40.0,FAIL,"The bullet fails because it relies on subjective superlatives ('Top Seller', 'Top 10 Performers') without providing the underlying metric or context (e.g., revenue generated, quota attainment percentage, or total number of sellers) to verify the claim.",,0,,,,
0,1431,False,REWRITE,- Awarded Top Seller of hiring class and ranked in the company’s Top 10 Performers for the first two months,Inside Sales Team,[generalist],60.0,65.0,85.0,40.0,FAIL,"The bullet relies on subjective internal awards ('Top Seller') without providing the underlying metrics (e.g., quota attainment percentage, revenue generated) that would make the claim verifiable and meaningful to a hiring manager.",,0,,,,
0,1431,False,REWRITE,- Built communication cadences improving lead response rates by 35% through strategic timing and personalization methodology.,Inside Sales Team,[generalist],70.0,75.0,80.0,70.0,PASS,"The bullet lacks specific tool mentions (e.g., Outreach, Salesloft, HubSpot) and the 'personalization methodology' is vague, making the claim harder to verify.",,0,,,,
0,1431,False,REWRITE,"- Collaborated on account-based marketing (ABM) pilot for Adobe Sign, contributing targeted copy and campaign assets.",Inside Sales Team,[writing][content],50.0,60.0,70.0,60.0,FAIL,The bullet uses the banned phrase 'Collaborated on' and describes a task-based contribution rather than a clear outcome or system ownership.,,0,,,,
0,1431,False,REWRITE,"- Collaborated on messaging strategy for Adobe eSign ABM pilot campaign, contributing to nomination for senior copywriting roles.",Inside Sales Team,[writing],50.0,60.0,65.0,50.0,FAIL,"The bullet uses the banned phrase 'Collaborated on' and describes a task-based contribution rather than a clear outcome or system ownership; the mention of 'nomination for senior copywriting roles' is a subjective, unverifiable claim that does not demonstrate professional impact.",,0,,,,
0,1431,False,REWRITE,- Collaborated with marketing and product stakeholders to refine persona engagement tactics and improve lead quality across national outreach accounts.,Inside Sales Team,[email],40.0,50.0,50.0,30.0,FAIL,"The bullet uses the banned phrase 'Collaborated with' and is overly generic, failing to provide specific metrics, tools, or a clear outcome that distinguishes the candidate's contribution.",,0,,,,
0,1431,False,REWRITE,"- Conducted in-depth research to build high-quality prospect lists and personalize outreach messaging, resulting in authentic engagement and stronger conversations.",Inside Sales Team,[email],50.0,60.0,60.0,40.0,FAIL,"The bullet is generic, lacks specific metrics or tools, and uses vague, subjective language like 'high-quality' and 'authentic engagement' without evidence.",,0,,,,
0,1431,False,REWRITE,"- Conducted in-depth research to personalize outreach messaging, driving authentic engagement and stronger conversations.",Inside Sales Team,[email],40.0,50.0,60.0,30.0,FAIL,"The bullet is generic, lacks specific metrics or tools, and uses vague, subjective language like 'authentic engagement' and 'stronger conversations' which are not verifiable.",,0,,,,
0,1431,False,REWRITE,"- Conducted in-depth research to personalize outreach messaging, ensuring that content resonated with target audiences.",Inside Sales Team,[content],40.0,50.0,60.0,30.0,FAIL,"The bullet is generic, lacks specific metrics or tools, and uses vague language ('in-depth research', 'ensuring that content resonated') that fails to describe a concrete system or outcome.",,0,,,,
0,1431,False,REWRITE,"- Considered for two senior promotions, including an account-based marketing/copywriting role for Adobe eSign",Inside Sales Team,[writing],40.0,50.0,60.0,30.0,FAIL,"The bullet uses a passive, non-actionable opener ('Considered for'), lacks a measurable outcome or system contribution, and describes a subjective career event rather than a professional achievement.",,0,,,,
0,1431,False,REWRITE,"- Consistently delivered top-tier lead quality, earning recognition for surfacing high-converting prospects for the sales team.",Inside Sales Team,[mgmt],30.0,40.0,50.0,30.0,FAIL,"The bullet uses vague, subjective superlatives like 'top-tier' and 'high-converting' without providing any supporting metrics, tools, or specific context, making it impossible to verify.",,0,,,,
0,1431,False,REWRITE,"- Contributed messaging strategy for Adobe eSign ABM pilot campaign, leading to nomination for two senior copywriting roles.",Inside Sales Team,[writing],60.0,65.0,70.0,60.0,FAIL,"The bullet uses the banned phrase 'Contributed' and relies on a subjective, unverifiable outcome (nomination for roles) rather than a business-impact metric.",,0,,,,
0,1431,False,REWRITE,"- Contributed to Adobe Sign ABM pilot campaign, earning recognition for strategic copywriting and campaign development.",Inside Sales Team,[writing],50.0,60.0,70.0,50.0,FAIL,"The bullet uses the banned phrase 'Contributed to', lacks a specific outcome or metric, and relies on vague praise ('earning recognition') rather than verifiable results.",,0,,,,
0,1431,False,REWRITE,"- Contributed to the messaging strategy for Adobe Sign’s ABM pilot campaign, demonstrating direct response copywriting skills.",Inside Sales Team,[writing],60.0,70.0,75.0,65.0,FAIL,"The bullet opens with the banned phrase 'Contributed to', which is a passive, vague task description that fails to demonstrate ownership or specific outcomes.",,0,,,,
0,1431,False,REWRITE,- Delivered top-tier lead quality by refining email campaigns that consistently surfaced high-converting prospects for the sales team.,Inside Sales Team,[mgmt],40.0,50.0,60.0,40.0,FAIL,"The bullet uses vague, subjective language like 'top-tier' and 'high-converting' without providing specific metrics, tools, or concrete evidence of the system used to refine the campaigns.",,0,,,,
0,1431,False,REWRITE,"- Designed messaging strategy for Adobe eSign ABM campaigns, nominated for senior copywriting roles",Inside Sales Team,[writing][design],70.0,75.0,80.0,70.0,PASS,"The claim about being 'nominated for senior copywriting roles' is subjective and unverifiable, functioning more as a self-assessment than a concrete professional outcome.",,0,,,,
0,1431,False,REWRITE,"- Developed ABM content for Adobe Sign pilot program, earning nomination for senior copywriting roles based on strategic approach.",Inside Sales Team,[writing][content],70.0,75.0,80.0,70.0,PASS,"The claim regarding the nomination for senior roles is subjective and difficult to verify, making it less impactful than a concrete business outcome or metric.",,0,,,,
0,1431,False,REWRITE,"- Developed account-based marketing (ABM) messaging frameworks for Adobe eSign, resulting in two senior-level nominations.",Inside Sales Team,[generalist],65.0,60.0,70.0,75.0,FAIL,"The bullet fails because 'senior-level nominations' is a vague, unverifiable outcome that does not demonstrate business impact or system-level success.",,0,,,,
0,1431,False,REWRITE,- Earned Top Seller honors in the hiring class and ranked in the company's Top 10 for the first two months.,Inside Sales Team,[generalist],60.0,65.0,90.0,40.0,FAIL,"The bullet relies on subjective internal awards ('Top Seller honors') without providing the underlying metric (e.g., revenue generated, quota attainment percentage) to verify the claim, making it feel like a generic resume filler.",,0,,,,
0,1431,False,REWRITE,- Earned Top Seller honors in the hiring class and ranked in the company's Top 10 within the first two months.,Inside Sales Team,[generalist],60.0,65.0,85.0,40.0,FAIL,"The bullet relies on subjective, unverifiable superlatives ('Top Seller honors') and lacks specific metrics or systems to ground the claim, making it sound like a generic sales resume filler.",,0,,,,
0,1431,False,REWRITE,- Earned rapid promotion to sole manager of a 12-member team within six months for consistently outstanding performance,Inside Sales Team,[mgmt],50.0,60.0,80.0,40.0,FAIL,"The bullet uses vague, subjective superlatives like 'consistently outstanding performance' and lacks specific evidence or metrics to verify the claim, making it sound like a generic resume filler.",,0,,,,
0,1431,False,REWRITE,"- Executed high-volume email campaigns via Outreach.io, testing cadence and timing variations to optimize engagement rates.",Inside Sales Team,[email],75.0,80.0,85.0,80.0,PASS,"The bullet lacks a specific outcome or metric to quantify the 'optimization' mentioned, making it feel slightly generic.",,0,,,,
0,1431,False,REWRITE,"- Executed high-volume outbound campaigns via Outreach.io, innovating cadence variations and timing to enhance engagement.",Inside Sales Team,[email],75.0,80.0,85.0,80.0,PASS,"The bullet lacks a specific metric to quantify the 'enhanced engagement' mentioned, making the outcome feel slightly vague.",,0,,,,
0,1431,False,REWRITE,"- Formally considered for two senior roles, including a hybrid ABM/copywriting position for Adobe eSign",Inside Sales Team,[writing],40.0,40.0,60.0,30.0,FAIL,The bullet describes a personal experience (being considered for a role) rather than a professional achievement or system-level contribution; it lacks an action verb that demonstrates impact and is not a verifiable professional outcome.,,0,,,,
0,1431,False,REWRITE,"- Implemented high-volume outbound email campaigns via Outreach.io, experimenting with cadence/timing to optimize engagement.",Inside Sales Team,[email],75.0,80.0,85.0,80.0,PASS,"The bullet lacks a specific outcome or metric to quantify the success of the optimization efforts, making it feel slightly task-oriented.",,0,,,,
0,1431,False,REWRITE,"- Launched Outreach.io email campaigns, testing cadence and messaging to optimize engagement and deliver high-quality leads.",Inside Sales Team,[email],65.0,70.0,75.0,70.0,FAIL,"The bullet fails because it ends with a period, which is explicitly prohibited by the manager test rules.",,0,,,,
0,1431,False,REWRITE,"- Managed a high-volume cold outreach pipeline, consistently exceeding engagement, conversion, and lead quality benchmarks.",Inside Sales Team,[ops][mgmt],40.0,50.0,60.0,50.0,FAIL,"The bullet uses vague, unverifiable superlatives like 'consistently exceeding' without providing a single metric, tool, or specific outcome, making it a generic task description.",,0,,,,
0,1431,False,REVIEW,- Multi-threaded across 3–5 roles per logo to improve discovery quality for enterprise AEs,Inside Sales Team,[generalist],85.0,90.0,80.0,85.0,PASS,"The bullet is slightly jargon-heavy and lacks a specific outcome metric (e.g., increase in meeting conversion or pipeline velocity) to fully validate the impact of the multi-threading strategy.",,0,,,,
0,1431,False,REWRITE,- Nominated for a senior ABM/copywriting role following standout contributions to messaging strategy and campaign ideation.,Inside Sales Team,[writing],40.0,50.0,60.0,30.0,FAIL,"The bullet relies on subjective, unverifiable claims ('standout contributions') and lacks concrete metrics, tools, or specific systems. It describes a career event rather than a professional outcome or infrastructure built.",,0,,,,
0,1431,False,REWRITE,- Nominated for senior ABM/copywriting role aer standout contributions to messaging strategy and campaign ideation.,Inside Sales Team,[writing],40.0,50.0,60.0,40.0,FAIL,"The bullet relies on subjective, unverifiable claims ('standout contributions') and lacks concrete metrics, specific systems, or tangible outcomes. It reads as a self-congratulatory statement rather than a demonstration of professional impact.",,0,,,,
0,1431,False,REWRITE,- Nominated for senior ABM/copywriting role after standout contributions to messaging strategy and campaign ideation.,Inside Sales Team,[writing],40.0,50.0,60.0,30.0,FAIL,"The bullet relies on subjective praise ('standout contributions') rather than objective outcomes, uses vague corporate language, and fails to mention specific tools, systems, or measurable results.",,0,,,,
0,1431,False,REWRITE,"- Optimized outbound cadences using Salesforce and Outreach.io, contributing to pipeline growth through strategic messaging.",Inside Sales Team,[ops],65.0,70.0,75.0,80.0,FAIL,"The bullet uses the vague, filler-heavy phrase 'contributing to pipeline growth through strategic messaging' which lacks a specific metric or outcome, and it reads as a task description rather than a clear systems-level achievement.",,0,,,,
0,1431,False,REWRITE,- Promoted in 6 months to lead a 12-member team aer consistently meeting goals and contributing to process improvement.,Inside Sales Team,[mgmt],60.0,65.0,70.0,50.0,FAIL,"The bullet contains a typo ('aer'), uses vague language ('consistently meeting goals'), and relies on a soft-skill outcome rather than a specific system or infrastructure achievement.",,0,,,,
0,1431,False,REWRITE,- Promoted in 6 months to lead a 12-member team after consistently meeting goals and contributing to process improvement.,Inside Sales Team,[mgmt],60.0,65.0,80.0,50.0,FAIL,"The bullet uses vague, subjective language like 'consistently meeting goals' and 'contributing to process improvement' without defining the metrics or the specific process changed; it also lacks a strong action verb to start, relying on a passive description of a promotion.",,0,,,,
0,1431,False,KEEP,"- Promoted to lead a 12-person team, training reps on prospecting, messaging, and Salesforce workflows.",Inside Sales Team,[mgmt][ops],85.0,90.0,95.0,80.0,PASS,,,0,,,,
0,1431,False,REWRITE,"- Promoted to team lead within 6 months, managing campaign reporting and client communications.",Inside Sales Team,[mgmt],70.0,75.0,80.0,60.0,FAIL,"The bullet uses the passive construction 'Promoted to' which focuses on a title change rather than a specific system or outcome, and it lacks specific metrics or tools to verify the scope of the team lead role.",,0,,,,
0,1431,False,REWRITE,"- Promoted to team lead within 6 months, overseeing client campaign wrap-up and seamless handoff with detailed outreach reports.",Inside Sales Team,[mgmt],70.0,75.0,80.0,60.0,FAIL,"The bullet uses the phrase 'seamless handoff' which is subjective filler, and it describes a promotion rather than a specific system or infrastructure outcome.",,0,,,,
0,1431,False,KEEP,"- Promoted to team lead within six months, training and managing a 12-person SDR organization.",Inside Sales Team,[mgmt],85.0,80.0,95.0,70.0,PASS,,,0,,,,
0,1431,False,REWRITE,- Promoted within 6 months to lead a 12-member team after meeting KPIs and collaborating with marketing on campaign rollouts.,Inside Sales Team,[mgmt],70.0,75.0,80.0,60.0,FAIL,"The bullet uses the banned phrase 'collaborating with' and relies on vague, unquantified claims like 'meeting KPIs' without specifying which ones or what the impact was.",,0,,,,
0,1431,False,REWRITE,- Promoted within six months to lead a 12-person team after consistently exceeding targets and optimizing outreach workflows.,Inside Sales Team,[mgmt],70.0,75.0,80.0,60.0,FAIL,"The bullet uses the vague, filler-heavy phrase 'consistently exceeding targets' and 'optimizing outreach workflows' without providing specific metrics or the actual tools used to achieve those results.",,0,,,,
0,1431,False,REWRITE,"- Proposed ABM-informed content strategy for Adobe eSign, aligning audience insights with tailored messaging themes.",Inside Sales Team,[content],75.0,80.0,85.0,70.0,PASS,"The bullet describes a proposal rather than an implementation or outcome, making it feel slightly passive and less impactful than a completed project.",,0,,,,
0,1431,False,REWRITE,"- Proposed ABM-informed content strategy for Adobe eSign, combining CRM insights with tailored messaging approaches.",Inside Sales Team,[ops][content],70.0,75.0,80.0,70.0,FAIL,"The bullet uses the word 'Proposed,' which implies a task or suggestion rather than an executed outcome or system implementation; it lacks a measurable result or specific scale of the strategy.",,0,,,,
0,1431,False,REWRITE,"- Proposed ABM-informed content strategy for Adobe eSign, combining CRM insights with tailored messaging.",Inside Sales Team,[ops][content],75.0,80.0,85.0,80.0,PASS,"The bullet describes a proposal rather than an executed outcome or system implementation, making it feel slightly more like a task than a completed achievement.",,0,,,,
0,1431,False,KEEP,"- Proposed ABM-informed content strategy for Adobe eSign, leveraging CRM insights to deliver targeted, compliant messaging.",Inside Sales Team,[ops][content],85.0,90.0,95.0,80.0,PASS,,,0,,,,
0,1431,False,REWRITE,"- Proposed ABM-inspired strategy for Adobe eSign, earning a senior copywriting nomination.",Inside Sales Team,[writing],65.0,70.0,75.0,60.0,FAIL,"The bullet fails because it uses a vague, subjective outcome ('earning a senior copywriting nomination') which is not a standard business metric and is difficult to verify; it also lacks specific details on the strategy or the scale of the project.",,0,,,,
0,1431,False,REWRITE,"- Proposed an ABM-style content strategy for Adobe eSign, earning a nomination for a senior copywriting role.",Inside Sales Team,[writing][content],65.0,70.0,80.0,60.0,FAIL,"The bullet fails because it describes a proposal rather than a completed system or outcome, and 'earning a nomination' is a subjective, unverifiable claim that does not demonstrate professional impact.",,0,,,,
0,1431,False,REWRITE,"- Proposed an ABM-style content strategy for an Adobe eSign pilot, earning a nomination for a senior copywriting role.",Inside Sales Team,[writing][content],70.0,75.0,80.0,65.0,FAIL,"The bullet fails the manager test because it describes a proposal rather than a completed system or outcome, and the 'nomination' is a subjective, unverifiable claim that does not demonstrate professional impact.",,0,,,,
0,1431,False,REWRITE,"- Proposed cadences and strategy for Adobe and education-sector clients, earning a nomination for an ABM/copywriting role.",Inside Sales Team,[writing],70.0,75.0,80.0,70.0,PASS,"The bullet relies on a subjective outcome (a nomination) rather than a business-level impact or specific performance metric, making it feel slightly more like a personal achievement than a professional contribution.",,0,,,,
0,1431,False,REWRITE,"- Proposed messaging and content strategies for Adobe and education-sector clients, earning nomination for a senior ABM role.",Inside Sales Team,[content],70.0,75.0,80.0,70.0,FAIL,"The bullet uses a passive, task-oriented opening ('Proposed messaging') and relies on a subjective, unverifiable outcome ('earning nomination') rather than a concrete business result or system improvement.",,0,,,,
0,1431,False,REWRITE,"- Proposed messaging strategy for Adobe and education-sector clients, earning a nomination for a senior ABM copywriting role.",Inside Sales Team,[writing],65.0,70.0,80.0,60.0,FAIL,"The bullet fails because it describes a task (proposing a strategy) rather than a system or outcome, and the 'nomination' is a vague, unverifiable claim that does not demonstrate professional impact.",,0,,,,
0,1431,False,REWRITE,"- Qualified leads using persona traits, engagement behavior, and account scoring logic.",Inside Sales Team,[generalist],75.0,85.0,80.0,70.0,PASS,The bullet is slightly generic and lacks a specific tool mention or a concrete outcome metric to distinguish it from standard lead qualification tasks.,,0,,,,
0,1431,False,KEEP,- Ranked Top 10 of 100+ SDRs; promoted to lead a 12-person team within six months,Inside Sales Team,[mgmt],90.0,85.0,95.0,80.0,PASS,,,0,,,,
0,1431,False,REWRITE,- Ranked among Top 10 reps within two months; promoted to lead a 12-person team in six months.,Inside Sales Team,[mgmt],70.0,65.0,90.0,60.0,FAIL,"The bullet uses a dash in prose, which is prohibited by the manager test rules, and lacks specific context regarding the company size or industry to verify the scale of the promotion.",,0,,,,
0,1431,False,REWRITE,- Ranked among the Top 10 company-wide within two months and promoted to lead a 12-person SDR team within six months.,Inside Sales Team,[mgmt],70.0,65.0,90.0,60.0,FAIL,"The bullet fails because it uses a passive construction ('Ranked among') and lacks a specific system or metric to verify the ranking, making it sound like a generic achievement claim.",,0,,,,
0,1431,False,REWRITE,- Ranked among the Top 10 reps within two months; promoted to lead a 12-person team in six months.,Inside Sales Team,[mgmt],70.0,65.0,90.0,60.0,FAIL,"The bullet fails the manager test because it uses a dash in prose, which is prohibited by the rules. Additionally, the claim of being promoted to lead a 12-person team within six months is a significant scope claim that lacks context regarding the company size or the nature of the team, making it feel like potential scope inflation.",,0,,,,
0,1431,False,KEEP,- Ranked among the top 10 reps within two months; promoted to co-lead a 12-person team in six months.,Inside Sales Team,[mgmt],85.0,80.0,95.0,60.0,PASS,,,0,,,,
0,1431,False,KEEP,- Ranked in the company's Top 10 reps within two months and promoted within six months to lead a 12-person outreach team.,Inside Sales Team,[mgmt],85.0,80.0,95.0,70.0,PASS,,,0,,,,
0,1431,False,KEEP,- Ranked in the company's Top 10 sellers for the first two months and promoted in six months to co-lead a 12-person team.,Inside Sales Team,[mgmt],85.0,80.0,90.0,70.0,PASS,,,0,,,,
0,1431,False,REWRITE,- Ranked in the company's Top 10 sellers for the first two months and promoted in six months to lead a 12-person team.,Inside Sales Team,[mgmt],70.0,65.0,90.0,60.0,FAIL,"The bullet ends with a period, which violates the strict formatting rules, and the claim of being 'Top 10' is unverifiable without context regarding the total size of the sales organization.",,0,,,,
0,1431,False,REWRITE,- Ranked in the company's Top 10 within the first two months and promoted to co-lead a 12-person team within six months.,Inside Sales Team,[mgmt],75.0,70.0,90.0,60.0,PASS,"The bullet lacks specific context regarding the metrics used for the ranking or the specific nature of the team lead role, making it slightly generic.",,0,,,,
0,1431,False,REWRITE,"- Recognized as a strong performer, consistently ranking in the Top 10 sellers for reaching and exceeding key metrics.",Inside Sales Team,[generalist],40.0,50.0,60.0,30.0,FAIL,"The bullet uses vague, subjective language ('strong performer'), lacks specific metrics or tools, and relies on generic superlatives that are unverifiable.",,0,,,,
0,1431,False,REWRITE,"- Recognized for top-tier performance with a nomination to a senior ABM/copywriting role, following standout contributions to messaging strategy and campaign ideation.",Inside Sales Team,[writing],40.0,50.0,60.0,30.0,FAIL,"The bullet relies on vague superlatives like 'top-tier' and 'standout' without providing concrete metrics or specific project outcomes, and it describes a nomination rather than a tangible system or infrastructure achievement.",,0,,,,
0,1431,False,REWRITE,- Recruited by Treering Yearbooks’ Head of Sales due to outstanding project management and impactful sales contributions.,Inside Sales Team,[mgmt],40.0,50.0,60.0,30.0,FAIL,"The bullet is purely subjective and unverifiable, relying on self-reported praise rather than demonstrating a specific system, infrastructure, or measurable outcome.",,0,,,,
0,1431,False,REWRITE,- Recruited by Treering’s Head of Sales based on systematic approach to campaign optimization and sales process improvement.,Inside Sales Team,[email],60.0,65.0,70.0,40.0,FAIL,The bullet fails because it describes a hiring narrative rather than a professional achievement or system outcome; it is unverifiable and lacks specific metrics or tools.,,0,,,,
0,1431,False,REWRITE,- Recruited directly by Treering Yearbooks based on systematic approach to campaign optimization and performance results.,Inside Sales Team,[email],40.0,50.0,60.0,30.0,FAIL,"The bullet is generic, lacks specific metrics or tools, and describes a hiring circumstance rather than a professional achievement or system-level contribution.",,0,,,,
0,1431,False,REWRITE,- Recruited directly by Treering for a full-time role based on proven success in executing cold email campaigns and strategic outreach.,Inside Sales Team,[email],40.0,50.0,70.0,40.0,FAIL,"The bullet relies on a subjective, unverifiable claim ('proven success') and uses generic, filler-heavy language that lacks specific metrics, tools, or systems. It describes a hiring outcome rather than a professional achievement or system-level contribution.",,0,,,,
0,1431,False,REWRITE,- Recruited directly by Treering’s Head of Sales for full-time role based on performance and strategic approach to campaigns.,Inside Sales Team,[email],60.0,65.0,80.0,40.0,FAIL,"The bullet fails because it describes a subjective event (being recruited) rather than a professional system, infrastructure, or outcome; it lacks specific metrics or tools, and it relies on a vague claim of 'strategic approach' which is not verifiable.",,0,,,,
0,1431,False,REWRITE,- Sequenced executive summaries that re-engaged economic buyers on stalled accounts,Inside Sales Team,[email],75.0,80.0,85.0,70.0,PASS,"The bullet lacks a specific metric or tool mention to ground the claim, making it feel slightly generic despite the strong action verb.",,0,,,,
0,1431,False,REWRITE,"- Served as the lead on Treering's project wrap-up; recognized for organized, above-and-beyond execution.",Inside Sales Team,[generalist],40.0,50.0,50.0,30.0,FAIL,"The bullet uses vague, subjective language ('above-and-beyond'), lacks a concrete outcome or system description, and fails to explain what the 'project wrap-up' actually entailed or what tools were used.",,0,,,,
0,1431,False,REWRITE,"- Crafted Strategy's brand identity from scratch, which they still use 15 years later",Element 8 / Strategy LLC,[brand],85.0,75.0,95.0,60.0,PASS,,,0,,,,
0,1431,False,KEEP,"- Crafted Strategy’s brand identity from scratch, which they still use 15 years later",Element 8 / Strategy LLC,[brand],85.0,80.0,95.0,60.0,PASS,,,0,,,,
0,1431,False,KEEP,"- Designed apparel, signage, and print collateral using advanced techniques (spot gloss, UV coating) and Adobe Creative Suite.",Element 8 / Strategy LLC,[brand][design],85.0,90.0,95.0,80.0,PASS,,,0,,,,
0,1431,False,REWRITE,"- Designed high-impact marketing materials, including signage, apparel, and promotional collateral, using Adobe Creative Suite and advanced production techniques.",Element 8 / Strategy LLC,[brand][design],60.0,70.0,75.0,65.0,FAIL,"The bullet uses the forbidden filler word 'high-impact' and describes tasks rather than outcomes or systems, making it generic and indistinguishable from any other design resume.",,0,,,,
0,1431,False,REWRITE,"- Designed high-impact marketing materials, including signage, apparel, and promotional content, using Adobe Creative Suite.",Element 8 / Strategy LLC,[content][brand],60.0,70.0,80.0,65.0,FAIL,The bullet uses the forbidden filler word 'high-impact' and describes a task-based output rather than a strategic outcome or system-level contribution.,,0,,,,
0,1431,False,KEEP,"- Developed premium apparel and print designs using Adobe Creative Suite, collaborating with vendors and overseeing advanced print processes such as spot gloss and UV coatings.",Element 8 / Strategy LLC,[brand][design],85.0,90.0,95.0,80.0,PASS,,,0,,,,
0,1431,False,REWRITE,"- Developed premium apparel and print designs with Adobe Creative Suite, collaborating with vendors and overseeing advanced print processes such as spot gloss and UV coatings, delivering standout, high-quality products.",Element 8 / Strategy LLC,[brand][design],75.0,80.0,85.0,70.0,PASS,The bullet relies on subjective adjectives like 'premium' and 'standout' rather than concrete business outcomes or specific project scale.,,0,,,,
0,1431,False,KEEP,"- Developed premium apparel and print designs with Adobe Creative Suite, collaborating with vendors and overseeing advanced print processes such as spot gloss and UV coatings.",Element 8 / Strategy LLC,[brand][design],85.0,90.0,95.0,80.0,PASS,,,0,,,,
0,1431,False,KEEP,"- Developed premium apparel and print materials using Adobe InDesign, Photoshop, and Illustrator, often applying advanced techniques like spot gloss and UV coating for high-impact, vendor-ready assets.",Element 8 / Strategy LLC,[design][content],85.0,90.0,95.0,80.0,PASS,,,0,,,,
0,1431,False,REWRITE,"- Developed premium apparel, print materials , and digital assets using Adobe InDesign, Photoshop, and Illustrator, often applying advanced techniques like spot gloss and UV coating for high-impact, vendor-ready assets.",Element 8 / Strategy LLC,[design][content],85.0,90.0,80.0,85.0,FAIL,"The bullet contains a space before the comma in 'print materials ,', which violates the formatting rules, and it uses a dash in prose ('high-impact'), which is prohibited by the manager test rules.",,0,,,,
0,1431,False,REWRITE,- Directed creative execution during company restructuring and developed visual systems still in use 10+ years later.,Element 8 / Strategy LLC,[brand],65.0,60.0,70.0,50.0,FAIL,"The bullet fails because it uses the vague, generic phrase 'creative execution' and makes an unverifiable claim about systems being in use 10+ years later, which lacks specific context or evidence.",,0,,,,
0,1431,False,REWRITE,"- Directed creative strategy during agency restructuring, developing visual systems for digital/email campaigns.",Element 8 / Strategy LLC,[brand],65.0,70.0,75.0,60.0,FAIL,"The bullet is too generic and lacks specific metrics, tools, or tangible outcomes to verify the impact of the creative strategy or the restructuring.",,0,,,,
0,1431,False,REWRITE,"- Directed creative strategy during restructuring, developing visual systems that supported integrated digital and email campaigns.",Element 8 / Strategy LLC,[brand],65.0,70.0,75.0,60.0,FAIL,"The bullet is too generic and lacks specific metrics, tools, or tangible outcomes; it reads as a task description rather than a high-impact achievement.",,0,,,,
0,1431,False,REWRITE,- Directed creative strategy for the agency’s rebrand — identity systems that still hold up today.,Element 8 / Strategy LLC,[brand],65.0,70.0,75.0,60.0,FAIL,"The bullet contains a dash in prose, which violates the strict formatting rules, and the claim that the systems 'still hold up today' is subjective and unverifiable.",,0,,,,
0,1431,False,REWRITE,"- Directed multi-channel projects spanning premium print, digital ads, and social media, overseeing execution from concept to delivery.",Element 8 / Strategy LLC,[generalist],60.0,65.0,70.0,50.0,FAIL,"The bullet is overly generic and lacks specific metrics, tools, or tangible outcomes, making it indistinguishable from standard marketing resume filler.",,0,,,,
0,1431,False,REWRITE,"- Directed multi-channel projects, premium print, digital ads, and social media, leading full creative execution.",Element 8 / Strategy LLC,[brand],60.0,65.0,70.0,60.0,FAIL,"The bullet uses a dash in prose, which is prohibited by the rules, and it reads as a generic task description rather than a specific outcome or system-level achievement.",,0,,,,
0,1431,False,REWRITE,"- Edited multimedia content to enhance digital storytelling, aligning creative outputs with brand strategy and campaign objectives.",Element 8 / Strategy LLC,[brand][content],40.0,50.0,50.0,30.0,FAIL,"The bullet is overly generic, lacks specific metrics or tools, and uses vague corporate-speak like 'enhance digital storytelling' and 'aligning creative outputs' which could apply to any marketing role without evidence of actual impact.",,0,,,,
0,1431,False,REWRITE,"- Edited multimedia content using in-house video tools, supporting digital campaigns and brand storytelling.",Element 8 / Strategy LLC,[brand][content],50.0,60.0,60.0,40.0,FAIL,"The bullet uses the banned phrase 'supporting' (a variation of 'assisted with'), lacks specific metrics or tool names, and is too generic to distinguish the candidate's actual impact or skill level.",,0,,,,
0,1431,False,REWRITE,"- Edited multimedia content with in-house video tools, enhancing digital campaigns and strengthening brand storytelling.",Element 8 / Strategy LLC,[brand][content],50.0,60.0,60.0,40.0,FAIL,"The bullet uses generic, non-specific language ('enhancing digital campaigns', 'strengthening brand storytelling') and fails to name specific tools or provide measurable outcomes, making it indistinguishable from any other marketing resume.",,0,,,,
0,1431,False,REWRITE,"- Ensured high visual quality and brand consistency across print, social, apparel, and internal collateral in fast-paced, feedback-driven environments.",Element 8 / Strategy LLC,[brand],50.0,60.0,70.0,40.0,FAIL,"The bullet uses generic, filler-heavy language ('high visual quality', 'brand consistency', 'fast-paced', 'feedback-driven') and fails to name a specific system, tool, or measurable outcome, making it indistinguishable from any other design resume.",,0,,,,
0,1431,False,REWRITE,"- Facilitated client presentations and stakeholder feedback sessions, refining creative deliverables to meet strategic objectives.",Element 8 / Strategy LLC,[brand],60.0,70.0,75.0,50.0,FAIL,"The bullet uses the banned phrase 'Facilitated' (often a synonym for 'helped with' or 'participated in' in this context), lacks specific metrics or tools, and is generic enough to apply to almost any client-facing role without modification.",,0,,,,
0,1431,False,KEEP,- Handpicked by CEO to lead visual identity development for new startup; brand systems created remain in use 15+ years later,Element 8 / Strategy LLC,[brand],85.0,80.0,95.0,70.0,PASS,,,0,,,,
0,1431,False,REWRITE,"- Handpicked by Element 8's CEO for promotion to Lead Designer at his next venture, Strategy LLC",Element 8 / Strategy LLC,[design],60.0,65.0,90.0,40.0,FAIL,"The bullet relies on a subjective, unverifiable claim about being 'handpicked' by a CEO, which is difficult to prove in a reference check and lacks any mention of professional systems, tools, or measurable outcomes.",,0,,,,
0,1431,False,REWRITE,"- Handpicked by Element 8's CEO for promotion to Lead Graphic Designer at his new venture, Strategy LLC",Element 8 / Strategy LLC,[design],70.0,65.0,90.0,40.0,FAIL,The bullet relies on a subjective claim of being 'handpicked' which is unverifiable and reads as a narrative anecdote rather than a professional achievement or system-based outcome.,,0,,,,
0,1431,False,KEEP,"- Handpicked by the CEO to brand a new venture from the ground up, delivering a visual identity system still in use a decade later.",Element 8 / Strategy LLC,[brand],85.0,80.0,90.0,60.0,PASS,,,0,,,,
0,1431,False,REWRITE,"- Hired as Design Assistant at Element 8, then handpicked by the CEO to help launch and brand his next venture (Strategy, LLC) from the ground up, a brand identity system that remains in use more than a decade later.",Element 8 / Strategy LLC,[brand][design],70.0,65.0,75.0,50.0,FAIL,"The bullet uses the banned phrase 'help launch' and contains a comma splice/run-on structure that makes it read like a narrative story rather than a professional achievement bullet. It also lacks specific metrics or tools, relying on a subjective claim about the brand identity remaining in use.",,0,,,,
0,1431,False,NEEDS_AUDIT,"- Led creative direction and brand system development during company restructuring, ensuring visual consistency across all marketing channels.",Element 8 / Strategy LLC,[brand],,,,,,,,0,,,,
0,1431,False,NEEDS_AUDIT,- Led creative direction and developed a lasting brand identity system still in use today.,Element 8 / Strategy LLC,[brand],,,,,,,,0,,,,
0,1431,False,REWRITE,"- Led creative direction during agency rebrand, developing lasting brand identity systems still in use today.",Element 8 / Strategy LLC,[brand],65.0,70.0,80.0,60.0,FAIL,"The bullet uses the banned phrase 'Led' (often associated with vague task descriptions) and lacks specific metrics, tools, or the scale of the agency rebrand, making it feel generic.",,0,,,,
0,1431,False,REWRITE,"- Led creative direction during agency restructuring, developing brand identity systems still in use today.",Element 8 / Strategy LLC,[brand],70.0,75.0,80.0,65.0,PASS,The bullet is slightly vague regarding the specific scale of the restructuring and lacks a concrete metric or specific tool mention to ground the claim of 'brand identity systems'.,,0,,,,
0,1431,False,REWRITE,"- Led creative direction during agency restructuring, developing visual identity systems still in use today.",Element 8 / Strategy LLC,[brand],70.0,75.0,80.0,60.0,PASS,The bullet is slightly generic and lacks specific metrics or tool mentions to ground the claim of 'visual identity systems' in a tangible outcome.,,0,,,,
0,1431,False,REWRITE,"- Led creative direction during company restructuring, developing visual brand systems and presentation templates.",Element 8 / Strategy LLC,[brand],60.0,70.0,75.0,65.0,FAIL,"The bullet uses the banned phrase 'Led' (often a proxy for 'responsible for' or 'managed') and lacks specific metrics or tangible outcomes, making it feel like a generic task description rather than a systems-level achievement.",,0,,,,
0,1431,False,REWRITE,"- Led creative direction during company restructuring, developing visual systems and brand standards still in use today.",Element 8 / Strategy LLC,[brand],65.0,70.0,75.0,60.0,FAIL,"The bullet uses the banned phrase 'Led' (often a proxy for 'responsible for' or 'managed') and lacks specific metrics, tools, or tangible evidence of the 'visual systems' created, making it feel generic and unverifiable.",,0,,,,
0,1431,False,REWRITE,"- Led creative direction during company restructuring, developing visual systems still in use today.",Element 8 / Strategy LLC,[brand],65.0,70.0,75.0,60.0,FAIL,"The bullet uses the vague, overused verb 'Led' and lacks specific metrics, tools, or concrete evidence of the 'visual systems' mentioned, making it feel like generic resume filler.",,0,,,,
0,1431,False,REWRITE,"- Led creative direction during company restructuring, developing visual systems that remain in use today.",Element 8 / Strategy LLC,[brand],65.0,70.0,75.0,60.0,FAIL,"The bullet fails the manager test because it ends with a period and uses generic, vague language ('creative direction', 'visual systems') that lacks specific metrics, tools, or tangible outcomes to verify the claim.",,0,,,,
0,1431,False,REWRITE,- Led creative direction during restructuring and developed visual systems still in use today.,Element 8 / Strategy LLC,[brand],50.0,60.0,65.0,40.0,FAIL,"The bullet is too generic, lacks specific metrics or tool mentions, and uses vague language like 'creative direction' and 'visual systems' without defining the scope or impact.",,0,,,,
0,1431,False,REWRITE,- Leveraged Google Analytics and ad performance insights to inform content direction and creative strategy for clients.,Element 8 / Strategy LLC,[content][brand],60.0,70.0,75.0,65.0,FAIL,The bullet uses the banned phrase 'Leveraged' (often a proxy for 'used' or 'responsible for') and is too generic; it describes a standard task rather than a specific outcome or system built.,,0,,,,
0,1431,False,REWRITE,- Leveraged Google Analytics and ad performance insights to inform content direction and creative strategy.,Element 8 / Strategy LLC,[content][brand],65.0,70.0,75.0,60.0,FAIL,The bullet uses the banned phrase 'Leveraged' (often a proxy for 'used' or 'responsible for') and describes a task rather than a specific outcome or system architecture; it lacks a concrete metric or specific project artifact to prove the impact of the strategy.,,0,,,,
0,1431,False,REWRITE,"- Managed cross-functional marketing projects across print, digital, and social media from concept to completion.",Element 8 / Strategy LLC,[mgmt],40.0,50.0,60.0,30.0,FAIL,"The bullet uses the banned phrase 'Managed' (often synonymous with 'responsible for' in this context), lacks any specific metrics or tools, and is generic enough to appear on any marketing resume without modification.",,0,,,,
0,1431,False,REWRITE,"- Managed cross-functional project delivery and end-to-end creative execution, establishing processes for multi-channel campaigns.",Element 8 / Strategy LLC,[brand][mgmt],40.0,50.0,50.0,40.0,FAIL,"The bullet uses generic corporate jargon ('cross-functional project delivery', 'end-to-end creative execution') and lacks any specific metrics, tools, or tangible outcomes, making it impossible to verify or distinguish from any other marketing resume.",,0,,,,
0,1431,False,REWRITE,"- Managed cross-functional projects across print, digital, and social media; delivered marketing campaigns from concept to completion.",Element 8 / Strategy LLC,[mgmt],40.0,50.0,60.0,40.0,FAIL,"The bullet uses generic, filler-heavy language ('Managed cross-functional projects', 'delivered marketing campaigns') that lacks specific metrics, tools, or unique outcomes, making it indistinguishable from any other marketing resume.",,0,,,,
0,1431,False,REWRITE,"- Managed end-to-end creative execution, including signage, digital assets, and brand collateral, including client discovery.",Element 8 / Strategy LLC,[brand][content],60.0,70.0,65.0,50.0,FAIL,"The bullet uses the banned phrase 'Managed' (often synonymous with 'responsible for' in this context), lacks a specific outcome or metric, and reads as a generic list of tasks rather than a high-impact achievement.",,0,,,,
0,1431,False,REWRITE,"- Managed integrated campaigns across apparel, print, signage, and social, prioritizing cohesion and brand alignment.",Element 8 / Strategy LLC,[brand][mgmt],60.0,70.0,75.0,65.0,FAIL,"The bullet uses the banned phrase 'Managed' and is overly generic, failing to provide specific metrics, tools, or a clear outcome beyond the task of maintaining alignment.",,0,,,,
0,1431,False,REWRITE,"- Managed multi-channel project delivery, coordinated cross-team collaboration, and ensured end-to-end creative execution.",Element 8 / Strategy LLC,[mgmt][brand],40.0,50.0,50.0,30.0,FAIL,"The bullet is generic, lacks specific metrics or tools, and uses vague corporate-speak like 'multi-channel project delivery' and 'cross-team collaboration' which could apply to any role.",,0,,,,
0,1431,False,REWRITE,"- Managed multi-channel project delivery, cross-team collaboration, and end-to-end creative execution.",Element 8 / Strategy LLC,[mgmt][brand],30.0,40.0,40.0,30.0,FAIL,"The bullet is overly generic, lacks specific metrics or tools, and reads as a list of buzzwords rather than a concrete outcome or system-level achievement.",,0,,,,
0,1431,False,KEEP,- Personally recruited by the CEO of Element 8 to lead brand design at his next venture — a visual identity still in use 15 years later,Element 8 / Strategy LLC,[brand][design],85.0,80.0,95.0,60.0,PASS,,,0,,,,
0,1431,False,REWRITE,"- Presented creative concepts and design rationale to stakeholders, refining deliverables based on strategic feedback.",Element 8 / Strategy LLC,[brand][design],60.0,70.0,75.0,50.0,FAIL,"The bullet is generic and lacks specific metrics, tools, or project outcomes, making it indistinguishable from any other design-related role; it also fails to demonstrate a specific system or infrastructure.",,0,,,,
0,1431,False,REWRITE,"- Presented creative concepts to clients and refined deliverables through collaboration, iteration, and style-guide precision.",Element 8 / Strategy LLC,[brand],60.0,70.0,65.0,50.0,FAIL,"The bullet is too generic, lacks specific metrics or tools, and uses vague process-oriented language that could apply to any creative role without demonstrating a specific outcome or system.",,0,,,,
0,1431,False,REWRITE,- Presented creative concepts to clients and refined deliverables through direct collaboration and feedback.,Element 8 / Strategy LLC,[brand],60.0,70.0,70.0,40.0,FAIL,"The bullet is generic, lacks specific metrics or tools, and describes a standard task rather than a unique outcome or system.",,0,,,,
0,1431,False,REWRITE,"- Presented creative concepts to stakeholders, managing client relationships and refining deliverables in real time.",Element 8 / Strategy LLC,[brand],60.0,70.0,75.0,50.0,FAIL,"The bullet is too generic and lacks specific metrics, tools, or tangible outcomes; it reads as a standard task description that could apply to any client-facing role.",,0,,,,
0,1431,False,REWRITE,"- Presented design concepts directly to clients, owning stakeholder meetings and refining deliverables based on feedback.",Element 8 / Strategy LLC,[design],70.0,80.0,85.0,60.0,PASS,"The bullet is somewhat generic and lacks specific metrics, project scope, or the tools used to create the design concepts.",,0,,,,
0,1431,False,REWRITE,"- Presented design rationale and creative concepts directly to stakeholders, refining deliverables based on feedback.",Element 8 / Strategy LLC,[brand][design],60.0,70.0,75.0,40.0,FAIL,"The bullet ends with a period, which violates the formatting rules, and it is too generic, describing a standard task rather than a specific outcome or system.",,0,,,,
0,1431,False,REWRITE,"- Presented design rationale directly to stakeholders, led on-site meetings, and refined deliverables in real time.",Element 8 / Strategy LLC,[design],70.0,75.0,80.0,60.0,PASS,"The bullet is somewhat generic and lacks specific metrics, project names, or tools to distinguish the candidate's impact from standard design responsibilities.",,0,,,,
0,1431,False,REWRITE,"- Presented design rationale directly to stakeholders, refining deliverables based on feedback and performance evaluation.",Element 8 / Strategy LLC,[design],70.0,80.0,75.0,60.0,PASS,"The bullet is somewhat generic and lacks specific metrics, tools, or the scale of the projects involved, making it feel like a standard task description rather than a high-impact achievement.",,0,,,,
0,1431,False,REWRITE,"- Presented design rationale to stakeholders, leading client meetings and refining deliverables in real time.",Element 8 / Strategy LLC,[design],65.0,70.0,75.0,50.0,PASS,"The bullet is somewhat generic and lacks specific metrics, tools, or a defined outcome beyond the act of presenting; it describes a task rather than a high-impact system or result.",,0,,,,
0,1431,False,REWRITE,"- Produced campaign assets and client decks for early-stage nonprofit, startup, and education accounts.",Element 8 / Strategy LLC,[content][design],60.0,70.0,70.0,40.0,FAIL,"The bullet is too generic, lacks specific metrics or outcomes, and reads as a task description rather than a high-impact achievement.",,0,,,,
0,1431,False,REWRITE,"- Produced premium apparel/print designs using Adobe Creative Suite, collaborating with vendors to meet stringent quality controls.",Element 8 / Strategy LLC,[brand][design],75.0,80.0,85.0,70.0,PASS,"The bullet is slightly generic regarding the 'premium' nature of the designs and lacks a specific outcome or scale (e.g., number of designs, volume of production, or impact on vendor costs/timelines).",,0,,,,
0,1431,False,KEEP,- Recruited by CEO of Element 8 to lead brand development for his new venture — a visual system still in use 15 years later.,Element 8 / Strategy LLC,[brand],90.0,85.0,95.0,70.0,PASS,,,0,,,,
0,1431,False,KEEP,"- Recruited by CEO to lead visual identity development for new venture, visual systems still in use more than a decade later.",Element 8 / Strategy LLC,[generalist],85.0,80.0,90.0,60.0,PASS,,,0,,,,
0,1431,False,KEEP,"- Recruited by Element 8 CEO to lead brand development, creating visual identity systems and editorial guidelines still in use today.",Element 8 / Strategy LLC,[brand],85.0,80.0,90.0,70.0,PASS,,,0,,,,
0,1431,False,KEEP,- Recruited by Element 8 CEO to lead branding and identity for new venture — visual systems still in use more than a decade later.,Element 8 / Strategy LLC,[brand],85.0,80.0,90.0,70.0,PASS,,,0,,,,
0,1431,False,KEEP,- Recruited by the CEO of Element 8 to lead brand development for his next venture — a visual identity still in use 15 years later.,Element 8 / Strategy LLC,[brand],90.0,85.0,95.0,60.0,PASS,,,0,,,,
0,1431,False,REWRITE,"- Supported digital campaigns by managing CMS updates, Google Ads, and Analytics, contributing to a unified marketing strategy.",Element 8 / Strategy LLC,[email],50.0,60.0,60.0,50.0,FAIL,"The bullet uses the banned phrase 'Supported' and is overly generic, reading more like a task list than an outcome-oriented statement.",,0,,,,
0,1431,False,REWRITE,"- Supported digital campaigns through CMS updates, Google Ads, and Analytics integration, contributing to cohesive email and cross platform marketing initiatives.",Element 8 / Strategy LLC,[ops],50.0,60.0,60.0,65.0,FAIL,"The bullet uses the banned phrase 'Supported' and describes tasks rather than outcomes or systems. It lacks specific metrics or a clear demonstration of ownership, making it generic.",,0,,,,
0,1431,False,REWRITE,"- Supported integrated campaigns through CMS updates, digital ad management, and content reporting tools.",Element 8 / Strategy LLC,[content][mgmt],40.0,50.0,50.0,40.0,FAIL,"The bullet uses the banned phrase 'Supported', lacks any specific metrics or outcomes, and reads as a generic task list rather than a demonstration of impact.",,0,,,,
0,1431,False,REWRITE,"- Supported integrated digital and print campaigns, managing CMS updates, Google Ads optimization, and Analytics reporting.",Element 8 / Strategy LLC,[email],60.0,70.0,75.0,65.0,FAIL,"The bullet opens with the banned phrase 'Supported', which describes a task-based role rather than an outcome-driven system, and it lacks specific metrics or scale to verify the impact of the campaigns.",,0,,,,
0,1431,False,REWRITE,"- Supported integrated digital and print campaigns, managing CMS updates, Google Ads, and Analytics.",Element 8 / Strategy LLC,[email],60.0,65.0,70.0,60.0,FAIL,The bullet uses the banned phrase 'Supported' and reads as a generic task list rather than an outcome-oriented statement.,,0,,,,
0,1431,False,REWRITE,"- Supported integrated digital and print campaigns, managing CMS updates, Google Ads, and Google Analytics reporting.",Element 8 / Strategy LLC,[email],60.0,70.0,75.0,70.0,FAIL,"The bullet opens with the banned phrase 'Supported', which describes a task rather than an outcome, and lacks specific metrics or a clear system-level impact.",,0,,,,
0,1431,False,REWRITE,"- Supported integrated marketing through CMS updates, Google Ads, Google Analytics, and multimedia content development.",Element 8 / Strategy LLC,[content],50.0,60.0,60.0,65.0,FAIL,The bullet uses the banned phrase 'Supported' and reads as a generic task list rather than an outcome-oriented statement.,,0,,,,
0,1431,False,REWRITE,"- Supported integrated marketing through analytics-driven optimization, managing CMS updates, Google Analytics, Google Ads, and performance tracking over time.",Element 8 / Strategy LLC,[generalist],50.0,60.0,55.0,65.0,FAIL,"The bullet uses the banned phrase 'Supported', lacks a specific outcome or system-level achievement, and reads as a generic list of tasks rather than a high-impact narrative.",,0,,,,
0,1431,False,REWRITE,- Tracked performance using Google Analytics and Google Ads with creative asset design and basic performance reporting.,Element 8 / Strategy LLC,[content][brand],60.0,70.0,65.0,60.0,FAIL,"The bullet uses the banned phrase 'Tracked performance' and describes a list of tasks rather than a specific outcome or system architecture. It lacks a measurable result or specific scope, making it feel like a generic job description entry.",,0,,,,
0,1431,False,REWRITE,- Used Google Analytics and Google Ads to inform content direction and optimize campaign engagement.,Element 8 / Strategy LLC,[content],60.0,70.0,70.0,65.0,FAIL,"The bullet uses the banned phrase 'Used' (which is a weak, task-oriented verb) and describes a generic task rather than a specific outcome or system architecture.",,0,,,,
0,1431,False,REWRITE,- Used Google Analytics and Google Ads to inform content strategy and optimize engagement trends across campaigns.,Element 8 / Strategy LLC,[content],60.0,70.0,65.0,60.0,FAIL,"The bullet uses the banned phrase 'Used' (which is a weak, task-based opener), lacks a specific outcome or metric, and is too generic to distinguish the candidate's actual impact on content strategy.",,0,,,,
0,1431,False,REWRITE,"- Authored 200+ page digital strategy report for Carlson Hotels, shaping web conversion and cross-channel messaging.",VML,[writing],75.0,70.0,85.0,70.0,PASS,The claim of a 200+ page report is highly specific but potentially raises questions about the utility and actual impact of such a massive document; it borders on task-oriented rather than outcome-oriented.,,0,,,,
0,1431,False,KEEP,"- Authored 6-email lifecycle journeys for SAP, demonstrating expertise in complex technical messaging and customer communications.",VML,[writing],85.0,90.0,95.0,80.0,PASS,,,0,,,,
0,1431,False,KEEP,"- Authored 6-email nurture sequence for SAP, demonstrating lifecycle communication and technical messaging skills",VML,[writing],85.0,90.0,95.0,80.0,PASS,,,0,,,,
0,1431,False,REWRITE,- Authored a 200+ page conversion optimization report for Carlson Hotels that influenced their global campaign roadmap.,VML,[writing],85.0,75.0,90.0,70.0,PASS,The claim of a 200+ page report is highly specific but potentially raises questions about the utility of such a massive document in a fast-paced marketing environment; it borders on being a task-heavy description rather than a clear outcome-driven system.,,0,,,,
0,1431,False,KEEP,"- Authored a 200+ page digital strategy report for Carlson Hotels, shaping web conversion and cross-channel messaging.",VML,[writing],85.0,80.0,90.0,75.0,PASS,,,0,,,,
0,1431,False,KEEP,- Authored a 200+-page digital strategy report for Carlson Hotels that informed site conversion and content planning,VML,[content][writing],85.0,80.0,90.0,75.0,PASS,,,0,,,,
0,1431,False,KEEP,- Authored a 200+-page ditigal strategy report for Carlson Hotels that informed site conversion and content planning,VML,[content][writing],85.0,80.0,90.0,75.0,PASS,,,0,,,,
0,1431,False,REWRITE,"- Authored a six-email nurture campaign for SAP, demonstrating capability in targeted email marketing and lifecycle communication.",VML,[writing],70.0,80.0,85.0,75.0,PASS,"The bullet is slightly generic and lacks a specific outcome or metric (e.g., open rates, conversion, or audience size) to elevate it from a task description to a high-impact achievement.",,0,,,,
0,1431,False,REWRITE,"- Authored a six-email nurture campaign for SAP, demonstrating versatile lifecycle communication skills relevant to email marketing.",VML,[writing],60.0,75.0,80.0,65.0,FAIL,"The bullet uses generic filler language ('demonstrating versatile lifecycle communication skills') and fails to provide a specific outcome or metric, making it read like a task description rather than a high-impact achievement.",,0,,,,
0,1431,False,REWRITE,"- Co-authored a 200+ page digital strategy report for Carlson Hotels, helping inform website structure and cross-channel content.",VML,[content][writing],75.0,70.0,85.0,60.0,FAIL,"The bullet uses the banned phrase 'helping inform', which describes a supportive task rather than a direct outcome or system ownership.",,0,,,,
0,1431,False,KEEP,- Collaborated with creatives on cross-platform pitches; created a Carlson Hotels deck that received direct praise from VML's CEO.,VML,[brand][design],85.0,80.0,90.0,70.0,PASS,,,0,,,,
0,1431,False,KEEP,"- Compiled and published 200+ page customer journey and conversion strategy report for Carlson Hotels, mapping touchpoints and identifying optimization opportunities across digital channels",VML,[generalist],85.0,80.0,90.0,85.0,PASS,,,0,,,,
0,1431,False,REWRITE,"- Contributed to 200+ page digital strategy report for Carlson Hotels, shaping web conversion and cross-channel campaigns.",VML,[email],60.0,65.0,70.0,60.0,FAIL,"The bullet uses the banned phrase 'Contributed to', which is a passive, task-oriented opener that fails to define the candidate's specific impact or ownership. It also lacks a clear outcome, as 'shaping' is vague and unverifiable.",,0,,,,
0,1431,False,REWRITE,"- Contributed to a 200+ page strategic report for Carlson Hotels, supporting conversion strategy and customer journey mapping.",VML,[generalist],60.0,65.0,70.0,50.0,FAIL,"The bullet uses the banned phrase 'Contributed to', which is a passive, task-oriented opener that fails to define the candidate's specific impact or ownership. It also lacks a clear outcome, focusing on the existence of a report rather than the result of the strategy.",,0,,,,
0,1431,False,REWRITE,- Contributed to a 200-page strategy report for Carlson Hotels; recognized for clarity and design thinking.,VML,[design],50.0,60.0,70.0,40.0,FAIL,"The bullet uses the banned phrase 'Contributed to', which is a weak, passive opener that fails to define the candidate's specific ownership or impact. It also relies on subjective praise ('recognized for clarity') rather than a verifiable outcome or specific contribution.",,0,,,,
0,1431,False,REWRITE,- Contributed to enterprise B2B initiatives; drafted nurture email flows for SAP aligned to buying-stage progression,VML,[email],60.0,65.0,70.0,60.0,FAIL,"The bullet uses the banned phrase 'Contributed to' and is overly generic, failing to specify the actual outcome or the scale of the nurture flows.",,0,,,,
0,1431,False,REWRITE,- Contributed to omnichannel campaigns that strengthened brand voice consistency across digital and print deliverables.,VML,[brand],40.0,50.0,50.0,30.0,FAIL,"The bullet uses the banned phrase 'Contributed to', lacks any specific metrics or tools, and relies on vague corporate-speak like 'strengthened brand voice consistency' which is impossible to verify.",,0,,,,
0,1431,False,REWRITE,"- Created B2B nurture emails for SAP, translating technical content into clear, accessible language.",VML,[content],75.0,85.0,90.0,70.0,PASS,"The bullet lacks a specific outcome or metric to demonstrate the effectiveness of the nurture emails, making it feel slightly task-oriented rather than impact-oriented.",,0,,,,
0,1431,False,REWRITE,- Created a pitch deck for Carlson Hotels that received direct praise from the CEO of VML.,VML,[design],70.0,75.0,90.0,40.0,PASS,"The bullet is slightly generic and lacks detail regarding the candidate's specific contribution to the deck (e.g., strategy, design, or research) and the business outcome beyond a subjective compliment.",,0,,,,
0,1431,False,REWRITE,- Created a pitch deck for Carlson Hotels that received direct praise from the VML’s CEO for exceptional branding and design.,VML,[design][brand],75.0,70.0,90.0,60.0,PASS,"The bullet relies on subjective praise ('exceptional branding') rather than a business outcome or specific contribution to a win, making it feel slightly more like a task description than a systems-level achievement.",,0,,,,
0,1431,False,REWRITE,"- Created and presented a Keynote pitch deck praised by VML's CEO for clarity, structure, and storytelling.",VML,[design],70.0,65.0,90.0,50.0,FAIL,The bullet relies on subjective praise ('praised by VML's CEO') which is unverifiable and reads as a soft-skill claim rather than a professional outcome or system-based achievement.,,0,,,,
0,1431,False,KEEP,"- Designed a 200+ page insights and strategy report in InDesign for Carlson Hotels, focused on increasing website conversions.",VML,[design],85.0,90.0,95.0,70.0,PASS,,,0,,,,
0,1431,False,REWRITE,"- Designed and presented a branded pitch deck that earned direct praise from VML’s CEO, demonstrating ability to bridge strategic thinking and creative execution in high-stakes agency environment",VML,[brand][design],70.0,65.0,85.0,50.0,FAIL,"The bullet relies on subjective praise ('earned direct praise') rather than a concrete business outcome or system improvement, and it uses filler phrases like 'demonstrating ability to bridge strategic thinking and creative execution' which are generic and lack evidence.",,0,,,,
0,1431,False,KEEP,- Designed and presented a pitch deck for Carlson Hotels that received direct praise from VML's CEO for branding and design.,VML,[design][brand],85.0,80.0,95.0,70.0,PASS,,,0,,,,
0,1431,False,REVIEW,"- Designed and presented a pitch deck in Keynote to VML’s CEO and executive creative director, receiving praise for execution quality.",VML,[design][brand],85.0,80.0,95.0,60.0,PASS,The bullet relies on subjective praise ('receiving praise') rather than a concrete business outcome or decision resulting from the pitch.,,0,,,,
0,1431,False,REWRITE,"- Designed and presented a pitch deck that earned direct praise from VML's CEO for its clarity, concept, and creative execution.",VML,[design][brand],70.0,65.0,90.0,40.0,FAIL,The bullet relies on subjective praise from a CEO which is unverifiable and lacks professional substance regarding the actual business outcome or system impact.,,0,,,,
0,1431,False,REWRITE,"- Designed and presented a pitch deck to VML’s CEO and executive creative director, earning praise for quality and execution.",VML,[design][brand],70.0,75.0,90.0,60.0,PASS,The bullet relies on subjective praise ('earning praise') which is difficult to verify and adds little professional value compared to the outcome of the pitch itself.,,0,,,,
0,1431,False,REWRITE,- Designed and presented a pitch deck to executive leadership; received direct praise from VML’s CEO for clarity and quality,VML,[design],70.0,65.0,90.0,40.0,FAIL,"The bullet relies on a subjective claim of 'praise' which is unverifiable and lacks a business outcome or system impact, making it read as a task description rather than a professional achievement.",,0,,,,
0,1431,False,REWRITE,"- Designed and presented a strategic pitch deck to VML's CEO, earning direct recognition for exceptional branding and execution",VML,[design][brand],70.0,65.0,85.0,50.0,FAIL,"The bullet uses subjective, unverifiable praise ('exceptional branding and execution') and lacks specific details regarding the project scope, the nature of the pitch, or the actual business outcome beyond a vague 'recognition'.",,0,,,,
0,1431,False,REWRITE,"- Designed and presented a strategic pitch deck to executive leadership, receiving commendation for quality content.",VML,[design][content],40.0,50.0,70.0,30.0,FAIL,"The bullet is generic, lacks specific metrics or outcomes, and relies on subjective praise ('receiving commendation') which is unverifiable and reads as fluff.",,0,,,,
0,1431,False,REWRITE,"- Designed and presented pitch deck to VML’s CEO and executive creative director, earning praise for quality and execution.",VML,[design][brand],70.0,75.0,90.0,60.0,FAIL,"The bullet ends with a period, which violates the strict formatting rules. Additionally, 'earning praise' is a subjective, unverifiable claim that lacks a concrete business outcome or metric.",,0,,,,
0,1431,False,REWRITE,- Designed and presented strategic pitch deck that earned direct praise from VML's CEO for clarity and creative excellence.,VML,[design][brand],70.0,65.0,90.0,40.0,FAIL,The bullet relies on subjective praise ('direct praise') which is unverifiable and lacks concrete business outcomes or specific project scope.,,0,,,,
0,1431,False,KEEP,- Developed a 200+ page conversion report for Carlson Hotels that shaped the brand's campaign roadmap.,VML,[brand],85.0,80.0,90.0,75.0,PASS,,,0,,,,
0,1431,False,REWRITE,- Developed a 200+ page research and insights report for Carlson Hotels on how to increase website conversions best.,VML,[generalist],70.0,65.0,80.0,60.0,FAIL,"The bullet ends with a period, which violates the strict formatting rules. Additionally, the claim of a 200+ page report is highly suspicious and likely indicates scope inflation or an inefficient process, making it difficult to believe as a high-value professional achievement.",,0,,,,
0,1431,False,KEEP,- Developed a 200+ page research report for Carlson Hotels on improving website conversions through messaging and design.,VML,[design],85.0,90.0,95.0,70.0,PASS,,,0,,,,
0,1431,False,REVIEW,- Developed a 200+ page research report for Carlson Hotels on improving website conversions.,VML,[generalist],85.0,80.0,90.0,70.0,PASS,The bullet describes the output (the report) but lacks the outcome or impact of that report; it is unclear if the recommendations were implemented or if they drove any conversion improvements.,,0,,,,
0,1431,False,REWRITE,- Developed a 200+ page strategy report with campaign recommendations for Carlson Hotels to improve website conversions.,VML,[email],70.0,65.0,80.0,60.0,FAIL,"The bullet fails because it describes a task (writing a report) rather than a system or outcome, and the length of the report (200+ pages) is a red flag for inefficiency rather than a high-value achievement.",,0,,,,
0,1431,False,KEEP,"- Developed a comprehensive 200+ page digital strategy report for Carlson Hotels using Adobe InDesign, shaping multi-channel messaging and conversion strategies.",VML,[design],85.0,80.0,90.0,85.0,PASS,,,0,,,,
0,1431,False,REWRITE,- Developed a comprehensive 200+ page report for Carlson Hotels on improving conversions through strategic messaging.,VML,[generalist],70.0,75.0,85.0,60.0,PASS,The bullet describes a task (writing a report) rather than the outcome or impact of that report; it lacks a clear connection to whether the strategic messaging was actually implemented or if it drove any conversion improvements.,,0,,,,
0,1431,False,REWRITE,"- Developed a comprehensive digital strategy report for Carlson Hotels, providing insights for conversion and cross-channel messaging.",VML,[generalist],60.0,70.0,75.0,50.0,FAIL,"The bullet is too generic and reads as a task description rather than an outcome-oriented statement; it lacks specific metrics, tools, or a clear definition of the 'strategy' impact.",,0,,,,
0,1431,False,REVIEW,- Developed a pitch presentation for Carlson Hotels that received direct praise from VML's CEO,VML,[generalist],85.0,80.0,95.0,60.0,PASS,"The bullet is slightly thin on the specific role or methodology used to develop the presentation, making it feel more like a singular event than a repeatable system or skill.",,0,,,,
0,1431,False,REWRITE,- Developed a pitch presentation for Carlson Hotels that received direct praise from VML’s CEO,VML,[generalist],70.0,75.0,90.0,60.0,PASS,"The bullet is slightly vague regarding the candidate's specific contribution to the presentation (e.g., strategy, design, or research) and lacks mention of the tools or methodologies used to build the pitch.",,0,,,,
0,1431,False,REWRITE,"- Developed skills in print advertising, including headline writing, art direction, and campaign ideation",VML,[writing],40.0,50.0,60.0,30.0,FAIL,"The bullet describes personal skill development rather than professional outcomes or systems, uses generic language, and lacks any measurable impact or specific project context.",,0,,,,
0,1431,False,KEEP,- Drafted a six-email SAP nurture aligned to technical buyer journeys that shipped as-written,VML,[email],85.0,90.0,95.0,80.0,PASS,,,0,,,,
0,1431,False,REWRITE,"- Drafted copy for omnichannel campaigns across print, digital, social, and experiential media for major global brands",VML,[writing][brand],60.0,65.0,70.0,60.0,FAIL,"The bullet is too generic and lacks specific metrics, tools, or outcomes; it reads as a task description rather than a systems or outcome statement.",,0,,,,
0,1431,False,REWRITE,"- Drafted copy for print, digital, social, and experiential media, adapting quickly to diverse brand guidelines.",VML,[writing][brand],60.0,70.0,75.0,50.0,FAIL,"The bullet uses generic language that could apply to any marketing role and lacks specific metrics, tools, or outcomes to verify the claim.",,0,,,,
0,1431,False,REWRITE,"- Drafted copy for print, digital, social, and experiential media, adapting rapidly to diverse brand guidelines.",VML,[writing][brand],60.0,70.0,75.0,50.0,FAIL,"The bullet is too generic, lacks specific metrics or outcomes, and reads as a task description rather than a systems or impact statement.",,0,,,,
0,1431,False,REWRITE,"- Drafted copy for print, digital, social, and experiential media, adapting to diverse brand guidelines and objectives.",VML,[writing][brand],60.0,70.0,75.0,50.0,FAIL,"The bullet is too generic and reads as a task description rather than an outcome-oriented statement; it lacks specific metrics, tools, or a defined system of work.",,0,,,,
0,1431,False,REWRITE,"- Drafted omnichannel copy for digital, print, and event campaigns, contributing to projects that helped refine brand voice and consistency across digital and print deliverables.",VML,[brand][writing],50.0,60.0,65.0,50.0,FAIL,"The bullet uses the banned phrase 'helped with' (via 'contributing to projects that helped refine'), contains vague outcomes ('refine brand voice'), and reads as a task description rather than a high-impact outcome statement.",,0,,,,
0,1431,False,REWRITE,"- Drafted omnichannel copy for digital, print, and event campaigns, contributing to projects that refined brand voice and consistency across deliverables.",VML,[brand][writing],60.0,65.0,70.0,50.0,FAIL,"The bullet uses the banned phrase 'contributing to' and relies on vague, task-oriented language ('projects that refined brand voice') rather than demonstrating a specific outcome or system ownership.",,0,,,,
0,1431,False,REWRITE,"- Handpicked to write a 6-email nurture campaign for SAP, demonstrating versatility in complex technical and brand messaging.",VML,[brand],75.0,80.0,85.0,70.0,PASS,"The bullet lacks a specific outcome or metric to validate the effectiveness of the nurture campaign, making it feel slightly more like a task description than an achievement.",,0,,,,
0,1431,False,REWRITE,"- Handpicked to write a six-email nurture campaign for SAP, demonstrating versatility in complex technical and brand messaging.",VML,[brand],75.0,80.0,85.0,70.0,PASS,"The bullet relies on the subjective claim of 'demonstrating versatility' rather than a concrete outcome or metric, making it feel slightly more like a task description than a high-impact achievement.",,0,,,,
0,1431,False,REWRITE,"- Handpicked to write a six-email nurture campaign for SAP, demonstrating versatility in technical and brand messaging.",VML,[brand],65.0,70.0,80.0,60.0,FAIL,"The bullet uses the passive/vague opener 'Handpicked to', which is a common resume filler that lacks a strong action verb and implies a subjective selection rather than a concrete achievement. It also fails to provide a measurable outcome or specific system/tool context beyond the client name.",,0,,,,
0,1431,False,REWRITE,"- Participated in cross-functional brainstorms, gaining early exposure to high-level brand strategy and creative operations.",VML,[brand],40.0,50.0,60.0,30.0,FAIL,"The bullet uses a banned opener ('Participated in'), lacks any measurable outcome or specific system, and relies on vague corporate-speak ('high-level brand strategy') that provides no evidence of actual contribution.",,0,,,,
0,1431,False,REWRITE,"- Presented creative concepts to senior leadership, earning recognition for strategic thinking and execution quality.",VML,[brand],40.0,50.0,60.0,30.0,FAIL,"The bullet is generic, lacks specific metrics or tools, and relies on subjective self-praise ('earning recognition for strategic thinking') rather than verifiable outcomes.",,0,,,,
0,1431,False,KEEP,"- Produced 200+ page digital strategy report for Carlson Hotels, shaping website optimization and cross-channel messaging operations.",VML,[generalist],85.0,80.0,90.0,75.0,PASS,,,0,,,,
0,1431,False,REWRITE,"- Researched and compiled 200+ page digital strategy report for Carlson Hotels, influencing cross-channel optimization",VML,[generalist],75.0,70.0,85.0,60.0,PASS,"The bullet is slightly vague regarding the specific 'cross-channel optimization' outcomes; while the report size is impressive, the impact on the business remains abstract.",,0,,,,
0,1431,False,REWRITE,"- Selected for a competitive internship at a large, digitally-focused agency supporting major clients.",VML,[brand],40.0,50.0,60.0,20.0,FAIL,"The bullet is generic, lacks specific outcomes or systems, and fails to describe actual work performed, focusing instead on the prestige of the selection process.",,0,,,,
0,1431,False,KEEP,"- Wrote a 6-email nurture campaign for SAP, translating complex technical details into clear, persuasive lifecycle messaging.",VML,[email],85.0,90.0,95.0,80.0,PASS,,,0,,,,
0,1431,False,REWRITE,"- Wrote a six-email nurture campaign for SAP, demonstrating versatility in complex technical messaging and lifecycle communication.",VML,[email],75.0,80.0,85.0,70.0,PASS,"The bullet is slightly generic; while it mentions a specific client (SAP), it lacks a measurable outcome or specific tool mention (e.g., Marketo, HubSpot) to elevate it from a task description to a high-impact achievement.",,0,,,,
0,1431,False,REWRITE,"- Wrote copy for national brands across print, digital, and experiential channels.",VML,[writing][brand],50.0,60.0,70.0,40.0,FAIL,"The bullet is too generic, lacks specific metrics or outcomes, and fails to demonstrate a system or infrastructure, making it indistinguishable from any other marketing resume.",,0,,,,
0,1431,False,REWRITE,"- Wrote omnichannel copy for digital, print, and experiential campaigns with an emphasis on brand voice consistency.",VML,[brand][writing],70.0,80.0,85.0,60.0,FAIL,"The bullet is too generic and reads as a task description rather than an outcome-oriented statement; it lacks specific metrics, tools, or a defined system of impact.",,0,,,,
0,1431,False,REWRITE,- Collaborated to pitch ideas and present to clients — two major concepts selected for rollout.,Callahan Creek,[generalist],50.0,60.0,60.0,40.0,FAIL,"The bullet uses a dash in prose, which is prohibited, and relies on the vague, passive-sounding 'Collaborated to pitch' opener. It lacks specific tools, methodologies, or context regarding the client or the nature of the concepts.",,0,,,,
0,1431,False,REWRITE,- Collaborated with agency leaders and account teams to ensure content met client expectations under tight deadlines.,Callahan Creek,[content][mgmt],40.0,50.0,60.0,30.0,FAIL,"The bullet uses the banned phrase 'Collaborated with', lacks specific metrics or tools, and describes a generic task rather than a specific system or outcome.",,0,,,,
0,1431,False,REWRITE,"- Collaborated with agency leaders, designers, and account managers to execute campaigns under tight deadlines.",Callahan Creek,[brand][mgmt],40.0,50.0,60.0,30.0,FAIL,"The bullet uses the banned phrase 'Collaborated with' and is entirely generic, describing a standard task rather than a specific outcome or system-level contribution.",,0,,,,
0,1431,False,REWRITE,"- Collaborated with agency leaders, designers, and account teams on multi-channel campaigns under tight deadlines.",Callahan Creek,[brand][mgmt],40.0,50.0,60.0,30.0,FAIL,"The bullet uses the banned phrase 'Collaborated with' and is overly generic, failing to specify the actual outcome, the scale of the campaigns, or the specific tools used.",,0,,,,
0,1431,False,REWRITE,"- Collaborated with art and creative directors to pitch ideas, with two concepts selected for full campaigns.",Callahan Creek,[brand],60.0,70.0,80.0,50.0,FAIL,"The bullet uses the banned phrase 'Collaborated with' and describes a task-based interaction rather than a specific system, infrastructure, or measurable outcome.",,0,,,,
0,1431,False,REWRITE,"- Composed omnichannel copy for digital, print, and experiential campaigns under tight deadlines in fast-paced environment.",Callahan Creek,[writing],50.0,60.0,70.0,50.0,FAIL,"The bullet uses generic filler phrases like 'fast-paced environment' and 'tight deadlines' which are considered padding; it lacks specific metrics, tools, or named campaigns to verify the claim.",,0,,,,
0,1431,False,REWRITE,"- Concepted and executed print, radio, web, and outdoor campaigns for finance, pet nutrition, and public health.",Callahan Creek,[email],60.0,65.0,70.0,50.0,FAIL,"The bullet is too generic, lacks specific metrics or outcomes, and reads as a task list rather than a demonstration of impact or system-building.",,0,,,,
0,1431,False,REWRITE,"- Contributed creative copy and content frameworks to multi-channel campaigns, with two selected for client rollout.",Callahan Creek,[writing][brand],60.0,65.0,70.0,50.0,FAIL,"The bullet uses the banned phrase 'Contributed' and is too generic, failing to specify the tools, metrics, or the nature of the content frameworks used.",,0,,,,
0,1431,False,REWRITE,"- Contributed creative copy and messaging structure to multi-channel campaigns, with two selected for client rollout.",Callahan Creek,[writing][brand],60.0,70.0,75.0,50.0,FAIL,"The bullet uses the banned phrase 'Contributed' and describes a task-based contribution rather than a clear system or outcome; it lacks specific metrics, tools, or scale.",,0,,,,
0,1431,False,REWRITE,"- Contributed creative copy and structured messaging for multi-channel campaigns, with two campaigns selected for client rollout.",Callahan Creek,[writing][brand],60.0,70.0,75.0,50.0,FAIL,The bullet uses the banned phrase 'Contributed' and describes a task-based output rather than a system or outcome-driven achievement.,,0,,,,
0,1431,False,REWRITE,"- Contributed to brand storytelling rooted in audience insight, helping their transition toward data-informed creative strategy.",Callahan Creek,[brand][ops],40.0,50.0,50.0,30.0,FAIL,"The bullet uses the banned phrase 'helping their transition' and relies on vague, buzzword-heavy language like 'brand storytelling' and 'data-informed creative strategy' without providing a single concrete metric, tool, or specific project outcome.",,0,,,,
0,1431,False,REWRITE,"- Contributed to integrated B2B and B2C campaigns for Fortune 500 and major regional brands in banking, pet nutrition, and telecommunications across digital, print, and broadcast channels",Callahan Creek,[brand],50.0,60.0,70.0,50.0,FAIL,"The bullet uses the banned phrase 'Contributed to', which implies a passive role rather than ownership or specific impact. It is also overly generic and lacks any measurable outcome, specific tool usage, or evidence of the candidate's actual contribution to these campaigns.",,0,,,,
0,1431,False,REWRITE,"- Contributed winning concepts to pitches, with two campaigns selected for client rollout.",Callahan Creek,[email],60.0,70.0,75.0,50.0,FAIL,"The bullet uses the banned phrase 'Contributed' and is too generic; it lacks specific tools, metrics, or the scale of the campaigns, making it difficult to verify.",,0,,,,
0,1431,False,REWRITE,"- Crafted content for print, PPC, radio, and digital across B2B/B2C accounts.",Callahan Creek,[content],50.0,60.0,70.0,50.0,FAIL,"The bullet is too generic, lacks specific outcomes or metrics, and reads as a task description rather than a systems or impact statement.",,0,,,,
0,1431,False,REWRITE,"- Delivered adaptable copy across B2B and B2C campaigns for Fortune 500 and major regional brands in banking, pet nutrition, and telecom across digital, print, and broadcast channels",Callahan Creek,[email][writing],65.0,60.0,70.0,50.0,FAIL,"The bullet is too generic and lacks specific outcomes or metrics, reading more like a list of industries and channels than a demonstration of impact; it also fails the manager test due to the lack of a specific system or measurable result.",,0,,,,
0,1431,False,REWRITE,"- Developed B2B/B2C campaign copy for national retailers and Fortune 500 companies (financial services, telecom, and pet nutrition)",Callahan Creek,[writing],70.0,75.0,80.0,65.0,FAIL,"The bullet contains a dash in prose (B2B/B2C), which violates the strict formatting rules, and it reads as a task description rather than a systems or outcome-oriented statement.",,0,,,,
0,1431,False,REWRITE,"- Developed campaign messaging for major brands in banking, pet nutrition, and telecommunications",Callahan Creek,[brand],40.0,50.0,60.0,40.0,FAIL,"The bullet is generic, lacks specific metrics or outcomes, and fails to describe the system or infrastructure used to develop the messaging, making it indistinguishable from any other marketing resume.",,0,,,,
0,1431,False,REWRITE,"- Earned praise from creative directors for adaptability, teamwork, and ability to deliver high-quality client-ready creative.",Callahan Creek,[email][mgmt],30.0,40.0,60.0,20.0,FAIL,"The bullet relies on subjective praise rather than objective outcomes, uses filler words like 'teamwork' and 'high-quality', and fails to mention any specific tools, systems, or measurable results.",,0,,,,
0,1431,False,REWRITE,- Invited back as freelance contributor based on content quality and collaborative approach.,Callahan Creek,[content],40.0,50.0,60.0,20.0,FAIL,"The bullet is vague, lacks any measurable outcome or specific tools, and relies on subjective descriptors like 'content quality' and 'collaborative approach' which are unverifiable and generic.",,0,,,,
0,1431,False,REWRITE,- Pitched creative concepts for multiple clients; two major campaigns selected for rollout.,Callahan Creek,[brand],60.0,70.0,75.0,50.0,FAIL,"The bullet uses vague language ('multiple clients', 'major campaigns') and lacks specific metrics, tools, or context, making it feel generic and difficult to verify.",,0,,,,
0,1431,False,REWRITE,"- Pitched creative concepts for two major campaigns, both of which were selected for further development.",Callahan Creek,[brand],60.0,70.0,80.0,50.0,FAIL,"The bullet is too generic and lacks specific metrics, tools, or outcomes beyond the vague claim that concepts were selected for development; it reads as a task description rather than a high-impact achievement.",,0,,,,
0,1431,False,REWRITE,"- Pitched creative concepts with two campaigns selected for full production, demonstrating ability to collaborate and align creative strategy with business objectives and client vision",Callahan Creek,[brand],65.0,70.0,75.0,60.0,FAIL,"The bullet uses generic corporate-speak ('demonstrating ability to collaborate', 'align creative strategy with business objectives') and lacks specific metrics, tools, or named clients to ground the claim.",,0,,,,
0,1431,False,REWRITE,- Pitched two creative concepts that were selected for client campaigns and moved into production.,Callahan Creek,[brand],70.0,85.0,90.0,60.0,PASS,"The bullet is slightly generic and lacks specific context regarding the client, the nature of the creative concepts, or the scale of the campaigns.",,0,,,,
0,1431,False,REWRITE,- Pitched two winning creative concepts selected for full production and rollout.,Callahan Creek,[brand],60.0,75.0,80.0,50.0,FAIL,"The bullet is too generic and lacks specific context regarding the scale of the production, the industry, or the tools used; it also fails to name the concepts or the impact of the rollout.",,0,,,,
0,1431,False,REWRITE,- Submitted winning concepts for two major campaigns; both were chosen for full client development and rollout,Callahan Creek,[email],65.0,70.0,85.0,50.0,FAIL,"The bullet fails because it is too generic and lacks specific details such as the client name, campaign type, or the tools/methodologies used to develop the concepts. It reads as a task description rather than a systems or outcome statement.",,0,,,,
0,1431,False,REWRITE,"- Wrote campaign copy for print, radio, web, and outdoor placements — always on brief, on brand, and on time.",Callahan Creek,[writing][brand],50.0,60.0,70.0,40.0,FAIL,"The bullet contains a dash in prose, which is prohibited by the rules. It also relies on generic, subjective claims ('always on brief, on brand, and on time') rather than providing specific outcomes, metrics, or the scale of the campaigns.",,0,,,,
0,1431,False,REWRITE,"- Wrote for print, radio, web, and outdoor, contributing to full-funnel creative in B2B and B2C settings.",Callahan Creek,[brand],60.0,70.0,75.0,50.0,FAIL,"The bullet is too generic and reads as a list of tasks rather than a systems or outcome-based statement; it lacks specific metrics, tools, or a clear impact on business results.",,0,,,,
0,1431,False,REWRITE,"- Wrote for print, radio, web, and outdoor, supporting full-funnel creative strategies for both B2B and B2C brands.",Callahan Creek,[brand],60.0,70.0,80.0,65.0,FAIL,"The bullet uses the banned phrase 'supporting' and is too generic, describing a broad set of tasks rather than a specific outcome or system-level contribution.",,0,,,,
0,1431,False,REWRITE,"- Wrote for print, radio, web, pay-per-click (PPC) advertising, and outdoor, contributing to full-funnel creative for B2B/B2C.",Callahan Creek,[brand],60.0,70.0,75.0,65.0,FAIL,The bullet uses the banned phrase 'contributing to' and reads as a task list rather than an outcome-oriented system statement; it lacks specific metrics or evidence of impact.,,0,,,,
0,1431,False,REWRITE,"- Attended a concept-intensive, strategy-first portfolio program focusing on brand positioning and strategic messaging",Bernstein Rein,[brand],40.0,50.0,50.0,30.0,FAIL,"The bullet uses vague, buzzword-heavy language (concept-intensive, strategy-first) and describes a passive activity (attended) rather than a professional outcome or system-level contribution.",,0,,,,
0,1431,False,REWRITE,"- Attended a concept-intensive, strategy-first portfolio program focusing on campaign ideation, copywriting, and art direction.",Bernstein Rein,[writing],60.0,65.0,70.0,40.0,FAIL,"The bullet uses banned filler words (strategy-first, concept-intensive), describes a learning experience rather than a professional outcome or system, and relies on vague adjectives that do not demonstrate actual work performance.",,0,,,,
0,1431,False,REWRITE,"- Built a creative portfolio under the mentorship of Executive Creative Director Arlo Oviatt, earning high praise.",Bernstein Rein,[brand],40.0,50.0,60.0,20.0,FAIL,"The bullet fails because it describes a personal development task rather than a professional outcome, relies on subjective praise ('earning high praise') which is unverifiable, and lacks any mention of systems, tools, or business impact.",,0,,,,
0,1431,False,REWRITE,"- Built a personal portfolio that laid the foundation for a career in brand storytelling, visual clarity, and strategy-first creative work.",Bernstein Rein,[brand],40.0,50.0,60.0,30.0,FAIL,"The bullet relies on subjective, fluffy descriptors like 'brand storytelling' and 'strategy-first creative work' rather than concrete outcomes or systems; it fails the manager test by being generic and lacking verifiable metrics or specific tools.",,0,,,,
0,1431,False,REWRITE,"- Completed a concept-intensive, strategy-first portfolio program focusing on campaign ideation, copywriting, and art direction.",Bernstein Rein,[writing],60.0,65.0,70.0,50.0,FAIL,"The bullet uses excessive adjective padding ('concept-intensive', 'strategy-first') and describes a training program rather than a professional outcome or system-level contribution.",,0,,,,
0,1431,False,REWRITE,- Crafted a portfolio with direct feedback and coaching from Executive Creative Director Arlo Oviatt,Bernstein Rein,[enablement][mgmt],70.0,75.0,80.0,40.0,FAIL,"The bullet describes a personal development activity rather than a professional outcome or system-level contribution, and it lacks a measurable impact or specific business context.",,0,,,,
0,1431,False,REWRITE,"- Developed foundational skills in print advertising, from headline writing and art direction to campaign ideation.",Bernstein Rein,[writing],40.0,50.0,60.0,30.0,FAIL,"The bullet uses vague, task-oriented language ('Developed foundational skills') rather than describing a specific system or outcome, and it lacks any measurable metrics or specific project context.",,0,,,,
0,1431,False,REWRITE,- Encouraged by ECD to pursue a professional career in creative advertising based on performance and growth.,Bernstein Rein,[brand],40.0,50.0,60.0,20.0,FAIL,"The bullet is entirely subjective, lacks any measurable outcome or system, and describes a personal anecdote rather than a professional achievement or contribution.",,0,,,,
0,1431,False,REWRITE,"- Laid the foundation for a career in brand storytelling, visual clarity, and strategy-first creative work.",Bernstein Rein,[brand],30.0,40.0,50.0,20.0,FAIL,"The bullet is entirely abstract, lacks any measurable outcome or specific system, and uses vague, fluff-heavy language that fails to describe actual professional work.",,0,,,,
0,1431,False,REWRITE,"- Mentored by Executive Creative Director Arlo Oviatt, earned encouragement to pursue a career in creative advertising.",Bernstein Rein,[brand],40.0,50.0,80.0,20.0,FAIL,"The bullet describes a personal anecdote rather than a professional achievement, system, or outcome; it fails to demonstrate any work-related value or skill application.",,0,,,,
0,1431,False,REWRITE,"- Mentored by Executive Creative Director Arlo Oviatt, earning encouragement to pursue a career in creative advertising.",Bernstein Rein,[brand],80.0,85.0,90.0,20.0,FAIL,"The bullet describes a personal mentorship experience rather than a professional system, outcome, or technical contribution, making it irrelevant for a hiring manager evaluating job performance.",,0,,,,
0,1431,False,REWRITE,"- Mentored by Executive Creative Director Arlo Oviatt, earning praise and encouragement to pursue a career in advertising.",Bernstein Rein,[brand],40.0,50.0,80.0,10.0,FAIL,The bullet describes a personal experience rather than a professional contribution or outcome; it fails the manager test by focusing on mentorship received rather than work performed.,,0,,,,
0,1431,False,REWRITE,"- Mentored by Executive Creative Director Arlo Oviatt, earning praise and encouragement to pursue a career in the field.",Bernstein Rein,[brand],40.0,50.0,80.0,10.0,FAIL,"The bullet describes a personal relationship/mentorship rather than a professional system, outcome, or contribution; it lacks any measurable impact or business value.",,0,,,,
0,1431,False,REWRITE,"- Mentored by Executive Creative Director Arlo Oviatt, earning recognition and encouragement to pursue creative advertising.",Bernstein Rein,[brand],40.0,50.0,80.0,20.0,FAIL,The bullet describes a personal experience rather than a professional outcome or system contribution; it lacks measurable impact and focuses on soft-skill recognition rather than tangible work output.,,0,,,,
0,1431,False,REWRITE,"- Mentored by Executive Creative Director Arlo Oviatt, who encouraged pursuit of a career in creative advertising.",Bernstein Rein,[brand],40.0,50.0,80.0,20.0,FAIL,"The bullet describes a personal mentorship experience rather than a professional achievement, system, or outcome; it fails to demonstrate the candidate's own work or impact.",,0,,,,
0,1431,False,REWRITE,"- Mentored by Executive Creative Director, earning encouragement to pursue a career in creative advertising.",Bernstein Rein,[brand],40.0,50.0,80.0,20.0,FAIL,"The bullet describes a personal experience rather than a professional contribution or outcome; it lacks any measurable impact, system ownership, or relevant technical skills.",,0,,,,
0,1431,False,REWRITE,"- Practiced campaign ideation, copywriting, art direction, and layout, developing core creative skills.",Bernstein Rein,[writing][brand],40.0,50.0,60.0,30.0,FAIL,"The bullet is generic, lacks any measurable outcome or specific system, and reads as a list of tasks rather than a professional achievement. It also uses 'developing core creative skills' which is filler language that adds no value.",,0,,,,
0,1431,False,REWRITE,"- Practiced campaign ideation, headline writing, art direction, and layout, developing core creative skills.",Bernstein Rein,[writing][brand],40.0,50.0,60.0,30.0,FAIL,"The bullet is a task description rather than an outcome statement, uses generic language, lacks any metrics or specific tools, and fails to demonstrate a system or infrastructure.",,0,,,,
0,1431,False,REWRITE,"- Received direct mentorship from Executive Creative Director Arlo Oviatt, who praised my concept development instincts.",Bernstein Rein,[brand],40.0,50.0,80.0,20.0,FAIL,The bullet describes a soft-skill interaction rather than a professional outcome or system; it relies on subjective praise rather than verifiable work product or metrics.,,0,,,,
0,1431,False,REWRITE,- Received high praise for my grasp of creative advertising and encouragement to pursue a career in the field,Bernstein Rein,[brand],20.0,30.0,50.0,10.0,FAIL,"The bullet is entirely subjective, lacks any verifiable metrics or systems, uses vague language, and describes a personal sentiment rather than a professional achievement or outcome.",,0,,,,
0,1431,False,REWRITE,"- Received intensive mentorship on branding, messaging, and portfolio storytelling from Executive Creative Director Arlo Oviatt, who encouraged pursuit of a career in creative advertising.",Bernstein Rein,[brand],40.0,50.0,80.0,20.0,FAIL,"The bullet describes a personal experience/mentorship rather than a professional contribution or outcome, making it irrelevant for a resume; it also lacks any measurable impact or system-level work.",,0,,,,
0,1431,False,REWRITE,"- Received mentorship from Executive Creative Director Arlo Oviatt, who praised my concept development instincts.",Bernstein Rein,[brand],40.0,50.0,80.0,20.0,FAIL,The bullet describes a passive experience (receiving mentorship) rather than a professional output or system; it relies on an unverifiable subjective claim (praise from a mentor) rather than a measurable achievement.,,0,,,,
0,1431,False,REWRITE,- Selected for a concept-intensive creative program led by Bernstein-Rein’s executive leadership.,Bernstein Rein,[brand],70.0,75.0,80.0,60.0,FAIL,The bullet fails because it describes a selection or participation event rather than a professional outcome or system-level contribution; it reads as a passive achievement rather than an active demonstration of skill.,,0,,,,
0,1431,False,REVIEW,- Selected for a concept-intensive educational program led by Bernstein-Rein’s executive creative team.,Bernstein Rein,[mgmt][brand],85.0,90.0,95.0,60.0,PASS,"The bullet describes a selection or achievement rather than a specific system, infrastructure, or professional outcome, making it less impactful for a results-focused hiring manager.",,0,,,,
0,1431,False,REVIEW,- Selected for a concept-intensive portfolio program led by Bernstein-Rein's executive creative team.,Bernstein Rein,[mgmt][brand],85.0,90.0,80.0,60.0,PASS,"The bullet is slightly passive in its construction and lacks a clear outcome or deliverable beyond the selection itself, making it feel more like an accolade than a professional contribution.",,0,,,,
0,1431,False,KEEP,- Selected for a concept-intensive portfolio program led by executive creative leadership at Bernstein-Rein.,Bernstein Rein,[brand],85.0,90.0,95.0,60.0,PASS,,,0,,,,
0,1431,False,REWRITE,"- Selected for a concept-intensive portfolio program, laying foundations for a career in brand storytelling and strategy-first creative.",Bernstein Rein,[brand],60.0,70.0,65.0,40.0,FAIL,"The bullet is overly abstract and lacks a concrete system, tool, or measurable outcome; it reads more like a personal mission statement than a professional achievement.",,0,,,,
0,1431,False,REWRITE,"- Selected for concept-intensive program focused on brand storytelling, creative strategy, and campaign development.",Bernstein Rein,[brand],40.0,50.0,60.0,30.0,FAIL,"The bullet is generic, lacks a measurable outcome or specific system, and reads as a passive description of a training program rather than a professional achievement.",,0,,,,
0,1431,False,REWRITE,"- Selected for concept-intensive program focused on brand storytelling, customer experience design, and campaign development.",Bernstein Rein,[brand][design],60.0,65.0,70.0,50.0,FAIL,"The bullet fails because it describes a passive experience (being selected for a program) rather than an active contribution or outcome, and it relies on generic buzzwords like 'brand storytelling' and 'customer experience design' without providing evidence of work produced or systems built.",,0,,,,
0,1431,False,REWRITE,- Selected for concept-intensive program led by executive creative team.,Bernstein Rein,[mgmt][brand],50.0,60.0,60.0,40.0,FAIL,"The bullet is vague, lacks a measurable outcome or specific system, and uses passive construction ('Selected for') which fails to demonstrate the candidate's active contribution or impact.",,0,,,,
0,1431,False,REWRITE,- Selected for intensive copywriting and campaign development program led by executive creative leadership.,Bernstein Rein,[writing][brand],60.0,65.0,70.0,40.0,FAIL,"The bullet fails because it describes a passive selection process rather than an active contribution or outcome; it lacks specific metrics, tools, or tangible results, making it sound like a generic resume filler.",,0,,,,
0,1431,False,REWRITE,"- Shaped a lasting approach to brand storytelling, visual clarity, and campaign thinking — principles that still guide strategy.",Bernstein Rein,[brand],40.0,50.0,50.0,30.0,FAIL,"The bullet uses generic, abstract language ('shaped a lasting approach', 'campaign thinking') that lacks verifiable metrics, specific tools, or concrete outcomes, making it impossible to assess the candidate's actual contribution.",,0,,,,
0,1431,False,REWRITE,- Certified in personalized video strategy to enhance CRM/email engagement and drive conversions.,Vidyard,[ops],50.0,60.0,70.0,50.0,FAIL,"The bullet is generic, lacks a specific outcome or metric, and reads as a passive certification mention rather than a demonstration of professional impact or system ownership.",,0,,,,
0,1431,False,REWRITE,- Certified in personalized video strategy to improve engagement and conversion rates in email campaigns.,Vidyard,[email],50.0,60.0,70.0,40.0,FAIL,"The bullet fails because it describes a certification rather than a professional outcome or system, uses vague language regarding engagement and conversion rates, and lacks specific metrics or tool context.",,0,,,,
0,1431,False,REWRITE,"- Certified in personalized video strategy to improve engagement, humanize outreach, and boost conversion.",Vidyard,[email],40.0,50.0,60.0,40.0,FAIL,"The bullet is generic, lacks a specific outcome or metric, and reads as a passive statement of certification rather than an active contribution to a system or business result.",,0,,,,
0,1431,False,REWRITE,"- Certified in personalized video strategy, including training teams best practices and engagement tracking.",Vidyard,[mgmt],60.0,65.0,70.0,50.0,FAIL,"The bullet uses the banned phrase 'training teams' (which implies 'helped with' or 'responsible for' task-based work), lacks a specific outcome or metric, and is too generic to demonstrate actual impact.",,0,,,,
0,1431,False,REWRITE,- Certified in video and personalized messaging strategy to enhance marketing campaign effectiveness.,Vidyard,[email],40.0,50.0,60.0,40.0,FAIL,"The bullet is generic, lacks a specific outcome or metric, and uses vague language ('enhance marketing campaign effectiveness') that could apply to any role; it also fails to name the specific certification or platform used.",,0,,,,
0,1431,False,REWRITE,"- Completed training in personalized video strategy to improve engagement, humanize outreach, and boost conversion rates.",Vidyard,[email],50.0,60.0,70.0,40.0,FAIL,"The bullet describes a training completion rather than an outcome or system implementation, uses vague marketing buzzwords like 'humanize outreach' and 'boost conversion rates' without evidence, and fails to mention specific tools or metrics.",,0,,,,
0,1431,False,REWRITE,- Trained in personalized video content strategy to improve user engagement and optimize conversion.,Vidyard,[content],40.0,50.0,60.0,40.0,FAIL,"The bullet uses passive, vague language ('Trained in'), lacks a specific outcome or metric, and reads as a generic task description rather than a professional achievement.",,0,,,,
0,1431,False,REWRITE,- Trained in personalized video messaging to improve outbound engagement and response rates,Vidyard,[generalist],40.0,50.0,60.0,40.0,FAIL,"The bullet fails because it describes a training activity rather than an outcome or system, uses passive construction, and lacks specific metrics or tools to verify the claim.",,0,,,,
0,1431,False,REWRITE,- Trained in personalized video strategy to boost conversions and humanize digital outreach across CRM and sales decks.,Vidyard,[ops][design],60.0,65.0,70.0,50.0,FAIL,"The bullet uses passive, task-oriented language ('Trained in') rather than demonstrating an outcome or system ownership, and it lacks specific metrics or tool names to verify the claim.",,0,,,,
0,1431,False,REWRITE,"- Trained in personalized video strategy to improve engagement, customer connection, and asynchronous communication.",Vidyard,[generalist],40.0,50.0,60.0,30.0,FAIL,"The bullet is generic, lacks a measurable outcome, fails to mention specific tools or systems, and uses vague, buzzword-heavy language like 'customer connection' and 'personalized video strategy' without evidence.",,0,,,,
0,1431,False,REWRITE,"- Trained in personalized video strategy to improve engagement, humanize outreach, and boost conversion.",Vidyard,[email],40.0,50.0,60.0,30.0,FAIL,"The bullet is generic, lacks specific metrics or tools, and reads as a task description rather than an outcome-based achievement.",,0,,,,
0,1431,False,REWRITE,- 3.56 GPA / Awarded the Phi Theta Kappa Scholarship for academic excellence.,University of Kansas,[generalist],90.0,95.0,100.0,20.0,FAIL,"The bullet fails because it describes academic credentials rather than professional systems, outcomes, or infrastructure; it also ends with a period.",,0,,,,
0,1431,False,REWRITE,- 3.56 GPA | Phi Theta Kappa Scholarship recipient,University of Kansas,[generalist],100.0,100.0,100.0,20.0,FAIL,"This is a list of credentials rather than a professional bullet point; it lacks an action verb, a system, or an outcome relevant to a professional role.",,0,,,,
0,1431,False,REWRITE,- 3.56 GPA; Phi Theta Kappa Scholarship recipient,University of Kansas,[generalist],100.0,100.0,100.0,20.0,FAIL,The bullet fails the manager test because it is a static credential rather than a systems or outcome-based professional achievement; it lacks an action verb and does not describe a professional contribution.,,0,,,,
0,1431,False,REWRITE,- Expanded content reach by 800% as marketing intern for Lied Center of Performing Arts.,University of Kansas,[content],40.0,50.0,70.0,40.0,FAIL,"The bullet uses an unverifiable and likely inflated percentage (800%) without defining the baseline or the specific content channel, making it read as a generic marketing claim rather than a professional achievement.",,0,,,,
0,1431,False,REWRITE,- Expanded social media reach by 800% as a marketing intern for the Lied Center of Performing Arts at KU.,University of Kansas,[generalist],60.0,65.0,85.0,60.0,FAIL,"The metric (800% reach) is a classic example of a vanity metric that lacks context, making it difficult to verify or interpret as a meaningful business outcome; additionally, the bullet ends with a period.",,0,,,,
0,1431,False,REWRITE,- GPA: 3.56 / Awarded the Phi Theta Kappa Scholarship for academic excellence.,University of Kansas,[generalist],100.0,100.0,100.0,20.0,FAIL,"This bullet describes academic credentials rather than professional systems, outcomes, or work-related achievements, making it irrelevant for a professional experience section.",,0,,,,
0,1431,False,REWRITE,"- Increased awareness for the Lied Center of Performing Arts as a Marketing Intern by distributing flyers, conducting consumer intercept surveys, and managing social media with an 800% increase in followers",University of Kansas,[design],40.0,30.0,70.0,50.0,FAIL,"The claim of an 800% increase in followers is highly suspect for an intern-level role without context, and the bullet relies on generic task descriptions like distributing flyers and managing social media.",,0,,,,
0,1431,False,REWRITE,"- Increased awareness for the Lied Center of Performing Arts as a Marketing Intern by distributing flyers, conducting consumer intercept surveys, and managing social media, with an 800% increase in followers",University of Kansas,[design],40.0,30.0,70.0,50.0,FAIL,"The bullet uses a vague, likely inflated metric (800% increase) without context, relies on task-based descriptions (distributing flyers), and lacks a professional systems-level outcome.",,0,,,,
0,1431,False,REWRITE,- Increased awareness for the Lied Center through a high-impact marketing internship that boosted social media reach by 800%,University of Kansas,[generalist],40.0,40.0,60.0,30.0,FAIL,"The bullet uses vague, superlative language ('high-impact'), lacks specific tools or systems, and relies on a percentage metric (800%) that is unverifiable and lacks necessary context (e.g., baseline numbers or timeframe).",,0,,,,
0,1431,False,REWRITE,- Marketing Intern for Lied Center of Performing Arts; increased social engagement by 800% through targeted content,University of Kansas,[content],40.0,30.0,70.0,40.0,FAIL,"The bullet uses a vague, unverifiable percentage (800%) without context, lacks specific tools or systems, and relies on a generic 'targeted content' claim that fails the manager test for specificity.",,0,,,,
0,1431,False,REWRITE,- Marketing Intern for Lied Center; grew social media engagement by 800% through strategic content and audience development,University of Kansas,[content],40.0,30.0,60.0,40.0,FAIL,"The bullet uses a vague, unverifiable percentage (800%) without context, relies on generic marketing buzzwords like 'strategic content' and 'audience development', and fails to name specific tools or platforms.",,0,,,,
0,1431,False,REWRITE,- Marketing intern for the Lied Center of Performing Arts; increased social media followers by 800%.,University of Kansas,[generalist],60.0,50.0,80.0,40.0,FAIL,"The bullet uses a semicolon which acts as a separator for a task description rather than a systems-based outcome, and the 800% growth claim is highly suspicious without context (e.g., starting from a very small base), making it feel like inflated resume-speak.",,0,,,,
0,1431,False,REWRITE,- 3.75 GPA | Full academic scholarship; graduated with honors.,Kansas City Kansas Community College,[generalist],100.0,100.0,100.0,20.0,FAIL,"The bullet fails the manager test because it is a list of attributes rather than a systems or outcome-based statement, and it lacks a strong action verb to describe a professional contribution.",,0,,,,
0,1431,False,REVIEW,- 3.75 GPA; Full academic scholarship; graduated with honors,Kansas City Kansas Community College,[generalist],100.0,100.0,100.0,20.0,PASS,"While accurate and clear, this bullet provides no professional value or transferable skills for a marketing or operations role; it is purely academic.",,0,,,,
0,1431,False,REWRITE,"- Editor-in-Chief of student newspaper for 1.5 years, managing editorial strategy, team coordination, and production",Kansas City Kansas Community College,[mgmt],60.0,70.0,70.0,50.0,FAIL,"The bullet is too generic, lacks specific outcomes or metrics, and reads as a list of responsibilities rather than a high-impact achievement statement.",,0,,,,
0,1431,False,REWRITE,"- Editor-in-Chief of student newspaper, leading all aspects of publication.",Kansas City Kansas Community College,[generalist],40.0,60.0,50.0,30.0,FAIL,"The bullet is overly generic, lacks specific metrics or outcomes, and uses vague language ('leading all aspects') that fails to describe a concrete system or infrastructure.",,0,,,,
0,1431,False,REWRITE,"- Editor-in-Chief of the student newspaper for 1.5 years, managing editorial and production",Kansas City Kansas Community College,[generalist],70.0,85.0,80.0,40.0,FAIL,"The bullet fails because it uses a passive, task-oriented structure ('managing editorial and production') rather than an outcome-based system statement, and it lacks specific metrics or tools to demonstrate the scale of the operation.",,0,,,,
0,1431,False,REWRITE,- Full academic scholarship; graduated with honors,Kansas City Kansas Community College,[generalist],100.0,100.0,100.0,20.0,FAIL,"This bullet describes an academic achievement rather than a professional system, outcome, or tool-based contribution, making it irrelevant for a professional marketing resume bullet bank.",,0,,,,
0,1431,False,REWRITE,- GPA: 3.75 / Full academic scholarship; graduated with honors.,Kansas City Kansas Community College,[generalist],100.0,100.0,100.0,20.0,FAIL,"The bullet fails the manager test because it ends with a period and is not a professional achievement bullet; it is a biographical data point that should be listed in an education section, not a work experience bullet bank.",,0,,,,
0,1431,False,REVIEW,"- Led student newspaper (The Advocate) as editor-in-chief for 1.5 years, managing the complete editorial process: content planning, writing, editing, layout coordination, and publication management.",Kansas City Kansas Community College,[content][mgmt],85.0,90.0,95.0,60.0,PASS,"The bullet is slightly generic and reads more like a job description of an editor-in-chief role rather than highlighting a specific, high-impact outcome or system improvement.",,0,,,,
0,1431,False,REVIEW,"- Led student newspaper as Editor-in-Chief for 1.5 years, managing content creation, design, and distribution processes.",Kansas City Kansas Community College,[content][design],85.0,90.0,95.0,60.0,PASS,"The bullet is slightly generic and lacks specific metrics or outcomes (e.g., circulation numbers, growth percentages, or specific software tools used) that would elevate it from a standard leadership description to a high-impact achievement.",,0,,,,
0,1431,False,REWRITE,"- Led student newspaper as editor-in-chief for 1.5 years, managing all aspects of content production and distribution.",Kansas City Kansas Community College,[content],70.0,80.0,85.0,50.0,FAIL,"The bullet uses the banned phrase 'managing all aspects of', which is a generic filler phrase that fails to describe a specific system or outcome. It reads as a task description rather than a high-impact achievement.",,0,,,,
0,1431,False,REWRITE,"- Led student newspaper as editor-in-chief for 1.5 years, overseeing all aspects from writing and design to production and delivery.",Kansas City Kansas Community College,[writing][design],70.0,85.0,80.0,40.0,FAIL,The bullet uses the banned phrase 'overseeing all aspects' and describes a role rather than a specific system or outcome; it is also too generic for a professional resume.,,0,,,,
0,1431,False,REWRITE,"- Led student-run newspaper as Editor-in-Chief, managing all aspects of publication: writing content, handling layout, preparing files, coordinating with printers, and distributing newspapers across campus to ensure timely delivery",Kansas City Kansas Community College,[content][writing],85.0,90.0,95.0,60.0,FAIL,"The bullet ends with a period, which violates the strict formatting rules, and it lists tasks rather than focusing on a specific system or high-level outcome.",,0,,,,
0,1431,False,REWRITE,"- Led student-run newspaper as editor-in-chief for 1.5 years, managing all aspects of publication from writing to distribution.",Kansas City Kansas Community College,[writing],85.0,90.0,95.0,60.0,FAIL,"The bullet ends with a period, which violates the strict formatting rules provided.",,0,,,,
0,1431,False,REWRITE,"- Led student-run newspaper as editor-in-chief for 1.5 years, managing all aspects of publication.",Kansas City Kansas Community College,[generalist],70.0,80.0,85.0,40.0,FAIL,"The bullet ends with a period, which violates the strict formatting rules. Additionally, it is too generic and lacks specific metrics or systems (e.g., team size, publication frequency, or specific software used) to distinguish it from any other leadership role.",,0,,,,
0,1431,False,REWRITE,"- Led student-run newspaper as editor-in-chief for 1.5 years, managing all aspects of publication: writing content, designing layout, preparing files, coordinating with printers, and distributing newspapers across campus to ensure on-time delivery.",Kansas City Kansas Community College,[content][writing],85.0,90.0,95.0,60.0,FAIL,"The bullet contains a colon followed by a list of tasks, which reads as a job description rather than an outcome-focused statement, and it uses a dash in the prose which is prohibited by the formatting rules.",,0,,,,
0,1431,False,REWRITE,"- Led student-run newspaper as editor-in-chief for 1.5 years, managing all aspects of publication: writing content, designing layout, preparing files, coordinating with printers, and distributing newspapers across campus to ensure timely delivery.",Kansas City Kansas Community College,[content][writing],85.0,90.0,95.0,60.0,FAIL,"The bullet ends with a period, which violates the strict formatting rules provided.",,0,,,,
0,1431,False,REWRITE,"- 3.86 GPA / Studied color theory, typography, illustration, 3D concepts, and desktop publishing",Johnson County Community College,[generalist],90.0,95.0,90.0,40.0,FAIL,"The bullet fails because it is a list of academic coursework rather than a professional outcome or system-based achievement, and it uses a slash which functions as a separator that often violates resume formatting standards.",,0,,,,
0,1431,False,REWRITE,"- 3.86 GPA / Studied color theory, typography, illustration, and desktop publishing principles applied to campaign design.",Johnson County Community College,[design],85.0,90.0,80.0,60.0,FAIL,"The bullet fails because it includes a slash (/) which acts as a separator/dash in prose, and it ends with a period. Additionally, it describes academic coursework rather than a professional system or outcome.",,0,,,,
0,1431,False,REWRITE,- 3.86 GPA / Studied visual design principles applied to sales collateral and presentation creation.,Johnson County Community College,[design],85.0,90.0,80.0,40.0,FAIL,"The bullet fails because it includes a slash (dash-like character) in the prose and ends with a period, both of which violate the strict formatting rules.",,0,,,,
0,1431,False,REWRITE,"- 3.86 GPA | Studied color theory, typography, illustration, 3D concepts, desktop publishing, and film photography.",Johnson County Community College,[generalist],90.0,95.0,90.0,40.0,FAIL,"The bullet fails the manager test because it is a list of academic coursework rather than a professional outcome or system-based achievement, and it ends with a period.",,0,,,,
0,1431,False,REWRITE,- 3.86 GPA | Studied visual communication principles shaping marketing collateral and presentation design,Johnson County Community College,[design],80.0,90.0,85.0,40.0,FAIL,"The bullet ends with a period, which violates the strict formatting rules, and it describes academic study rather than professional systems or outcomes.",,0,,,,
0,1431,False,REWRITE,- 3.86 GPA; Studied visual communication principles shaping marketing collateral and presentation design,Johnson County Community College,[design],85.0,90.0,80.0,40.0,FAIL,"The bullet ends with a period, which violates the strict formatting rules, and it describes academic study rather than a professional system or outcome.",,0,,,,
0,1431,False,REWRITE,"- Coursework included color theory, typography, illustration, 3D concepts, desktop publishing, and film photography",Johnson County Community College,[generalist],90.0,95.0,90.0,40.0,FAIL,"The bullet describes a list of academic topics rather than a professional outcome or system, and it ends with a period.",,0,,,,
0,1431,False,REWRITE,"- Studied color theory, typography, illustration, 3D concepts, desktop publishing, and film photography",Johnson County Community College,[generalist],90.0,95.0,90.0,40.0,FAIL,"The bullet reads as a list of academic subjects rather than a professional achievement or system-based outcome, failing to demonstrate how these skills were applied to drive business value.",,0,,,,
0,1431,False,REWRITE,"- Supported one of the busiest stores in the region, managing long weekend lines while maintaining service speed.",Blockbuster,[generalist],40.0,50.0,60.0,30.0,FAIL,"The bullet uses the banned phrase 'Supported', lacks specific metrics or tools, and relies on subjective, unverifiable claims like 'busiest store' and 'maintaining service speed' without data.",,0,,,,
0,1431,False,REWRITE,- Delivered product knowledge and gaming expertise to maximize customer satisfaction and holiday sales.,GameStop,[generalist],40.0,50.0,60.0,30.0,FAIL,"The bullet is generic, lacks specific metrics or tools, and uses vague, subjective language like 'maximize customer satisfaction' which is unverifiable.",,0,,,,
0,1431,False,REWRITE,"- Supported store team with merchandising, restocking, and crowd management during high-traffic events.",GameStop,[mgmt],40.0,60.0,70.0,30.0,FAIL,The bullet uses the banned phrase 'Supported' and describes a series of general tasks rather than a specific outcome or system-level contribution.,,0,,,,
0,1431,False,REWRITE,"- Worked peak retail periods including Black Friday at one of Kansas City’s busiest malls, handling hundreds of daily transactions.",GameStop,[generalist],60.0,70.0,80.0,40.0,FAIL,The bullet opens with the banned phrase 'Worked' and describes a task rather than a system or outcome; it also lacks specific metrics or tools.,,0,,,,
